family,fraction_saturated,method,mean_crps_K_mean,mean_crps_K_std,mean_crps_K_count,fixed_top_01_crps_K_mean,fixed_top_01_crps_K_std,fixed_top_01_crps_K_count,excess_field_rel_l2_mean,excess_field_rel_l2_std,excess_field_rel_l2_count,peak_absolute_error_K_mean,peak_absolute_error_K_std,peak_absolute_error_K_count,hot_region_95_coverage_mean,hot_region_95_coverage_std,hot_region_95_coverage_count,pointwise_95_coverage_mean,pointwise_95_coverage_std,pointwise_95_coverage_count,mean_95_interval_width_K_mean,mean_95_interval_width_K_std,mean_95_interval_width_K_count,hot_region_95_interval_width_K_mean,hot_region_95_interval_width_K_std,hot_region_95_interval_width_K_count
Diagonal,0.03,physics mean + RBF,0.7390332601711967,0.001971131972582269,7,2.96935255218661,0.16244029062160123,7,0.4260675287136736,0.022203863607795752,7,5.190468884043663,1.900401077572237,7,0.9285714285714286,0.012840790433533408,7,0.9977723196435713,0.0003902039476003601,7,11.457001132418714,0.022159530911489016,7,12.112932175683728,0.1042946708340492,7
Diagonal,0.03,physics mean + space-time,0.7341481849903292,0.002272485438164033,7,2.9878295493332834,0.09811926922817854,7,0.43326198973793145,0.02503060449202286,7,5.1923507977042505,1.9242827981151422,7,0.9285714285714286,0.021294041939807558,7,0.9977723196435713,0.0006870249444096135,7,11.360628871362463,0.017285545994038774,7,12.053068535297593,0.13103865919657764,7
Diagonal,0.03,physics mean + advective space-time,0.7187161491754595,0.009164789716950911,7,2.861568852903115,0.15446218755857555,7,0.4202162023408113,0.03212091116828192,7,5.276416496250079,2.1249593352589264,7,0.9323308270676691,0.015986655165630494,7,0.9979436796709888,0.00048579999703637905,7,11.132183729591654,0.1621575238195104,7,11.869503363755115,0.24425709493731304,7
Diagonal,0.03,physics mean + forced space-time,0.6006818448169456,0.004160078268851203,7,2.786871490017423,0.16300872390237242,7,0.4453910287551985,0.03511162120511767,7,5.124171227007041,2.1707126850457863,7,0.9172932330827067,0.009946433500242859,7,0.9974867195978752,0.00030225067813613243,7,9.088573264078947,0.020040031181368503,7,10.118066179695106,0.23795107493281875,7
Horizontal,0.03,physics mean + RBF,0.7362247918209057,0.0023387487475445895,11,2.730550019905021,0.07356044722683266,11,0.52488141862212,0.06387294989303448,11,12.475994710199389,1.6175217755032119,11,0.9461722488038279,0.010936965981495081,11,0.9983642906473775,0.00033235082550725975,11,11.448230956843723,0.012845457182830774,11,12.206765643065411,0.13062029901393502,11
Horizontal,0.03,physics mean + space-time,0.7303225537738666,0.002508878887814123,11,2.6446538120799477,0.11238993806236929,11,0.5236006391104616,0.06350444354834203,11,12.42712846082455,1.6024715642503653,11,0.9425837320574164,0.008871050821884701,11,0.9982188942604776,0.0002749106961024875,11,11.351875694522752,0.013600816859922166,11,12.17927462599714,0.13893354294233265,11
Horizontal,0.03,physics mean + advective space-time,0.7210897384762581,0.002533851123207531,11,2.686854129687315,0.05707322738662651,11,0.5247306012334779,0.06120974051135493,11,12.257447895486662,1.5764717302363418,11,0.9461722488038279,0.009219066444017956,11,0.9983279415506524,0.00030018280429011787,11,11.194413767382782,0.013508296689974044,11,11.91339336916282,0.1488007761164534,11
Horizontal,0.03,physics mean + forced space-time,0.5964806152320296,0.0035735834853763654,11,2.504730951136759,0.23229265890712364,11,0.5445176620869852,0.0688836161850155,11,12.28427476774378,1.6890154429526607,11,0.9401913875598087,0.006871486419303803,11,0.9981098469703028,0.0003143724082794595,11,9.073425208325494,0.013931799020635864,11,10.093498239290177,0.16758878107906688,11
Spiral,0.03,physics mean + RBF,0.7343714896568073,0.0018827044987131298,12,2.540936871286395,0.12089496101372804,12,0.35873085229255786,0.0321906482133714,12,5.124625298080332,2.1132957368669056,12,0.9320175438596491,0.013550753961695767,12,0.997834199653472,0.0004332765571574562,12,11.460940818028876,0.013191521590491877,12,12.104682032278385,0.10359739160738454,12
Spiral,0.03,physics mean + space-time,0.7307309810840267,0.002705337122133832,12,2.6139235895300397,0.1127381814728962,12,0.373131954540538,0.03561743590445782,12,5.126401717173057,2.1118083970909156,12,0.9298245614035089,0.011679281113139497,12,0.9977675596428096,0.0004332765571574631,12,11.362017746314711,0.011186291339304655,12,11.970387333665803,0.08190091612732137,12
Spiral,0.03,physics mean + advective space-time,0.7143838139739599,0.003133870458483176,12,2.5884529437722636,0.08941971848270447,12,0.3759774222125223,0.03431206981544123,12,5.182875283439486,2.143773186442746,12,0.9221491228070176,0.014258219334879403,12,0.9975676396108223,0.0004656138156263004,12,11.081236670675905,0.057833553259664244,12,11.61577051280566,0.07511226373441171,12
Spiral,0.03,physics mean + forced space-time,0.5985226522143419,0.004576004588214065,12,2.4986706544371056,0.10728494700486889,12,0.3927675428783577,0.04368911876525783,12,5.106871842079504,2.1421719438951503,12,0.913377192982456,0.01043370343550999,12,0.9972011195521792,0.0005114771284020845,12,9.090610715159102,0.012229753710879641,12,9.943774735027048,0.1599417106242871,12
Diagonal,0.03,physics mean + advective forced space-time,0.5729129080744134,0.015945841617747213,7,2.6675665831781865,0.2866319571731883,7,0.4177820211256468,0.04067589580183996,7,5.181310204383968,2.5460225444189524,7,0.9210526315789475,0.020099016205946726,7,0.9976009596161537,0.0006107657863462092,7,8.703209789216592,0.27869411845193554,7,9.767323040273055,0.4260654022465016,7
Horizontal,0.03,physics mean + advective forced space-time,0.5799708432549814,0.0031352925533034703,11,2.586975423386725,0.1581804480920292,11,0.5292173511940917,0.06757437334583949,11,12.049902695764073,1.6363590821182632,11,0.9354066985645934,0.007096840657507851,11,0.998000799680128,0.0002528810603893235,11,8.830960624285378,0.015545359939927337,11,9.63320782748557,0.1470523210411371,11
Spiral,0.03,physics mean + advective forced space-time,0.5662446908712627,0.007019935438064134,12,2.4546276766468345,0.1452313457289881,12,0.38666112017793974,0.0376824332199114,12,5.169270691465262,2.1032853865063093,12,0.9111842105263156,0.00817870474352708,12,0.9971011595361855,0.00045509011033941806,12,8.55838195457593,0.12757745861881775,12,9.178846510048217,0.2480933754514505,12
Diagonal,0.03,physics mean + advective forced + source amplitude,0.5720476291929948,0.01608295051173867,7,2.5866263069680073,0.28825857535285937,7,0.4182801178973673,0.04037242755142461,7,5.233882600516471,2.4767410607487137,7,0.9398496240601505,0.025031308716087976,7,0.9981721597075456,0.0007606475259587058,7,8.719741100169378,0.2793723874886385,7,10.314414062914125,0.40323449763729674,7
Horizontal,0.03,physics mean + advective forced + source amplitude,0.579754895683603,0.0031243423771281508,11,2.5660882118187636,0.15832544102368915,11,0.5292173511940917,0.06757437334583949,11,12.049902695764073,1.6363590821182632,11,0.9366028708133972,0.007934509067835918,11,0.9980371487768529,0.00028014756087381187,11,8.832746695899395,0.01553902247395332,11,9.691983684152065,0.14781275822820417,11
Spiral,0.03,physics mean + advective forced + source amplitude,0.5653209262101734,0.006945035024534898,12,2.3702068841604262,0.1364191438334416,12,0.3864838720460084,0.03756764783083503,12,5.155878596085425,2.0905924683098407,12,0.9298245614035089,0.006478499525228165,12,0.9976675996268161,0.0004117782091518739,12,8.577254315162923,0.12932388571843131,12,9.788884397130145,0.2738327051127132,12
