trajectory,family,run_index,role,method,field_excess_rel_l2,overall_rmse_K,overall_mae_K,overall_signed_error_K,overall_crps_K,top_1pct_rmse_K,top_1pct_mae_K,top_1pct_signed_error_K,top_1pct_crps_K,top_1pct_coverage_95,top_1pct_interval_width_95_K,peak_absolute_error_K,mean_posterior_sd_K
DiagonalScanPath_1,Diagonal,1,evaluation,Observed-clipped previous state + ST innovation,0.4446756354517417,0.5472566668050421,0.18516518030717816,0.009478459531391112,0.2180916330559698,4.921901625980771,3.9594110430228784,-3.263325425238936,3.5779401853649246,0.04,2.5847593595233955,6.0701142223208535,0.6579609988031162
DiagonalScanPath_1,Diagonal,1,evaluation,Posterior-mean previous state + ST innovation,0.40074009704771135,0.4931857567205522,0.17936134913331891,0.04515747356466033,0.21075509769012687,4.305036010250912,3.0237103522688447,-2.210353304130599,2.6992792749348395,0.36,2.650554007169744,7.178980968655139,0.6583953771263871
DiagonalScanPath_1,Diagonal,1,evaluation,Moment-matched sequential advective ST,0.4004184126327444,0.4927898637894743,0.1797150422379106,0.04618296196449793,0.21067175063430674,4.288794185758564,3.0073982601425926,-2.1792183481292953,2.646165831175063,0.32,3.0723925013817235,7.204528689729102,0.6629033345875804
DiagonalScanPath_1,Diagonal,1,evaluation,Posterior-sample mixture sequential advective ST,0.40105933566905416,0.49357863964442555,0.17969422261571186,0.04593834090020859,0.21014586445232863,4.298791325971757,3.017642833032269,-2.198850586132721,2.6585181862166882,0.36,3.141126800898005,7.182399741392146,0.663570976371033
DiagonalScanPath_1,Diagonal,1,evaluation,Oracle true previous state + fixed clipped-calibrated source,0.5697706800387721,0.701209552181772,0.07837707633808139,0.028401004100866097,0.18233492659884232,6.969894790019122,2.73873038210123,2.7369990540844267,2.5929066497692794,0.76,2.697636880010043,17.632773411617336,0.6580407905687441
DiagonalScanPath_1,Diagonal,1,evaluation,Oracle true previous state + dev-calibrated source,0.3876297318785406,0.47705099652441824,0.07061366232229674,0.007944287958538052,0.174662149841175,4.693144113063583,1.8821055355665772,0.8229938678101303,1.764333709875211,0.84,2.697636880010043,5.3575088097998105,0.6580407905687441
DiagonalScanPath_2,Diagonal,2,evaluation,Observed-clipped previous state + ST innovation,0.4741420694145166,0.5687530391983925,0.19636065232908395,0.022762541274296673,0.22100312185201237,5.214396766233545,4.312510040353115,-3.647650361666217,3.943731507550017,0.08,2.6865015831627375,4.15462913324626,0.6576942420071075
DiagonalScanPath_2,Diagonal,2,evaluation,Posterior-mean previous state + ST innovation,0.43515150874576813,0.5219822476763841,0.18760012542977514,0.04383276035427724,0.2127820150350421,4.75845272897835,3.725265542454879,-2.8684697590866133,3.350844078678159,0.12,2.6865015831627375,3.32640331151822,0.6576942420071075
DiagonalScanPath_2,Diagonal,2,evaluation,Moment-matched sequential advective ST,0.43516959740266803,0.5220039457691088,0.18761155763572449,0.043674896053376905,0.2125763998862669,4.758977251824033,3.7265361139470814,-2.8697914733396463,3.31844472943282,0.24,2.957902356410054,3.32165691731916,0.6600748546608661
DiagonalScanPath_2,Diagonal,2,evaluation,Posterior-sample mixture sequential advective ST,0.43519044702974546,0.5220289557598506,0.18784049903969846,0.04400977181917255,0.21215732428285944,4.7570316034254,3.723570552789279,-2.8659003996739103,3.310179399931213,0.2,2.9266186809277337,3.316803826118303,0.6601968024849122
DiagonalScanPath_2,Diagonal,2,evaluation,Oracle true previous state + fixed clipped-calibrated source,0.6406828699045094,0.7685256232810074,0.08631120512617037,0.04546424980154446,0.1843554224866361,7.634673612356619,2.8564345355634213,2.8564345355634213,2.7106134268448687,0.76,2.6502759547662116,34.20600600221775,0.6577163490131889
DiagonalScanPath_2,Diagonal,2,evaluation,Oracle true previous state + dev-calibrated source,0.3396276246041014,0.40739739447258455,0.0752479485416361,0.02539510086950286,0.173515111883767,3.981864917157854,1.7618882985414006,0.9768949540862354,1.6412470427513972,0.8,2.6502759547662116,13.399254612281709,0.6577163490131889
DiagonalScanPath_3,Diagonal,3,evaluation,Observed-clipped previous state + ST innovation,0.4670288736089977,0.5878162322921376,0.18837713381155297,0.009561412980534395,0.21944809724894274,5.415924882140937,4.231618976278305,-3.6051488162530494,3.851636841414431,0.08,2.6248018083840634,5.079182759676598,0.6581595759618396
DiagonalScanPath_3,Diagonal,3,evaluation,Posterior-mean previous state + ST innovation,0.42244547889147405,0.5317022646414167,0.1835772106678072,0.03255495928023672,0.21296746580776904,4.8020231984517885,3.4047282882968353,-2.4304377902084955,3.1063783946935,0.36,2.598381725977076,6.949524015160478,0.658173803381235
DiagonalScanPath_3,Diagonal,3,evaluation,Moment-matched sequential advective ST,0.4305276571609481,0.5418747311580223,0.18446721944089187,0.027298188646991038,0.21273780380177687,4.927168201271908,3.548329712841687,-2.684161948224755,3.153221778509744,0.44,3.34441316579931,6.292863310894859,0.6635976345941629
DiagonalScanPath_3,Diagonal,3,evaluation,Posterior-sample mixture sequential advective ST,0.43109330087059156,0.542586666914056,0.18474491754279426,0.026122868428882232,0.21320532522788946,4.937836855056334,3.586866258671155,-2.723805021834835,3.1825209321521526,0.44,3.1503082576984163,6.289202403432455,0.661971063216108
DiagonalScanPath_3,Diagonal,3,evaluation,Oracle true previous state + fixed clipped-calibrated source,0.6049679835206577,0.7614304400121651,0.08277631297998259,0.030994435733754065,0.18432568799820787,7.562607099755482,2.8274206215522075,2.8274206215522075,2.6926327396587495,0.72,2.7146385259358135,34.03413484414551,0.6584181089038177
DiagonalScanPath_3,Diagonal,3,evaluation,Oracle true previous state + dev-calibrated source,0.389951726721589,0.49080467553533647,0.07450205514134892,0.01073128141581301,0.1760566967857086,4.8321586933904035,2.0020689991633547,0.9724512950420034,1.879082658666712,0.8,2.7146385259358135,18.26430057136423,0.6584181089038177
DiagonalScanPath_4,Diagonal,4,evaluation,Observed-clipped previous state + ST innovation,0.4398136882171531,0.5925028010426098,0.19031958077853803,0.01546784254102005,0.21960919215815847,5.515392312953206,4.363882186513559,-3.6118164030502453,3.9875763248206755,0.04,2.704360599378674,7.423465270860845,0.6578175780505755
DiagonalScanPath_4,Diagonal,4,evaluation,Posterior-mean previous state + ST innovation,0.38632157496837466,0.5204399531079155,0.1873602291760138,0.05479643870417189,0.21339236904310271,4.574496053813102,3.183703007662,-2.0779640147210032,2.8392424614382548,0.4,2.6339470259264974,10.161652714386378,0.6579468150401352
DiagonalScanPath_4,Diagonal,4,evaluation,Moment-matched sequential advective ST,0.3837416607688672,0.5169643759928554,0.1884640572082463,0.06020004658092466,0.21290663378858946,4.474709700904035,3.0464586654690926,-1.822237965604179,2.6497929124397377,0.48,4.049162806637794,10.707045138751937,0.6656761481098267
DiagonalScanPath_4,Diagonal,4,evaluation,Posterior-sample mixture sequential advective ST,0.3835388154844162,0.5166911093746591,0.1887006199052554,0.0616774297811509,0.21307583320074236,4.450061735990607,3.007732368415018,-1.7637090065186294,2.597214359859835,0.48,4.158159579936587,10.793420562262895,0.6661124621257726
DiagonalScanPath_4,Diagonal,4,evaluation,Oracle true previous state + fixed clipped-calibrated source,0.5360223833435304,0.7221120489450713,0.07933596561004365,0.03644406999439729,0.18357419721763552,7.176566619940038,2.8359627219662933,2.8359627219662933,2.6772681125182207,0.76,2.7112378189224726,22.037839362502268,0.6580762437621138
DiagonalScanPath_4,Diagonal,4,evaluation,Oracle true previous state + dev-calibrated source,0.37336298976181803,0.5029825654955429,0.07202637412824059,0.015801709109559234,0.17613528035777481,4.954834507810555,2.0387637432881864,0.8815981818521322,1.8909623409948322,0.84,2.7112378189224726,10.542492208508008,0.6580762437621138
DiagonalScanPath_5,Diagonal,5,evaluation,Observed-clipped previous state + ST innovation,0.4354913160272929,0.6031226418626269,0.19882574907280487,0.0037604788367948463,0.22138051408804896,5.593132892219499,4.347763929656669,-3.757266672643898,3.947314869332167,0.08,2.712756546211383,2.95323285435137,0.6580563835966042
DiagonalScanPath_5,Diagonal,5,evaluation,Posterior-mean previous state + ST innovation,0.38700415208852684,0.5359715751595145,0.18985275822447434,0.03528413743197084,0.21233315525981783,4.834899164877065,3.2932204218210335,-2.5943903517369744,2.9256014785639475,0.32,2.6914089595380073,1.8349379917599435,0.6587276723720318
DiagonalScanPath_5,Diagonal,5,evaluation,Moment-matched sequential advective ST,0.38594961139908396,0.5345111158043881,0.19011780227619873,0.036901057435749514,0.21131615456198466,4.808100642837937,3.2421420544466084,-2.536407899334954,2.8302279321396075,0.56,3.579036166521848,1.7729493078282417,0.6653069718259097
DiagonalScanPath_5,Diagonal,5,evaluation,Posterior-sample mixture sequential advective ST,0.3851912633868772,0.5334608609778492,0.1902305262081646,0.03782113963472091,0.2116311040681396,4.791057903602241,3.205991692708981,-2.4964348600553556,2.791705887108415,0.56,3.494142715675662,1.7460813991175428,0.6653060145977295
DiagonalScanPath_5,Diagonal,5,evaluation,Oracle true previous state + fixed clipped-calibrated source,0.5518496400756872,0.7642701486440868,0.09020209085535849,0.03473232159054445,0.1859841598924043,7.591119914463855,2.9802146156345337,2.9745581688378366,2.822885700592289,0.76,2.6514245113102493,32.99138916922237,0.6583558727874522
DiagonalScanPath_5,Diagonal,5,evaluation,Oracle true previous state + dev-calibrated source,0.26715444540854927,0.3699887666417924,0.07709941043676644,0.01395706976203522,0.17313018523212237,3.594103859459322,1.6759338615001798,1.0040360750606487,1.548259642937911,0.8,2.6514245113102493,9.708301667064177,0.6583558727874522
DiagonalScanPath_6,Diagonal,6,evaluation,Observed-clipped previous state + ST innovation,0.43331476245862777,0.6232926349059442,0.19578204281838119,0.0018915391092796485,0.22492259234290898,5.8034998179339645,4.675853628190575,-3.9240838056394343,4.312725258615331,0.08,2.651801888528396,3.156448141936494,0.6581868198807155
DiagonalScanPath_6,Diagonal,6,evaluation,Posterior-mean previous state + ST innovation,0.3927479491305898,0.5649401434618417,0.18826334530243038,0.03818655502562833,0.21675412249451848,5.177110573673133,3.8586097388184157,-2.6539599905145703,3.49110177377175,0.16,2.6612676807567937,1.3180093934886372,0.6585452681909225
DiagonalScanPath_6,Diagonal,6,evaluation,Moment-matched sequential advective ST,0.3938924903231856,0.5665864850072893,0.18902880013503648,0.039755162615048335,0.21649366906856712,5.179413415043111,3.84997207094485,-2.620128286357012,3.397738199080501,0.32,3.6262786093884074,1.2384002253228914,0.6677824825283009
DiagonalScanPath_6,Diagonal,6,evaluation,Posterior-sample mixture sequential advective ST,0.39636194439234096,0.5701386200068211,0.18990338662354045,0.03864840930845239,0.2170188531896326,5.21611139613144,3.9106776588196728,-2.7108104250900533,3.4996991865827103,0.28,3.8436729060487256,1.235707490876564,0.6700356882802098
DiagonalScanPath_6,Diagonal,6,evaluation,Oracle true previous state + fixed clipped-calibrated source,0.5431524995901281,0.7812864503032116,0.07696586448952952,0.039998278713309084,0.1845481021390353,7.781653879833992,2.982721084621146,2.9778055205517444,2.8566337910541346,0.72,2.686710878748613,34.67163173385268,0.6584962956153019
DiagonalScanPath_6,Diagonal,6,evaluation,Oracle true previous state + dev-calibrated source,0.32330766412300255,0.4650552053964526,0.06701663609073244,0.019329568735789615,0.174732090008023,4.59210176084728,1.9577847157615202,0.9611024551936702,1.855758684899375,0.76,2.686710878748613,16.487114502745555,0.6584962956153019
DiagonalScanPath_7,Diagonal,7,evaluation,Observed-clipped previous state + ST innovation,0.42629895245422206,0.6487122902079465,0.198748295489502,-0.00871870717912966,0.22659807544482702,6.066612037982045,4.975983774740457,-4.376042546828002,4.609413548163733,0.04,2.6222254786251344,7.499265348905681,0.6578609930311622
DiagonalScanPath_7,Diagonal,7,evaluation,Posterior-mean previous state + ST innovation,0.38382688388633174,0.5840812309197965,0.1921659464837025,0.014269704446166957,0.22036575450441925,5.39556531063045,4.345531944772395,-3.5595540083539365,3.9652669706236647,0.04,2.6694509377430222,8.611966014765756,0.6581465760199664
DiagonalScanPath_7,Diagonal,7,evaluation,Moment-matched sequential advective ST,0.38425864446168845,0.5847382543303601,0.19245786790746813,0.013012504346017752,0.21939663827904418,5.401196660336738,4.351261953120809,-3.5745505070536208,3.8997866302558033,0.04,2.975623961802248,8.55679648789885,0.6611977710488672
DiagonalScanPath_7,Diagonal,7,evaluation,Posterior-sample mixture sequential advective ST,0.38479267486121643,0.5855509048928915,0.19278684330317405,0.012503772537922687,0.22012722965348636,5.4076972312695535,4.3590834356828125,-3.5885471956096056,3.9128492050366135,0.04,3.029782314785641,8.525178845350808,0.6607737440160903
DiagonalScanPath_7,Diagonal,7,evaluation,Oracle true previous state + fixed clipped-calibrated source,0.500473527407634,0.7615860331909202,0.08065587954588317,0.03202152713390712,0.18389236027472097,7.5749602286911,2.8724484931532173,2.871790412751909,2.773438681776365,0.76,2.7109339515581223,32.883055709659345,0.6582807272345734
DiagonalScanPath_7,Diagonal,7,evaluation,Oracle true previous state + dev-calibrated source,0.3424718331997997,0.5211499722618086,0.07284937082428657,0.011096993037879975,0.17592717669208058,5.149065958845334,2.073834623237599,0.9169928649010944,1.9745653319573102,0.8,2.7109339515581223,19.30991628035622,0.6582807272345734
DiagonalScanPath_8,Diagonal,8,development,Observed-clipped previous state + ST innovation,0.4220808536818568,0.6750918393950541,0.2129387213445938,-0.0012527329850441475,0.23367100402149046,6.29345719324477,5.186745867175616,-4.728803324703547,4.804088152696496,0.0,2.6195011820951732,5.724281780900867,0.6579403073120873
DiagonalScanPath_8,Diagonal,8,development,Posterior-mean previous state + ST innovation,0.3735719751025212,0.5975049320964853,0.20548932647461182,0.04078135068456312,0.22458195770400116,5.367033028531372,3.959389422210354,-3.2375965849844786,3.6121507528426817,0.28,2.7862020795695206,8.254771921416761,0.6584466608144847
DiagonalScanPath_8,Diagonal,8,development,Moment-matched sequential advective ST,0.3727657478395237,0.596215422181028,0.2052094587142643,0.04206417319743539,0.22305992161811075,5.346103860943078,3.905669370877124,-3.1783510437652036,3.4728819616531528,0.4,3.9459056588079964,8.249947600270048,0.666665760683039
DiagonalScanPath_8,Diagonal,8,development,Posterior-sample mixture sequential advective ST,0.3732701092406944,0.5970221165929305,0.2052065602153481,0.04130239830530415,0.22237800184842318,5.361278038035387,3.922921094978078,-3.214728121376743,3.456813272584313,0.4,4.090489879727861,8.157165231977956,0.6682024391430638
DiagonalScanPath_8,Diagonal,8,development,Oracle true previous state + fixed clipped-calibrated source,0.4523102433726085,0.7234418512757201,0.08305755295302425,0.03347100241443277,0.18439915116408606,7.182546840380266,2.7682914793887905,2.765568924156487,2.658957531504236,0.8,2.760332838663869,20.047502308499872,0.6583411265008452
DiagonalScanPath_8,Diagonal,8,development,Oracle true previous state + dev-calibrated source,0.306964977236172,0.4909712186765699,0.07457189730275932,0.012881320912622875,0.1758833130952257,4.824983312439108,1.8851995031557136,0.8790316936587124,1.7802258984645756,0.84,2.760332838663869,10.137003306926601,0.6583411265008452
HorizontalScanPath_1,Horizontal,1,evaluation,Observed-clipped previous state + ST innovation,0.6316934144313293,0.5485463951603072,0.18503948030207212,0.013648475732516974,0.21584352148088676,4.9930294479489215,3.8636629913236287,-3.8636629913236287,3.4796758550292965,0.04,2.6197893197046347,13.467697810915126,0.6575144304628701
HorizontalScanPath_1,Horizontal,1,evaluation,Posterior-mean previous state + ST innovation,0.5528430202220639,0.48007473072258383,0.1775164072274025,0.04833325095358878,0.20723283122668437,4.173299591442561,2.764995559649726,-2.764995559649726,2.4400200946538835,0.4,2.6197893197046347,12.877555826107255,0.6575144304628701
HorizontalScanPath_1,Horizontal,1,evaluation,Moment-matched sequential advective ST,0.552601087498723,0.4798646425370367,0.17752798501357311,0.048528434778012615,0.20602675995343722,4.16866355250093,2.758338910757368,-2.758338910757368,2.3641109011317227,0.52,3.55866272703307,12.872491994261225,0.6650974065937311
HorizontalScanPath_1,Horizontal,1,evaluation,Posterior-sample mixture sequential advective ST,0.552513664021694,0.4797887262268756,0.17752409518169346,0.0485824259837892,0.20595125293978878,4.167302181950858,2.7562323619244147,-2.7562323619244147,2.3857159528055853,0.56,3.5607166766847036,12.872147184730409,0.6652001660014737
HorizontalScanPath_1,Horizontal,1,evaluation,Oracle true previous state + fixed clipped-calibrated source,0.6727961080812578,0.584238922449584,0.07319140972583478,0.029169498805768274,0.17650489820014922,5.791854321822132,2.213944055514678,2.213944055514678,2.0808280941483086,0.76,2.6197893197046347,25.753786506262998,0.6575144304628701
HorizontalScanPath_1,Horizontal,1,evaluation,Oracle true previous state + dev-calibrated source,0.512389851579008,0.4449462343270074,0.06800359676566138,0.02398168584559488,0.17139961565801873,4.382242058604304,1.694955246978932,1.694955246978932,1.5700956286335712,0.8,2.6197893197046347,19.61589814848179,0.6575144304628701
HorizontalScanPath_2,Horizontal,2,evaluation,Observed-clipped previous state + ST innovation,0.6346093053982317,0.5555781125222249,0.19661994437139968,0.0015726480082532005,0.21958104819565433,5.011659547996352,3.918914779710135,-3.918914779710135,3.5483182209003896,0.0,2.658976991218724,13.664029285091601,0.6576937353011829
HorizontalScanPath_2,Horizontal,2,evaluation,Posterior-mean previous state + ST innovation,0.5664645305675224,0.4959197604359133,0.18323751106724565,0.02956660508557204,0.2076673076564278,4.4149712286686595,2.989950879180833,-2.8949009469944893,2.6538781627358263,0.36,2.6589769912187307,13.410793224628378,0.6576937353011829
HorizontalScanPath_2,Horizontal,2,evaluation,Moment-matched sequential advective ST,0.5670109546833734,0.4963981355185645,0.1832593072415583,0.029210693965716534,0.2072228081677215,4.421856286394317,2.9993299003998777,-2.9095575150436956,2.600336487208848,0.52,3.7868353249628695,13.413258283435312,0.6646157021364962
HorizontalScanPath_2,Horizontal,2,evaluation,Posterior-sample mixture sequential advective ST,0.5668873042764069,0.49628988393900086,0.18331331075611365,0.029356975631561665,0.20764992151781939,4.419492610613115,2.9971242243192044,-2.906726760823399,2.5965935878387523,0.52,3.7452437815301325,13.408802306737755,0.664581352197674
HorizontalScanPath_2,Horizontal,2,evaluation,Oracle true previous state + fixed clipped-calibrated source,0.6442023156054125,0.5639764553435099,0.07785453137207402,0.018201566632714286,0.17796874075836597,5.573686779111433,2.1626130594628172,2.1626130594628172,2.042952679497529,0.8,2.6690254214022957,20.817663905227278,0.657741565823324
HorizontalScanPath_2,Horizontal,2,evaluation,Oracle true previous state + dev-calibrated source,0.4889500408962434,0.4280585527631574,0.07270313519862985,0.013050170459270117,0.17299835414923947,4.197641943047594,1.6728084254809414,1.6728084254809414,1.5650070517755095,0.84,2.6690254214022957,15.823384746244187,0.657741565823324
HorizontalScanPath_3,Horizontal,3,evaluation,Observed-clipped previous state + ST innovation,0.6172671473078494,0.5579381989281627,0.19454904166519207,-0.0026031213863065635,0.21884771027570418,5.085876623061924,4.017406147879026,-4.017406147879026,3.6298679209566207,0.0,2.6404355303425495,10.16879006972016,0.6575144304628701
HorizontalScanPath_3,Horizontal,3,evaluation,Posterior-mean previous state + ST innovation,0.5634378626695374,0.5092827435849147,0.18449034579431137,0.018498200344534418,0.20965162707201604,4.628312795273699,3.414221232369225,-3.414221232369225,3.0433157416788315,0.2,2.6404355303425495,9.66556536529697,0.6575144304628701
HorizontalScanPath_3,Horizontal,3,evaluation,Moment-matched sequential advective ST,0.5634768825808204,0.5093180130774163,0.18449643502514265,0.01847133034754368,0.20946597803079509,4.62868828228331,3.4149280619650404,-3.4149280619650404,3.0028771585342144,0.28,3.0289318220717885,9.66582196528526,0.6610659300400248
HorizontalScanPath_3,Horizontal,3,evaluation,Posterior-sample mixture sequential advective ST,0.5634932447982576,0.5093328026319343,0.18450136395732897,0.018460298147669522,0.2092764991171404,4.628783885230582,3.4153220360108913,-3.4153220360108913,3.011698651035238,0.28,3.055451016883171,9.66679091552561,0.6610727060065621
HorizontalScanPath_3,Horizontal,3,evaluation,Oracle true previous state + fixed clipped-calibrated source,0.668291909288194,0.6040586897467894,0.08041482136822002,0.031601250316715665,0.17844230301741576,5.966342325026317,2.151068430571911,2.1284631147985715,2.0442597854281375,0.84,2.6404355303425495,22.74731124374881,0.6575144304628701
HorizontalScanPath_3,Horizontal,3,evaluation,Oracle true previous state + dev-calibrated source,0.5096903039610869,0.4607011590418727,0.07501940306545737,0.026205832013953018,0.17334849739655878,4.520915371100129,1.6683317068893961,1.6457263911160567,1.5774720909169673,0.84,2.6404355303425495,16.701568308630783,0.6575144304628701
HorizontalScanPath_4,Horizontal,4,evaluation,Observed-clipped previous state + ST innovation,0.5789205296252006,0.5436134230954925,0.1869651314482157,0.004737819936137851,0.2140861881299713,4.952431564058493,3.819594503214116,-3.819594503214116,3.417437456219344,0.04,2.7162967293811926,13.409449877922611,0.6577683031497975
HorizontalScanPath_4,Horizontal,4,evaluation,Posterior-mean previous state + ST innovation,0.5204583067781112,0.48871668432505533,0.1769321535373211,0.030791231701233577,0.2043268450201381,4.4036344452596525,2.9956224614997766,-2.9956224614997766,2.640988579454789,0.28,2.6583931689467954,12.877512505604102,0.6578723177815355
HorizontalScanPath_4,Horizontal,4,evaluation,Moment-matched sequential advective ST,0.5212545029416299,0.48946432221273933,0.1770111072531191,0.03014949169496646,0.2040267309376168,4.414315890269519,3.012187013242476,-3.012187013242476,2.5936244930188086,0.44,3.3636492085981082,12.888934622796967,0.663429002426855
HorizontalScanPath_4,Horizontal,4,evaluation,Posterior-sample mixture sequential advective ST,0.521196643266022,0.48940999127315965,0.1768962245663203,0.029978978671097105,0.2039851496148529,4.414798413711702,3.012589360215645,-3.012589360215645,2.5892207153927638,0.44,3.41174818998064,12.889239860850182,0.6633813470346527
HorizontalScanPath_4,Horizontal,4,evaluation,Oracle true previous state + fixed clipped-calibrated source,0.6218307198298401,0.5839066139379809,0.07448612678286881,0.018774577750436876,0.1768691950940797,5.790077101927766,2.2041775337413743,2.2041775337413743,2.0819770572468133,0.8,2.653778053070155,25.75082820724913,0.6577730156632864
HorizontalScanPath_4,Horizontal,4,evaluation,Oracle true previous state + dev-calibrated source,0.4734314617756804,0.4445579045255148,0.06929723609683519,0.013585687064403254,0.17177133004609715,4.380381251180666,1.6850809095105705,1.6850809095105705,1.571986637846639,0.84,2.653778053070155,19.612633766626004,0.6577730156632864
HorizontalScanPath_5,Horizontal,5,evaluation,Observed-clipped previous state + ST innovation,0.5595629095156343,0.5458896592905974,0.19138318838155205,0.014097110399848616,0.21674953441793038,4.95987442625001,3.865415633115467,-3.865415633115467,3.4747319751765855,0.04,2.6429078920269604,13.528877761489582,0.6579772138151643
HorizontalScanPath_5,Horizontal,5,evaluation,Posterior-mean previous state + ST innovation,0.5159066252204605,0.503300142089726,0.1846030784784836,0.035427930916682976,0.20979195531658926,4.517019813551553,3.227613518157166,-3.227613518157166,2.8596618333774004,0.24,2.699612262470339,13.084444656501319,0.6580124054844424
HorizontalScanPath_5,Horizontal,5,evaluation,Moment-matched sequential advective ST,0.5153459235802975,0.5027531415253439,0.18466537855973963,0.03640653055924961,0.20903694611329363,4.5067111752561,3.208259304312894,-3.208259304312894,2.79881355242153,0.32,3.17288653484444,13.066495378142008,0.6630772938304723
HorizontalScanPath_5,Horizontal,5,evaluation,Posterior-sample mixture sequential advective ST,0.5151386518748879,0.5025509346264905,0.1847045366540886,0.03681840290315418,0.20817256049919788,4.502994217923581,3.204314836483686,-3.204314836483686,2.7821861944067,0.36,3.2349736609297155,13.060919779480741,0.6633693725649229
HorizontalScanPath_5,Horizontal,5,evaluation,Oracle true previous state + fixed clipped-calibrated source,0.5776835564399806,0.5635675175035715,0.07780815001334573,0.035367237457923376,0.17754675564722633,5.567076169586092,2.1423057754497608,2.1423057754497608,2.0298529279270556,0.8,2.6272683633489944,20.795431987973757,0.658079403990531
HorizontalScanPath_5,Horizontal,5,evaluation,Oracle true previous state + dev-calibrated source,0.4383616434871241,0.4276500177904778,0.0726538838755381,0.03021297132011575,0.17257023806325747,4.190182292066959,1.652280691363619,1.652280691363619,1.55164110865906,0.84,2.6272683633489944,15.800341158811932,0.658079403990531
HorizontalScanPath_6,Horizontal,6,evaluation,Observed-clipped previous state + ST innovation,0.5279357691200106,0.5408885272141768,0.18366152621686777,0.0049651215613161,0.21417015614507387,4.949197803919771,3.892556883823859,-3.892556883823859,3.497958385885305,0.0,2.7064704462079794,9.875817366427214,0.6579374654478245
HorizontalScanPath_6,Horizontal,6,evaluation,Posterior-mean previous state + ST innovation,0.4738052271682479,0.48542990738548614,0.17440274438629422,0.02172150134038936,0.20629701572498635,4.390170121380958,3.2143812742351794,-3.2143812742351794,2.842484378830091,0.16,2.6846960283116825,8.449149755706685,0.6580063316440865
HorizontalScanPath_6,Horizontal,6,evaluation,Moment-matched sequential advective ST,0.46939455457793033,0.48091102016294124,0.17404157174475746,0.02331530303150268,0.20547060333793843,4.333620623171927,3.1463364084589625,-3.1463364084589625,2.7351963011537026,0.36,3.097889009040318,8.33485550251595,0.6606453593497079
HorizontalScanPath_6,Horizontal,6,evaluation,Posterior-sample mixture sequential advective ST,0.46972928112088885,0.4812539591290622,0.17405304476663785,0.02325564166447996,0.20513246433205162,4.337390304610863,3.148145925363967,-3.148145925363967,2.7237681019477566,0.32,3.103735767684982,8.34583496581979,0.6610462664022365
HorizontalScanPath_6,Horizontal,6,evaluation,Oracle true previous state + fixed clipped-calibrated source,0.5903547134264122,0.6048389030571112,0.07636388069610799,0.02674417552806253,0.1785643098947355,5.980599540850235,2.178440348637157,2.167359233416876,2.0501300752632865,0.84,2.6514011790867107,22.710176010927853,0.6580564760419647
HorizontalScanPath_6,Horizontal,6,evaluation,Oracle true previous state + dev-calibrated source,0.450139833548144,0.46118388987760234,0.07096344620068955,0.02134374103264408,0.17339870169359303,4.534994501816075,1.6953553191387072,1.684274203918426,1.5812041212575823,0.84,2.6514011790867107,16.66335560546503,0.6580564760419647
HorizontalScanPath_7,Horizontal,7,evaluation,Observed-clipped previous state + ST innovation,0.5143197572237681,0.5491080796943186,0.19382228018891492,0.008730169080006416,0.2176023729481213,4.956066568652248,3.860464522904704,-3.860464522904704,3.463411471159978,0.04,2.68264922773267,13.233738919428674,0.6578893135939264
HorizontalScanPath_7,Horizontal,7,evaluation,Posterior-mean previous state + ST innovation,0.4374626814032596,0.4670524310011291,0.19288733826564894,0.04792608620606362,0.21425238501311844,3.7660209449940267,2.5138311421662434,-2.3376185195767425,2.21331436676385,0.48,2.645425613111463,10.619126563517284,0.6584588549702785
HorizontalScanPath_7,Horizontal,7,evaluation,Moment-matched sequential advective ST,0.4693342820420529,0.5010798102292184,0.19402798025644494,0.03264530899700615,0.21454280123131866,4.288328574565145,3.106829224296171,-2.957189067471095,2.6560923112047425,0.48,3.6615463672038415,11.312058345091145,0.6664259897496916
HorizontalScanPath_7,Horizontal,7,evaluation,Posterior-sample mixture sequential advective ST,0.45376649085780474,0.48445902169795957,0.193841110930097,0.04197916554026281,0.21373777075085054,4.033468606723794,2.8415058411713017,-2.6996804048962715,2.4326796179351846,0.44,3.303371143408799,11.041898170365755,0.663265967036094
HorizontalScanPath_7,Horizontal,7,evaluation,Oracle true previous state + fixed clipped-calibrated source,0.5475665547662282,0.5846036734336494,0.07932366017093566,0.02541863786753894,0.1780590385721132,5.782303142776443,2.1978146495195663,2.18830407536371,2.054425148768457,0.8,2.7161048590908354,25.734028945120144,0.6580283342728904
HorizontalScanPath_7,Horizontal,7,evaluation,Oracle true previous state + dev-calibrated source,0.417398904637546,0.44563155074814054,0.07412961485496034,0.020224592551563624,0.17297824752449384,4.3717164911429345,1.6782023561093957,1.6686917819535392,1.5461428123646161,0.84,2.7161048590908354,19.5940373629374,0.6580283342728904
HorizontalScanPath_8,Horizontal,8,evaluation,Observed-clipped previous state + ST innovation,0.502773155562087,0.5548761557254451,0.1956862370928637,0.01665653703239362,0.21994782866530893,5.004771030419384,3.9714715442515605,-3.9714715442515605,3.582819798291912,0.04,2.6260452256812257,13.42232111303747,0.6578914609447133
HorizontalScanPath_8,Horizontal,8,evaluation,Posterior-mean previous state + ST innovation,0.41821147288543703,0.4615512419224442,0.1862172585763976,0.05672964024056389,0.20876347552934632,3.840842959679745,2.542870046524913,-2.5106976825357106,2.2038874479181003,0.44,2.6880282658068357,12.278704694973442,0.6583768463952706
HorizontalScanPath_8,Horizontal,8,evaluation,Moment-matched sequential advective ST,0.4171544945508014,0.46038472762366084,0.1859893377731673,0.05782657530952864,0.20798979919857985,3.8256426792064313,2.5246387149889573,-2.4948931394028273,2.1010431746809806,0.72,3.7169273901358384,12.211238737773272,0.6662927805675202
HorizontalScanPath_8,Horizontal,8,evaluation,Posterior-sample mixture sequential advective ST,0.418285825063584,0.46163329930821284,0.1861530345580162,0.0578582781124367,0.20763221426104536,3.837196387510921,2.5393629456669533,-2.509970163912176,2.1283502662330314,0.68,3.7688214617780407,12.222249470485849,0.6673170808643911
HorizontalScanPath_8,Horizontal,8,evaluation,Oracle true previous state + fixed clipped-calibrated source,0.5112834989860231,0.5642684365000574,0.07853501819897306,0.03353619379197862,0.1774845386569954,5.577211442857533,2.1708788426908745,2.1708788426908745,2.037196720029564,0.8,2.767180429314369,20.82298097155865,0.6580316130716748
HorizontalScanPath_8,Horizontal,8,evaluation,Oracle true previous state + dev-calibrated source,0.38803460311739507,0.42824710604430916,0.07337535114152592,0.028376526734531483,0.17251600308121548,4.200224729739562,1.6804071334061745,1.6804071334061745,1.5583423107716303,0.84,2.767180429314369,15.825948605434462,0.6580316130716748
HorizontalScanPath_10,Horizontal,10,evaluation,Observed-clipped previous state + ST innovation,0.4733480375941827,0.5621187623730028,0.19695589487381884,-0.006952294672421821,0.2193252548455494,5.103383527457427,4.103622125440029,-4.103622125440029,3.6999569439056557,0.0,2.759139086927546,13.246474744353407,0.6580476960717259
HorizontalScanPath_10,Horizontal,10,evaluation,Posterior-mean previous state + ST innovation,0.39555356579529644,0.46973487412597387,0.18525367199268275,0.02578755731926918,0.2069858319013864,4.058899740831755,2.75238615561017,-2.75238615561017,2.3862921534765604,0.4,2.710080990214794,12.219890416725775,0.6582817014130748
HorizontalScanPath_10,Horizontal,10,evaluation,Moment-matched sequential advective ST,0.3924697352137855,0.46607270825187946,0.18561223000180815,0.029158928364428155,0.2034519155396055,3.9762591407518846,2.6347300034589964,-2.6347300034589964,2.1456214228556245,0.64,4.0464969833434905,12.128777878195592,0.667998446062625
HorizontalScanPath_10,Horizontal,10,evaluation,Posterior-sample mixture sequential advective ST,0.3926221766304006,0.4662537382206052,0.18557301512732086,0.029005302044673626,0.20428963797287453,3.9796938521184644,2.6436196185508036,-2.6436196185508036,2.12953268259705,0.76,4.30501364779831,12.13847904387751,0.6699237408905278
HorizontalScanPath_10,Horizontal,10,evaluation,Oracle true previous state + fixed clipped-calibrated source,0.4908008364036251,0.5828446234467519,0.07462571545510127,0.016384822852325558,0.17637494478116447,5.776377667961518,2.1621032834106724,2.1621032834106724,2.039618799099996,0.8,2.691293032704032,25.73430109425243,0.6581275089378458
HorizontalScanPath_10,Horizontal,10,evaluation,Oracle true previous state + dev-calibrated source,0.37332977393732725,0.44334327770586357,0.06942643907511324,0.011185546472337528,0.17128876546186977,4.36917280230656,1.6701937959540873,1.6701937959540873,1.5498921614879329,0.84,2.691293032704032,19.592395449346725,0.6581275089378458
HorizontalScanPath_11,Horizontal,11,evaluation,Observed-clipped previous state + ST innovation,0.46458631569059355,0.5660139184637504,0.19195720152734344,0.005519003316177374,0.22089474292049835,5.143342530353265,4.209967903540171,-4.209967903540171,3.8257985692724628,0.0,2.7044540080966133,13.435421907317107,0.6580663666107455
HorizontalScanPath_11,Horizontal,11,evaluation,Posterior-mean previous state + ST innovation,0.37151727304297166,0.4526262190470218,0.17853492721024244,0.04195034596772751,0.20689034967203312,3.84413751118353,2.6763431740228314,-2.6284513488542096,2.335468882712701,0.36,2.658189573907166,11.150889935295936,0.6581556329120999
HorizontalScanPath_11,Horizontal,11,evaluation,Moment-matched sequential advective ST,0.37209748255939434,0.45333309880397765,0.17905857920777743,0.043233308758486716,0.20578646367286765,3.836654799028029,2.6559318790886848,-2.600277656040571,2.2480249722511676,0.48,3.2931654937652297,11.08610662007652,0.6635078703024426
HorizontalScanPath_11,Horizontal,11,evaluation,Posterior-sample mixture sequential advective ST,0.3731142478020043,0.4545718423047886,0.1794910888340283,0.04381929387811504,0.20641108937152353,3.843178748141544,2.658433305030187,-2.600300213658627,2.2473910024354913,0.56,3.4069326628080603,11.119487374396954,0.6637306972448088
HorizontalScanPath_11,Horizontal,11,evaluation,Oracle true previous state + fixed clipped-calibrated source,0.4624804444440408,0.5634482974030661,0.07311575027948396,0.028472180343651038,0.17701564882731347,5.575502572129909,2.164324458764654,2.164324458764654,2.0388127220042676,0.8,2.7804109627618847,20.82333671364978,0.6582592679753121
HorizontalScanPath_11,Horizontal,11,evaluation,Oracle true previous state + dev-calibrated source,0.3505114432355267,0.42703443633981697,0.06795149584855689,0.023307925912723973,0.17202122560285513,4.201154327285833,1.6990299510617093,1.6990299510617093,1.5760174949756516,0.84,2.7804109627618847,15.824511289641976,0.6582592679753121
HorizontalScanPath_12,Horizontal,12,evaluation,Observed-clipped previous state + ST innovation,0.45411559676534097,0.5705612865631638,0.20454480063458752,0.0003861723895712304,0.2233066264371422,5.164671165417742,4.290348628254767,-4.290348628254767,3.886498389795483,0.0,2.658118749663602,9.87234614720262,0.6582404825468766
HorizontalScanPath_12,Horizontal,12,evaluation,Posterior-mean previous state + ST innovation,0.4083794461665988,0.5130973344022135,0.19663130425208414,0.019142004595879853,0.21526735811415287,4.552932697306116,3.5570578414422744,-3.5570578414422744,3.141193612504379,0.16,2.6625251778912773,8.376839456747518,0.6583068584515982
HorizontalScanPath_12,Horizontal,12,evaluation,Moment-matched sequential advective ST,0.40461258387733706,0.5083645619333171,0.1962975008985701,0.02045278842194189,0.21488987716610358,4.498838884622249,3.502239257077126,-3.502239257077126,3.06396986575243,0.2,3.020363922987649,8.282672346044535,0.6607933187333425
HorizontalScanPath_12,Horizontal,12,evaluation,Posterior-sample mixture sequential advective ST,0.4036979492963061,0.5072153939967712,0.19648345445658735,0.021640912565351854,0.21467273240605023,4.4809336563097295,3.480047303516526,-3.480047303516526,3.0439002566161792,0.2,3.1343849477617436,8.264886470194881,0.6616730168662504
HorizontalScanPath_12,Horizontal,12,evaluation,Oracle true previous state + fixed clipped-calibrated source,0.48384911784996637,0.6079191667261373,0.08524321655120748,0.030174327184646056,0.17933399093589233,5.995430730108157,2.2145042060712465,2.2145042060712465,2.065302122044592,0.84,2.6189298748436203,22.483186297949317,0.6582484806020945
HorizontalScanPath_12,Horizontal,12,evaluation,Oracle true previous state + dev-calibrated source,0.36984881562825206,0.4646865634693466,0.07983179976893458,0.024762910402373158,0.17414886753627506,4.552610771023551,1.7532626897851968,1.7532626897851968,1.608151241373144,0.84,2.6189298748436203,16.433686320635843,0.6582484806020945
HorizontalScanPath_13,Horizontal,13,development,Observed-clipped previous state + ST innovation,0.4494379982324825,0.5808698536316874,0.1995141495320073,-0.012334730151146512,0.22446266130456588,5.279618802687102,4.383026650230656,-4.383026650230656,3.9647711818536884,0.0,2.67305582770962,13.25444076895593,0.6577109791068709
HorizontalScanPath_13,Horizontal,13,development,Posterior-mean previous state + ST innovation,0.38893509617900707,0.5026737242471948,0.19118070305611573,0.03217441899059028,0.21433813920126826,4.26206269724142,2.8715720855792277,-2.81382249199733,2.542873711291419,0.32,2.7444854184968155,12.053503250555593,0.6579526780214497
HorizontalScanPath_13,Horizontal,13,development,Moment-matched sequential advective ST,0.38494094763300823,0.49751154283302446,0.18797778866457882,0.02279011911235473,0.20998323942735922,4.361103034684156,3.128410338475446,-3.128410338475446,2.659010097269018,0.44,3.8693417645587056,12.064646120459997,0.6676224312133554
HorizontalScanPath_13,Horizontal,13,development,Posterior-sample mixture sequential advective ST,0.38746233966722465,0.5007702806959183,0.18756315598283918,0.018597419006578738,0.21080781366650214,4.429582058399344,3.267762418126945,-3.267762418126945,2.8319878923398756,0.4,3.761001592896439,12.094127151907458,0.6657571944136796
HorizontalScanPath_13,Horizontal,13,development,Oracle true previous state + fixed clipped-calibrated source,0.45328189786864315,0.5858378479441677,0.0808893285138575,0.02219554078409723,0.17827255798167316,5.791798945495068,2.1693346510912694,2.1693346510912694,2.0608299516968898,0.8,2.742973608942041,25.76946197901316,0.6577814707775187
HorizontalScanPath_13,Horizontal,13,development,Oracle true previous state + dev-calibrated source,0.34562716382507513,0.44670099291060933,0.07568577376183896,0.016991986032078705,0.17315551014557456,4.384202803396032,1.6770922812682534,1.6770922812682534,1.5697396843039795,0.84,2.742973608942043,19.625977932510636,0.6577814707775187
SpiralScanPath_1,Spiral,1,evaluation,Observed-clipped previous state + ST innovation,0.4441562216060497,0.5230851297188172,0.17193775190516966,0.008787584717043198,0.21295073096940992,4.821726130461242,4.096893416302419,-3.3901068251370043,3.7211584693696453,0.0,2.5735904236751797,6.425249678514319,0.6582116373452401
SpiralScanPath_1,Spiral,1,evaluation,Posterior-mean previous state + ST innovation,0.39063549738140446,0.4600534899222122,0.16030859818204027,0.031823142412701594,0.20350929959519304,4.185027350328797,3.3145673561863624,-2.4570434896371807,2.9740384972131704,0.28,2.6093749304924088,7.471688843703362,0.6586676822943676
SpiralScanPath_1,Spiral,1,evaluation,Moment-matched sequential advective ST,0.381863840373897,0.44972306310295057,0.1602971797221124,0.03836815383940794,0.20231293090862265,4.044548352071216,3.139726890530337,-2.2032079263991453,2.753083984164236,0.32,3.5013860602021714,7.727357093524972,0.6639417219096388
SpiralScanPath_1,Spiral,1,evaluation,Posterior-sample mixture sequential advective ST,0.3831506612507191,0.45123855885091835,0.16027727580544537,0.037731782324549344,0.20275202602740428,4.064560486164126,3.159653883161318,-2.228177343774005,2.763634544680562,0.36,3.6961411216669378,7.687831101566928,0.6650904307574765
SpiralScanPath_1,Spiral,1,evaluation,Oracle true previous state + fixed clipped-calibrated source,0.5651013448408435,0.6655228405930865,0.07870645627591928,0.016511479419823717,0.18319339619587963,6.603293317294673,2.7880113465135015,2.7880113465135015,2.6216716902834203,0.72,2.7473598987519496,16.571628206661956,0.6588649551756194
SpiralScanPath_1,Spiral,1,evaluation,Oracle true previous state + dev-calibrated source,0.38304405270768727,0.4511130054063233,0.0703419214945719,-0.004319917690986895,0.17492757105321616,4.4362409707046515,1.9513921478131715,0.8685370219880042,1.7937808943390134,0.76,2.7473598987519496,2.9961656592197414,0.6588649551756194
SpiralScanPath_2,Spiral,2,evaluation,Observed-clipped previous state + ST innovation,0.4397723478828797,0.5077290191940997,0.1696265578548778,0.031718615034787914,0.21079919781307613,4.661434031883882,3.9273001596914243,-3.33656468279926,3.5557495241804644,0.0,2.5883402401066222,3.6245669700663825,0.658442213068344
SpiralScanPath_2,Spiral,2,evaluation,Posterior-mean previous state + ST innovation,0.42093784628843495,0.4859840798690288,0.16687488199549627,0.04145390607727581,0.208045199989305,4.435607363615736,3.6526404058313027,-3.040857304696815,3.2885433163732523,0.12,2.5985201532530913,3.244962938005699,0.6583791175221628
SpiralScanPath_2,Spiral,2,evaluation,Moment-matched sequential advective ST,0.4186414839766733,0.4833328677364835,0.16700985386585213,0.042801896479691466,0.20706687488370762,4.402880579483699,3.6143299429579203,-2.997928230403677,3.238114993557226,0.12,2.7851730788095437,3.1965140220901276,0.6593575370183852
SpiralScanPath_2,Spiral,2,evaluation,Posterior-sample mixture sequential advective ST,0.4163023661208131,0.4806322931768217,0.166448494977665,0.043098590777701964,0.20684118984358627,4.375026414240824,3.5726226179836247,-2.95618191351542,3.1689393164531863,0.16,2.8187868425231524,3.1952565191644453,0.659525358333565
SpiralScanPath_2,Spiral,2,evaluation,Oracle true previous state + fixed clipped-calibrated source,0.6268371846389961,0.7237004110952159,0.07858089378206877,0.04010322212561454,0.18380375029416904,7.189588482575368,2.871041543599481,2.8673273843870586,2.722342972352099,0.76,2.7033063518519476,32.34684371826938,0.6587506151942351
SpiralScanPath_2,Spiral,2,evaluation,Oracle true previous state + dev-calibrated source,0.31933030157876746,0.3686754330964052,0.06721156007778234,0.01960217499994289,0.1724441295950018,3.6078572951237096,1.780092782371928,0.9974821377993817,1.6294778724253114,0.76,2.7033063518519476,12.166271269968945,0.6587506151942351
SpiralScanPath_3,Spiral,3,evaluation,Observed-clipped previous state + ST innovation,0.41231716417577274,0.5287156788822995,0.18395848842015636,0.018922305844767937,0.21568898898423847,4.8345086568456965,4.040585356909812,-3.3322842428111903,3.65406517824291,0.08,2.666013518130612,6.5473058055736715,0.6581557683853287
SpiralScanPath_3,Spiral,3,evaluation,Posterior-mean previous state + ST innovation,0.394888026705868,0.5063662376016906,0.18161344094101048,0.02783308370683807,0.21240824564606087,4.597690908429953,3.7813207243507145,-3.0364559229182144,3.3833737664280195,0.08,2.6869139072351143,6.752088709206703,0.658220328533586
SpiralScanPath_3,Spiral,3,evaluation,Moment-matched sequential advective ST,0.3949927086239506,0.5065004715754239,0.18164264652127377,0.027447044395279223,0.2123729888198525,4.5996173662050674,3.7863444859267044,-3.0414420079322304,3.3736449554022205,0.12,2.7644811575404242,6.751654017326359,0.659202651178353
SpiralScanPath_3,Spiral,3,evaluation,Posterior-sample mixture sequential advective ST,0.3949007953124123,0.5063826108285754,0.181650206756468,0.027936631725808667,0.21237516387981753,4.59739457106246,3.7845920097085672,-3.0388606745071867,3.3681748638634073,0.16,2.7771668328725103,6.755718589766673,0.6592332427452148
SpiralScanPath_3,Spiral,3,evaluation,Oracle true previous state + fixed clipped-calibrated source,0.5419897089452761,0.6949952168133858,0.0825492320597397,0.02896880531113109,0.18375006352588882,6.893173175363889,2.7938001107645642,2.7938001107645642,2.614507654492572,0.72,2.7354752007833487,17.275479973179984,0.658524528384499
SpiralScanPath_3,Spiral,3,evaluation,Oracle true previous state + dev-calibrated source,0.3727888147333593,0.47802834416432755,0.07450911230700255,0.00795988358972176,0.175892700782353,4.698416752750631,2.0053813545406296,0.8830353729856529,1.8314969658270501,0.76,2.7354752007833487,6.674561227696415,0.658524528384499
SpiralScanPath_4,Spiral,4,evaluation,Observed-clipped previous state + ST innovation,0.40804086133207973,0.5208276340435232,0.17547198050065427,0.0033105375144066224,0.2138469142564445,4.779694517510668,4.059722583003906,-3.331587416529635,3.679974772844759,0.0,2.5348205327649724,4.393443159558615,0.6578711543850586
SpiralScanPath_4,Spiral,4,evaluation,Posterior-mean previous state + ST innovation,0.3710948015107827,0.4736692958782278,0.17518920311631805,0.03834259184830249,0.20994150050477128,4.093839437321349,3.092551330081026,-2.227687853817654,2.7557435477667944,0.32,2.6596660095872995,3.2811812666986384,0.6585881687016159
SpiralScanPath_4,Spiral,4,evaluation,Moment-matched sequential advective ST,0.36763041451249107,0.4692473159867018,0.17404190345059223,0.03672123047514925,0.208414593638356,4.075756487913377,3.081099785369945,-2.2259108437127613,2.723026222240674,0.36,3.1657222653711212,3.2980854368344694,0.6631388975663892
SpiralScanPath_4,Spiral,4,evaluation,Posterior-sample mixture sequential advective ST,0.3678597267616366,0.469540012546036,0.17381236414432205,0.036023868779224366,0.2080042881527399,4.086932679226952,3.0805870929170713,-2.2439533579620456,2.7310842511518754,0.36,3.0665283234376535,3.3369888321419694,0.6640406993945855
SpiralScanPath_4,Spiral,4,evaluation,Oracle true previous state + fixed clipped-calibrated source,0.5801149964014265,0.7404648643828552,0.07940948890407805,0.013656987009288182,0.1836627027218069,7.36807904925773,2.933756587621565,2.9328663891169615,2.760139662329575,0.68,2.7975288649065964,33.3204796019005,0.6583563790994115
SpiralScanPath_4,Spiral,4,evaluation,Oracle true previous state + dev-calibrated source,0.30653813276587627,0.39126848696321714,0.06869967747944698,-0.006782419376950417,0.17292526494740174,3.8392884709130914,1.8478369083962798,0.970580126560867,1.6794527268125534,0.72,2.7975288649065964,13.391145385039295,0.6583563790994115
SpiralScanPath_5,Spiral,5,evaluation,Observed-clipped previous state + ST innovation,0.40038828075932303,0.5393066831386413,0.18356333015069495,0.013652811627831893,0.2173223283384137,4.941890003290438,4.194519027625347,-3.4362125806912673,3.8010642212515453,0.0,2.6209834697549876,7.4077773552776875,0.6582768275540063
SpiralScanPath_5,Spiral,5,evaluation,Posterior-mean previous state + ST innovation,0.33780198478810813,0.45500549523634454,0.17617437763324958,0.051693122205459845,0.2081028213928623,3.861565576553995,2.7635665260241216,-1.94282308716344,2.4354605970556036,0.48,2.7378049259656563,8.095127814206137,0.6591183570045017
SpiralScanPath_5,Spiral,5,evaluation,Moment-matched sequential advective ST,0.33468357865169696,0.45080512936420236,0.17653714555291258,0.0556652541979605,0.2072452708631676,3.7607829538581194,2.643775575972611,-1.783521883962096,2.258879616277335,0.56,4.358070648574778,8.176014514886958,0.6682113075242647
SpiralScanPath_5,Spiral,5,evaluation,Posterior-sample mixture sequential advective ST,0.3325808756275118,0.44797287415571263,0.17693163849724186,0.0581429080144706,0.207688469154346,3.6954137447720194,2.5697460324761074,-1.6684022410475086,2.2028459585430795,0.52,4.0961128663000546,8.231677085728506,0.6680149678127861
SpiralScanPath_5,Spiral,5,evaluation,Oracle true previous state + fixed clipped-calibrated source,0.5479831573503043,0.7381109618042968,0.0825084409426374,0.026653404655774024,0.1842281860023441,7.329929367396599,2.8447488691822285,2.8411638910041006,2.6778437714894676,0.72,2.6812032696608457,32.98450970588652,0.6586961743367556
SpiralScanPath_5,Spiral,5,evaluation,Oracle true previous state + dev-calibrated source,0.35738284558550903,0.4813801160659524,0.07413195291531222,0.005938392487908844,0.17608069880624394,4.735667031081987,2.0384632919860497,0.9032759858841064,1.875772582030092,0.76,2.6812032696608457,18.106736700902957,0.6586961743367556
SpiralScanPath_6,Spiral,6,evaluation,Observed-clipped previous state + ST innovation,0.38185822203635383,0.5423574288788858,0.18272124920578006,0.01872793387101941,0.21684879465471146,4.9795541052066685,4.204762166845846,-3.4850595352583444,3.8407429129379747,0.0,2.649195412814158,6.692563994408431,0.6579091587838354
SpiralScanPath_6,Spiral,6,evaluation,Posterior-mean previous state + ST innovation,0.33949381473050383,0.48218679565315614,0.17581031606170666,0.04240231125440103,0.20906034597064085,4.3274709091167,3.4595753263257394,-2.527734042651464,3.1077758981646673,0.16,2.5914662593003346,8.009713578340381,0.6581050976686399
SpiralScanPath_6,Spiral,6,evaluation,Moment-matched sequential advective ST,0.338867980976494,0.48129791709524444,0.17572653022042992,0.04316256823613083,0.20850429568989592,4.315426545467284,3.440929490178312,-2.5063026018112464,3.0290599438781625,0.28,3.0898142150919035,8.048720079814586,0.6617166450357009
SpiralScanPath_6,Spiral,6,evaluation,Posterior-sample mixture sequential advective ST,0.3396355949926429,0.4823881677174512,0.17579538747629003,0.04289587241223938,0.20919696960452414,4.330005449595406,3.461658395890977,-2.5287009122921154,3.052211651584926,0.32,3.1811039670160928,8.084361789616253,0.6622542054502147
SpiralScanPath_6,Spiral,6,evaluation,Oracle true previous state + fixed clipped-calibrated source,0.4998763708582051,0.709979902515112,0.08172835634058481,0.03903815559315157,0.18364561259848436,7.048607837711128,2.806891281947537,2.805455541487859,2.6397303614596312,0.72,2.678326493366037,20.610024495183154,0.6583715550281888
SpiralScanPath_6,Spiral,6,evaluation,Oracle true previous state + dev-calibrated source,0.34451280172038895,0.4893153180269692,0.07354542526245933,0.01806452852847127,0.175655042759788,4.822878981081776,2.025142030232223,0.8879221109352875,1.8590094597900937,0.76,2.678326493366037,9.244229807397403,0.6583715550281888
SpiralScanPath_7,Spiral,7,evaluation,Observed-clipped previous state + ST innovation,0.3707334802464493,0.5270293661138585,0.1863227579845673,0.006667193970355318,0.21646128183335578,4.787723204374944,4.002993617322534,-3.5165688072716854,3.6374712249635452,0.04,2.5953283132949307,1.5340382211439305,0.6579742819367058
SpiralScanPath_7,Spiral,7,evaluation,Posterior-mean previous state + ST innovation,0.3278211544979229,0.46602582302224727,0.17630755156268552,0.027191656265411666,0.206615849509565,4.174503548640715,3.2605012581848656,-2.744469835622797,2.8860266212313146,0.16,2.741639816339871,0.6514394510064676,0.658460967202708
SpiralScanPath_7,Spiral,7,evaluation,Moment-matched sequential advective ST,0.3260679022808923,0.46353342496862376,0.1760690263280976,0.029325720299693336,0.20615450615617378,4.142669021008901,3.2050684362278705,-2.680120142526289,2.7979298604336647,0.32,2.93579309721694,0.579083043309879,0.6607576270739917
SpiralScanPath_7,Spiral,7,evaluation,Posterior-sample mixture sequential advective ST,0.3266058686630849,0.46429819021509955,0.17623618191838145,0.02926943802709445,0.2069814981069372,4.1499975198422,3.215237477844448,-2.690811290488591,2.813916490164919,0.36,3.014465973552378,0.5845489668781738,0.6609228783348843
SpiralScanPath_7,Spiral,7,evaluation,Oracle true previous state + fixed clipped-calibrated source,0.5053265701099138,0.7183649605869901,0.08448438551615349,0.02971368083346327,0.1848284065594857,7.133425497373776,2.904813325946827,2.9002759975612364,2.7473682838661238,0.68,2.744172004846662,31.293399399116595,0.6585962300472575
SpiralScanPath_7,Spiral,7,evaluation,Oracle true previous state + dev-calibrated source,0.2167525778074916,0.30813233703491827,0.07072850923757129,0.009031207800314111,0.17103025573408778,2.9689173870486947,1.546050959014608,0.9849267397800554,1.3855840065927703,0.72,2.744172004846662,6.991417707158632,0.6585962300472575
SpiralScanPath_8,Spiral,8,evaluation,Observed-clipped previous state + ST innovation,0.3669090531894474,0.5312789437711696,0.19671721833382624,0.017928785545307222,0.2185674281970413,4.804097219172199,4.066204827522604,-3.5086584671784773,3.706055387020166,0.04,2.5976741535551766,3.958502660356146,0.6581925920500106
SpiralScanPath_8,Spiral,8,evaluation,Posterior-mean previous state + ST innovation,0.33500635744045504,0.48508430683418957,0.1899799025257701,0.03609434775300498,0.21195282324815587,4.3029114962782655,3.397198871214284,-2.8127969739352716,3.046529334469866,0.28,2.713602864072493,3.7400168594355137,0.6584461979979349
SpiralScanPath_8,Spiral,8,evaluation,Moment-matched sequential advective ST,0.33479893975963687,0.48478396906539734,0.19008603131668766,0.036534691815625416,0.21171666296549915,4.296234156470483,3.387660975150427,-2.8041512179259893,3.007884849130895,0.32,2.964052573198121,3.7481407562088975,0.6603743074926302
SpiralScanPath_8,Spiral,8,evaluation,Posterior-sample mixture sequential advective ST,0.3358936113042909,0.4863690374548652,0.1901413942920452,0.0356346526195767,0.2112395068445325,4.318125551848812,3.416263918290856,-2.831940076501273,3.034979419690941,0.28,2.8505262620238,3.7522519175207094,0.6602387959448276
SpiralScanPath_8,Spiral,8,evaluation,Oracle true previous state + fixed clipped-calibrated source,0.5152155445015977,0.7460245745311835,0.09003282335263274,0.03716612852211859,0.18603493476703992,7.400071137305979,2.9346898428783947,2.9308746277836986,2.759896263245415,0.68,2.6933600071689034,33.34316111309715,0.6586542561142538
SpiralScanPath_8,Spiral,8,evaluation,Oracle true previous state + dev-calibrated source,0.26141127342303777,0.3785197013450588,0.07844565678762452,0.01655344747959133,0.1744879420687627,3.674180796947741,1.8036737026115726,1.0467048214093848,1.6339407031377322,0.68,2.6933600071689034,12.297513121720044,0.6586542561142538
SpiralScanPath_9,Spiral,9,evaluation,Observed-clipped previous state + ST innovation,0.36283778674186995,0.5383621741731242,0.19262802587671912,0.004384345421769768,0.21726603165841954,4.909332183488729,4.180429658493445,-3.4562973300338125,3.785560732233025,0.0,2.688101844004425,1.3145563823636053,0.6578895686243036
SpiralScanPath_9,Spiral,9,evaluation,Posterior-mean previous state + ST innovation,0.33278788554829764,0.4937755000961809,0.19144514089743195,0.03367433013977488,0.21439067427675254,4.2845497169748334,3.315370076182644,-2.5453587805593223,2.95892974154002,0.28,2.687266893431606,0.7413005410385836,0.6583460604237431
SpiralScanPath_9,Spiral,9,evaluation,Moment-matched sequential advective ST,0.3345151934198163,0.49633840080596475,0.19038015746043746,0.028704615039463453,0.21311049355192194,4.367162968407356,3.419644512069442,-2.662084779321042,3.0081881748459396,0.32,3.2209907550545087,0.8000143603230754,0.6638724124360353
SpiralScanPath_9,Spiral,9,evaluation,Posterior-sample mixture sequential advective ST,0.3357106590029938,0.4981121781633006,0.1901825962761187,0.02660225412601047,0.21318478832074905,4.400669632968044,3.4612384900582924,-2.7118096102346247,3.057931847122743,0.36,3.1800672107505488,0.8448376314008783,0.6635385098904282
SpiralScanPath_9,Spiral,9,evaluation,Oracle true previous state + fixed clipped-calibrated source,0.5059986514904802,0.7507777417319605,0.08543107228887939,0.03712445733778981,0.18471102377199777,7.45863705454663,2.9321659061994594,2.927101849367139,2.7357363408100723,0.72,2.7194510746910576,33.87235818163731,0.6584211084402868
SpiralScanPath_9,Spiral,9,evaluation,Oracle true previous state + dev-calibrated source,0.29705612536175324,0.44075834255645086,0.07616835732984636,0.01644904371077349,0.17548043816996906,4.317109715508169,1.978011972716729,0.973405718196775,1.7869142982491804,0.76,2.7194510746910576,15.89346633569943,0.6584211084402868
SpiralScanPath_10,Spiral,10,evaluation,Observed-clipped previous state + ST innovation,0.3586420211170944,0.5473543267280887,0.19027074172046834,0.011562420840927953,0.21910788069134188,5.011579394149994,4.257618553014376,-3.4918904903959946,3.8647353819183228,0.0,2.6463736878222517,6.2333701748239605,0.6580875940684694
SpiralScanPath_10,Spiral,10,evaluation,Posterior-mean previous state + ST innovation,0.31387763633651533,0.4790355624721533,0.1880427993992913,0.05371743311813437,0.21471190433326978,4.040953837027328,3.1897405209871725,-2.0013417385017624,2.823138831118915,0.28,2.6787778611513113,7.214714309913177,0.6584288287200935
SpiralScanPath_10,Spiral,10,evaluation,Moment-matched sequential advective ST,0.3122117158356976,0.4764930584140192,0.18824675411691424,0.05592598981276548,0.2133853427069308,3.9906683239860703,3.13712184758328,-1.913359054389798,2.6862040981247004,0.32,3.6612133046475286,7.2716106959420586,0.664483216640537
SpiralScanPath_10,Spiral,10,evaluation,Posterior-sample mixture sequential advective ST,0.31427854157623164,0.4796474183190592,0.1884861880929164,0.05406768798449528,0.21318619821688983,4.045893279317482,3.1919611482349386,-2.0262733448972834,2.7496438395719194,0.36,3.8839733938198377,7.19068124600409,0.6660824104039752
SpiralScanPath_10,Spiral,10,evaluation,Oracle true previous state + fixed clipped-calibrated source,0.48619014927101456,0.7420164569315182,0.0810851568962181,0.03218175659998976,0.1836652767953135,7.374606269485037,2.845422589349496,2.83891213232308,2.676973546700771,0.72,2.7219905234568933,33.29997894045363,0.6586417992247035
SpiralScanPath_10,Spiral,10,evaluation,Oracle true previous state + dev-calibrated source,0.3149618662026823,0.4806902985975125,0.0730327862010765,0.011511287445184225,0.1757203770810383,4.73217687845338,2.0338803450563,0.9055447056656567,1.8653150940913192,0.76,2.7219905234568933,18.050001977713237,0.6586417992247035
SpiralScanPath_11,Spiral,11,evaluation,Observed-clipped previous state + ST innovation,0.3493312764546271,0.5484911538365322,0.1914736175986248,0.013916429217856434,0.21847927827603766,5.024026848025592,4.244335995954386,-3.523214517083518,3.865047933487752,0.0,2.6870616434636396,6.854373679002435,0.6579894357577687
SpiralScanPath_11,Spiral,11,evaluation,Posterior-mean previous state + ST innovation,0.31897273695550954,0.5008246794009811,0.18523585912137566,0.03434311705908668,0.21113919777966506,4.5239773585285,3.6004291549557275,-2.739431940133968,3.2138430506734768,0.24,2.6456295170803603,7.414164719014082,0.6581382728257271
SpiralScanPath_11,Spiral,11,evaluation,Moment-matched sequential advective ST,0.317865483675595,0.4990861616385486,0.1854629250290281,0.03617111006232266,0.21170540401763335,4.497409748543621,3.5586569888154234,-2.6823675549820245,3.155340615963957,0.24,2.9891284094768524,7.506421643960607,0.6613029394323926
SpiralScanPath_11,Spiral,11,evaluation,Posterior-sample mixture sequential advective ST,0.3177717308173223,0.49893895863419313,0.18573417633235595,0.037001672724921074,0.21089346893479072,4.491667088385037,3.546332406941301,-2.664407910138134,3.123352187781515,0.24,3.0704826177745757,7.5369714538907715,0.6617074010487775
SpiralScanPath_11,Spiral,11,evaluation,Oracle true previous state + fixed clipped-calibrated source,0.4616050758607745,0.7247742121612216,0.0785729081702067,0.032212546588960674,0.18289826446139038,7.204051675156528,2.813524598781319,2.8078241940519773,2.6397054425539053,0.72,2.717124716035503,26.37105569526409,0.6582449950281252
SpiralScanPath_11,Spiral,11,evaluation,Oracle true previous state + dev-calibrated source,0.31549569136548017,0.49536530923815764,0.0707980448054828,0.011341983293470652,0.17531205606492878,4.8893789229945135,2.059316034595258,0.8796158304265418,1.8836942146922866,0.76,2.717124716035503,13.473717652068501,0.6582449950281252
SpiralScanPath_12,Spiral,12,evaluation,Observed-clipped previous state + ST innovation,0.3410143411953178,0.5491784560957329,0.19082636248626303,0.002829800739014073,0.21795673706729232,5.027428916227459,4.236687228537994,-3.5440728251473868,3.8400717152746813,0.0,2.6379419643444613,6.424030794948578,0.6581260588781108
SpiralScanPath_12,Spiral,12,evaluation,Posterior-mean previous state + ST innovation,0.30153731721459226,0.48560361931615076,0.18389543046646226,0.03008959074935958,0.2110458977538422,4.305969699476566,3.400521259476575,-2.5664382711751137,3.014403752277593,0.28,2.752498196223664,7.59823782513098,0.6590004605977613
SpiralScanPath_12,Spiral,12,evaluation,Moment-matched sequential advective ST,0.3009416437662083,0.48464433114201105,0.18414053298106278,0.031254411389175535,0.21068300936104686,4.2799603050225645,3.3587289297485516,-2.5146448040376366,2.9247163437864687,0.32,3.1738777320021994,7.7202128449369525,0.6623923940824684
SpiralScanPath_12,Spiral,12,evaluation,Posterior-sample mixture sequential advective ST,0.30236057938891037,0.48692942235501785,0.18486096144133896,0.031394841100157854,0.2116123269592333,4.296473438682247,3.3868949577629723,-2.541968589440919,2.946747946149003,0.32,3.1565181629012136,7.742444198592182,0.6622958761669209
SpiralScanPath_12,Spiral,12,evaluation,Oracle true previous state + fixed clipped-calibrated source,0.4388239790673189,0.7066936671262943,0.08337994709770549,0.03397883638614444,0.18299493635645803,7.011705191512386,2.781099876377125,2.7768231072728757,2.60778530107512,0.72,2.7079886498000407,18.97008595016507,0.6585816862523733
SpiralScanPath_12,Spiral,12,evaluation,Oracle true previous state + dev-calibrated source,0.30253451734566994,0.48720953661125366,0.075223607645303,0.01299243143048258,0.17499818953072557,4.794472903296993,1.992284651911018,0.8689452909249485,1.8301506380449188,0.76,2.7079886498000407,8.063731181493097,0.6585816862523733
SpiralScanPath_13,Spiral,13,development,Observed-clipped previous state + ST innovation,0.33616826026002505,0.5375932242439674,0.19898182980701312,0.0012917210829348396,0.21927756459946804,4.8454528416477105,4.041681257883836,-3.551763162632285,3.6861491176927994,0.08,2.587118805569089,1.2749977629029559,0.6578815207587744
SpiralScanPath_13,Spiral,13,development,Posterior-mean previous state + ST innovation,0.3020684912910006,0.4830615896040622,0.20012027402187813,0.04212240343946539,0.2166327745186031,3.9318721128707486,2.638132391888109,-1.696246525903191,2.344691566850679,0.48,2.760993235095375,0.6611493568547075,0.6586380014176566
SpiralScanPath_13,Spiral,13,development,Moment-matched sequential advective ST,0.30074816225233364,0.48095014712460005,0.19868656501533782,0.029131501666035658,0.2138476869899266,4.020227869765201,2.8522090034653615,-2.155065663787452,2.4352443923890696,0.48,3.7391046636861915,0.4217874238166246,0.6661139928830694
SpiralScanPath_13,Spiral,13,development,Posterior-sample mixture sequential advective ST,0.29980474613327124,0.4794414558732066,0.19839387602050654,0.03052684788467723,0.21312308291092608,4.0097633606298,2.8118669496159736,-2.1020119945272153,2.4238664030050843,0.52,3.4939315534821365,0.44763408457873766,0.6637052307443165
SpiralScanPath_13,Spiral,13,development,Oracle true previous state + fixed clipped-calibrated source,0.44849514715960886,0.717224023567277,0.08355068070749981,0.020319043573486864,0.184019613873464,7.125854425516457,2.898928882637192,2.8922802680457336,2.728016623183494,0.68,2.747806161349388,31.05050194299173,0.6583404153453899
SpiralScanPath_13,Spiral,13,development,Oracle true previous state + dev-calibrated source,0.1892494469958689,0.30264374250621406,0.06938864558534327,-0.00037036096427109334,0.16993507524417892,2.921335302450609,1.5055286360922582,0.9733809923154467,1.3370165449084996,0.72,2.747806161349388,6.2055735170443995,0.6583404153453899
