trajectory,family,run_index,role,camera_seed,previous_posterior_seed,current_sampler_seed,threshold_K,previous_unsaturated_pixels_pinned,previous_saturated_pixels_sampled,previous_observations_reused_in_current_likelihood,oracle_uses_true_previous_frame,oracle_uses_true_current_frame_for_inference,same_current_observations_for_all_models,same_current_sampler_seed_for_all_models,same_finite_step_innovation_for_oracle_controls,same_previous_posterior_for_sequential_models,crps_estimator,previous_zero_sd_fraction,mean_difference_posterior_vs_clipped_K,mean_difference_oracle_fixed_vs_posterior_K,mean_difference_oracle_calibrated_vs_posterior_K,previous_n_saturated,previous_saturated_fraction,previous_clipped_hot_mae_K,previous_posterior_hot_mae_K,time_lag_s,innovation_sd_K,propagated_stationary_sd_K,propagated_advective_sd_K,mixture_component_count,mixture_component_weight_ess,mixture_max_component_weight,mixture_normalized_weight_entropy,mixture_resampled_unique_components,mixture_log_weight_range,mixture_mvn_integration_failures
DiagonalScanPath_1,Diagonal,1,evaluation,41,41,41,294.6560504149699,True,True,False,True,False,True,True,True,True,unbiased_M_times_M_minus_1,0.9660135945621752,0.03820505307430322,-0.04034012413588195,-0.060796840278209904,85,0.03398640543782487,2.331933136134589,2.0635505257513413,0.0004999999999999935,0.7159318740849085,0.018268252242996268,0.016907274443984918,180.0,174.9424263834588,0.007800379950067429,0.9971477091070554,169.0,1.0483432870337595,0.0
DiagonalScanPath_2,Diagonal,2,evaluation,10041,50041,100041,294.7833581687172,True,True,False,True,False,True,True,True,True,unbiased_M_times_M_minus_1,0.9696121551379449,0.021071639937598724,-0.02199686699043657,-0.04206601592247824,76,0.030387844862055178,2.5723192018558456,2.190519750972342,0.0005000000000000004,0.7159318740849122,0.012234339713615176,0.011110848245908795,180.0,177.6372165206295,0.006903647548729603,0.9987027021594226,173.0,0.5771504828561405,0.0
DiagonalScanPath_3,Diagonal,3,evaluation,20041,100041,200041,294.9015209525281,True,True,False,True,False,True,True,True,True,unbiased_M_times_M_minus_1,0.9680127948820472,0.03420551686403754,-0.02661347910037671,-0.046876633418317784,80,0.03198720511795282,2.5364864097536155,2.032651194332652,0.0005000000000000004,0.7159318740849122,0.020395862217916793,0.019155748325716263,180.0,105.19092860856082,0.019828696202420573,0.9273513985338594,118.0,6.82710159354211,0.0
DiagonalScanPath_4,Diagonal,4,evaluation,30041,150041,300041,295.3585248883726,True,True,False,True,False,True,True,True,True,unbiased_M_times_M_minus_1,0.9704118352658937,0.03958407957365008,-0.03992433363309854,-0.06056669451793664,74,0.02958816473410636,2.5943551655465518,2.2136483751588187,0.0005000000000000004,0.7159318740849122,0.02282915450304177,0.021685622186840777,180.0,140.12339239837692,0.013757485413570317,0.9730426935414677,142.0,2.9702256399099554,0.0
DiagonalScanPath_5,Diagonal,5,evaluation,40041,200041,400041,295.50866552712534,True,True,False,True,False,True,True,True,True,unbiased_M_times_M_minus_1,0.9668132746901239,0.0354846747979622,-0.02642367944856139,-0.04719893127707067,83,0.03318672530987605,2.531485381547889,2.128748577688744,0.0004999999999999866,0.7159318740849036,0.02148635219691768,0.02003073669709785,180.0,170.12037246115065,0.007679500553852785,0.99374065213897,164.0,1.5553450773052049,0.0
DiagonalScanPath_6,Diagonal,6,evaluation,50041,250041,500041,295.76268867732483,True,True,False,True,False,True,True,True,True,unbiased_M_times_M_minus_1,0.9684126349460216,0.04140932147876773,-0.029239400194819236,-0.049908110172338614,79,0.03158736505397841,2.7201208277385236,2.283562412780356,0.0005000000000000004,0.7159318740849122,0.0292803908488264,0.02783298748122831,180.0,164.89611746254175,0.009949724190653405,0.9903667443360135,160.0,2.552713198549995,0.0
DiagonalScanPath_7,Diagonal,7,evaluation,60041,300041,600041,295.92680693793324,True,True,False,True,False,True,True,True,True,unbiased_M_times_M_minus_1,0.9680127948820472,0.02795769668026804,-0.009399764134584524,-0.030324298230611606,80,0.03198720511795282,2.846539173110377,2.5218178195117296,0.0005000000000000004,0.7159318740849122,0.01563212580059519,0.014153163836604912,180.0,126.46849593227896,0.014481337023715585,0.955474860706124,132.0,3.5353375795883295,0.0
DiagonalScanPath_8,Diagonal,8,development,70041,350041,700041,296.12149833303096,True,True,False,True,False,True,True,True,True,unbiased_M_times_M_minus_1,0.9692123150739704,0.04846885625429278,-0.031036468003040635,-0.05162614950485058,77,0.03078768492602959,3.06156684424828,2.5942242004168845,0.0005000000000000004,0.7159318740849122,0.02597822960428596,0.024209086453570516,180.0,161.8419982409503,0.010769000695195078,0.9892804729804527,156.0,1.5801946738969548,0.0
HorizontalScanPath_1,Horizontal,1,evaluation,80041,400041,800041,294.63123831934564,True,True,False,True,False,True,True,True,True,unbiased_M_times_M_minus_1,0.9676129548180727,0.034686377123682575,-0.04451846381708272,-0.049706276777256066,81,0.032387045181927226,2.3362551184433964,2.072788496217603,0.0005000000000000004,0.7159318740849122,0.020607598945450247,0.019977915660956944,180.0,179.96837630136343,0.005710872123791183,0.999983104202181,178.0,0.055106174442968836,0.0
HorizontalScanPath_2,Horizontal,2,evaluation,90041,450041,900041,294.6301695664475,True,True,False,True,False,True,True,True,True,unbiased_M_times_M_minus_1,0.9672131147540983,0.02799535610615378,-0.033740662387081705,-0.038892058560525855,82,0.03278688524590164,2.3543719517122503,1.90653286655082,0.0005000000000000004,0.7159318740849122,0.018606712853482407,0.018277741116880974,180.0,179.83584885982793,0.005844110165019297,0.9999117661366476,178.0,0.12825481421565144,0.0
HorizontalScanPath_3,Horizontal,3,evaluation,100041,500041,1000041,294.64317213251667,True,True,False,True,False,True,True,True,True,unbiased_M_times_M_minus_1,0.9680127948820472,0.021102839619340875,-0.014203131304651204,-0.01959854960741367,80,0.03198720511795282,2.4498292697436965,2.108352308521746,0.0005000000000000004,0.7159318740849122,0.01337536010947428,0.012917743450027861,180.0,179.95725430269277,0.005814641912138878,0.9999770824401141,179.0,0.09214564798661229,0.0
HorizontalScanPath_4,Horizontal,4,evaluation,110041,550041,1100041,294.825260500259,True,True,False,True,False,True,True,True,True,unbiased_M_times_M_minus_1,0.9640143942423031,0.026910757735929776,-0.032784683598700334,-0.03797357428473391,90,0.03598560575769692,2.149644136871292,1.8164370527120122,0.0005000000000000004,0.7159318740849122,0.018243966829387597,0.017570056814878006,180.0,177.34108960034965,0.007278759741905482,0.9985366778969534,173.0,0.7440519576534115,0.0
HorizontalScanPath_5,Horizontal,5,evaluation,120041,600041,1200041,295.0840552279015,True,True,False,True,False,True,True,True,True,unbiased_M_times_M_minus_1,0.9668132746901239,0.022649980877831894,-0.0280165405924301,-0.03317080673023773,83,0.03318672530987605,2.2837726459313594,1.981498903042539,0.0005000000000000004,0.7159318740849122,0.016097315107714564,0.015771522427771585,180.0,176.63069626110294,0.007061816834359128,0.9981295168765614,167.0,0.7377268200888665,0.0
HorizontalScanPath_6,Horizontal,6,evaluation,130041,650041,1300041,295.31752139540873,True,True,False,True,False,True,True,True,True,unbiased_M_times_M_minus_1,0.968812475009996,0.017757276938220743,-0.015906902478009292,-0.02130733697342774,78,0.031187524990004,2.42798065441825,2.0540222485962705,0.0005000000000000004,0.7159318740849122,0.011569512388834833,0.011071507235591601,180.0,159.36007151528963,0.012065408829993726,0.9879328592619024,156.0,1.8464659337381164,0.0
HorizontalScanPath_7,Horizontal,7,evaluation,140041,700041,1400041,295.52522559779794,True,True,False,True,False,True,True,True,True,unbiased_M_times_M_minus_1,0.9676129548180727,0.04957831269776602,-0.05642047802352116,-0.06161452333949643,81,0.032387045181927226,2.346534294838893,2.139312985186778,0.0005000000000000004,0.7159318740849122,0.030414350797023346,0.029703489525215405,180.0,61.10901056801363,0.03025045947860412,0.8408192017196173,86.0,29.154166340083762,0.0
HorizontalScanPath_8,Horizontal,8,evaluation,150041,750041,1500041,295.71434881764065,True,True,False,True,False,True,True,True,True,unbiased_M_times_M_minus_1,0.9668132746901239,0.045149855008845045,-0.045301624321042205,-0.05046129137848932,83,0.03318672530987605,2.3328248105326024,1.984444912344575,0.0005000000000000004,0.7159318740849122,0.021615471389651263,0.021081555106652407,180.0,147.99131815899554,0.010632407799322136,0.9784449460306697,144.0,2.216334355088918,0.0
HorizontalScanPath_10,Horizontal,10,evaluation,160041,800041,1600041,296.06802208777685,True,True,False,True,False,True,True,True,True,unbiased_M_times_M_minus_1,0.970811675329868,0.03512753849950928,-0.029375701752178553,-0.03457497813216656,73,0.029188324670131948,2.7154174495621515,2.1736624194621537,0.0005000000000000004,0.7159318740849122,0.02507993947823194,0.024604685948613567,180.0,169.63576040305014,0.008801048289210635,0.9942263714085391,163.0,1.0317113473542179,0.0
HorizontalScanPath_11,Horizontal,11,evaluation,170041,850041,1700041,296.2091569703494,True,True,False,True,False,True,True,True,True,unbiased_M_times_M_minus_1,0.968812475009996,0.03954992618897692,-0.027297211012707424,-0.032461465443634555,78,0.031187524990004,2.6094915770781015,2.035023466430805,0.0005000000000000004,0.7159318740849122,0.016417114316266454,0.0159619382056997,180.0,170.01813650677138,0.008538892006627729,0.9942251399611661,163.0,1.1826028780633635,0.0
HorizontalScanPath_12,Horizontal,12,evaluation,180041,900041,1800041,296.3525815864646,True,True,False,True,False,True,True,True,True,unbiased_M_times_M_minus_1,0.9656137544982007,0.021419248708838143,-0.007951391827301587,-0.013362808609574459,86,0.03438624550179928,2.4265666660057685,2.09883200916295,0.0005000000000000004,0.7159318740849122,0.012445238347063103,0.01188925743043575,180.0,146.82684449603963,0.014083487818921466,0.9806324529942605,148.0,2.0622933367179286,0.0
HorizontalScanPath_13,Horizontal,13,development,190041,950041,1900041,296.4959614680289,True,True,False,True,False,True,True,True,True,unbiased_M_times_M_minus_1,0.9692123150739704,0.05179212476858482,-0.03515797969991596,-0.04036153445193446,77,0.03078768492602959,2.720531247724229,2.3781927259288977,0.0005000000000000004,0.7159318740849122,0.027954120942472967,0.02693238143536332,180.0,82.58925898594907,0.016623138974333807,0.8850865108636192,93.0,7.0672685890792195,0.0
SpiralScanPath_1,Spiral,1,evaluation,200041,1000041,2000041,294.5644045668491,True,True,False,True,False,True,True,True,True,unbiased_M_times_M_minus_1,0.9712115153938424,0.027583888271743493,-0.03893332141075891,-0.05976471852156957,72,0.028788484606157537,2.657064232673197,2.085295254877664,0.0005000000000000004,0.7159318740849122,0.019513125401288228,0.01813079613942073,180.0,152.4410639175701,0.009121196487608474,0.9814895627030434,147.0,1.6656171577435543,0.0
SpiralScanPath_2,Spiral,2,evaluation,210041,1050041,2100041,294.77953556616137,True,True,False,True,False,True,True,True,True,unbiased_M_times_M_minus_1,0.9644142343062775,0.012267450326277856,-0.02302627284064772,-0.04352731996631937,89,0.03558576569372251,2.154459598727737,2.011625074624826,0.0005000000000000004,0.7159318740849122,0.009998374675156348,0.008091056870571038,180.0,155.089572847912,0.01350809947033567,0.9858183530945558,150.0,2.1959931643434487,0.0
SpiralScanPath_3,Spiral,3,evaluation,220041,1100041,2200041,295.09034972544174,True,True,False,True,False,True,True,True,True,unbiased_M_times_M_minus_1,0.9676129548180727,0.012955302109983758,-0.02758126129772415,-0.04859018301913343,81,0.032387045181927226,2.3269279645816527,2.17910508580971,0.0005000000000000004,0.7159318740849122,0.009214403944644367,0.007669087788648608,180.0,168.69412982961825,0.011134029090883192,0.9936996830125985,166.0,1.4447544262141463,0.0
SpiralScanPath_4,Spiral,4,evaluation,230041,1150041,2300041,295.3171456785458,True,True,False,True,False,True,True,True,True,unbiased_M_times_M_minus_1,0.9680127948820472,0.04169728493515192,-0.045943545414026114,-0.06638295180026474,80,0.03198720511795282,2.421583203054216,2.3340915269788938,0.0005000000000000004,0.7159318740849122,0.0198090680769367,0.018407962873282162,180.0,150.6097679683398,0.014363447878014246,0.9826050286756876,148.0,2.0827273543378197,0.0
SpiralScanPath_5,Spiral,5,evaluation,240041,1200041,2400041,295.5160834229293,True,True,False,True,False,True,True,True,True,unbiased_M_times_M_minus_1,0.9664134346261496,0.04146908870607954,-0.046839411435078325,-0.06755442360294343,84,0.03358656537385046,2.3160661582293405,1.9500492688862512,0.0004999999999999866,0.7159318740849036,0.02694047690619461,0.025621731831384133,180.0,156.46444403028835,0.00894891160101815,0.9844722771588523,149.0,1.7965114049494701,0.0
SpiralScanPath_6,Spiral,6,evaluation,250041,1250041,2500041,295.69040467376334,True,True,False,True,False,True,True,True,True,unbiased_M_times_M_minus_1,0.9676129548180727,0.028338437925977882,-0.028634460056234167,-0.04960808712091453,81,0.032387045181927226,2.401808793946929,2.0355564117669664,0.0005000000000000004,0.7159318740849122,0.017534464984844945,0.016314039380815736,180.0,161.0259871783788,0.010961273812937381,0.9885462199044887,155.0,2.0362358328202106,0.0
SpiralScanPath_7,Spiral,7,evaluation,260041,1300041,2600041,295.8140795498944,True,True,False,True,False,True,True,True,True,unbiased_M_times_M_minus_1,0.9684126349460216,0.02293433937506218,-0.02473089094657643,-0.04541336397972559,79,0.03158736505397841,2.4968012424373893,2.1202911782120935,0.0005000000000000004,0.7159318740849122,0.012936831283793186,0.011474789370179674,180.0,164.80333464945528,0.013123187909327533,0.991654594786565,161.0,1.5695056043894056,0.0
SpiralScanPath_8,Spiral,8,evaluation,270041,1350041,2700041,295.9806504909343,True,True,False,True,False,True,True,True,True,unbiased_M_times_M_minus_1,0.9668132746901239,0.020237828983415026,-0.02337973774240063,-0.04399241878492791,83,0.03318672530987605,2.37643008716828,2.098610895750184,0.0005000000000000004,0.7159318740849122,0.012155188169320107,0.010649632500121563,180.0,171.72299978900188,0.009109983958947425,0.9953927165879325,165.0,1.2461261920454803,0.0
SpiralScanPath_9,Spiral,9,evaluation,280041,1400041,2800041,296.12811830237854,True,True,False,True,False,True,True,True,True,unbiased_M_times_M_minus_1,0.9684126349460216,0.034282419566948885,-0.02920684872499373,-0.04988226235200996,79,0.03158736505397841,2.4829704941696766,2.326264298063792,0.0005000000000000004,0.7159318740849122,0.021670099781161817,0.02045529012747286,180.0,106.16731873217924,0.017631717815575546,0.9311526943634684,114.0,4.994619009369586,0.0
SpiralScanPath_10,Spiral,10,evaluation,290041,1450041,2900041,296.24464913741537,True,True,False,True,False,True,True,True,True,unbiased_M_times_M_minus_1,0.968812475009996,0.045274029319086216,-0.03885477424944911,-0.05952524340425464,78,0.031187524990004,2.4942509915903295,2.2925440864066675,0.0005000000000000004,0.7159318740849122,0.023934228468233714,0.022377330491250364,180.0,160.8998325128839,0.011045598513124751,0.9886046202150576,151.0,1.7167437105278793,0.0
SpiralScanPath_11,Spiral,11,evaluation,300041,1500041,3000041,296.3525026623504,True,True,False,True,False,True,True,True,True,unbiased_M_times_M_minus_1,0.9692123150739704,0.024198693998634238,-0.022602051857232686,-0.043472615152722736,77,0.03078768492602959,2.510525167157445,2.1382740331159407,0.0005000000000000004,0.7159318740849122,0.015279578094046866,0.013981353843500448,180.0,156.40177009241737,0.009810849873158297,0.9838575503404839,151.0,1.969551961087447,0.0
SpiralScanPath_12,Spiral,12,evaluation,310041,1550041,3100041,296.4285472031083,True,True,False,True,False,True,True,True,True,unbiased_M_times_M_minus_1,0.9684126349460216,0.03092371353675965,-0.020434111167062605,-0.04142051612272447,79,0.03158736505397841,2.4554211855889654,2.092668154393517,0.0005000000000000004,0.7159318740849122,0.01602631638953752,0.014696505129893091,180.0,166.2594313003176,0.008241705212845072,0.9917482814747284,157.0,1.2116622615366168,0.0
SpiralScanPath_13,Spiral,13,development,320041,1600041,3200041,296.4901280292387,True,True,False,True,False,True,True,True,True,unbiased_M_times_M_minus_1,0.9696121551379449,0.050296922029388305,-0.04244943136887439,-0.06313883590663244,76,0.030387844862055178,2.575770072454711,2.309910217491491,0.0005000000000000004,0.7159318740849122,0.02618159764055475,0.02397350843074901,180.0,84.27193460237092,0.025251798724397468,0.8873673289603197,102.0,6.907346252258208,0.0
