representation,trajectory,family,run_index,n_observed_censored_pixels,n_latent_truth_above_ceiling,fraction_latent_truth_above_ceiling,false_saturation_fraction,fraction_posterior_mean_above_ceiling,mean_posterior_probability_above_ceiling,mean_true_exceedance_K,mean_predicted_exceedance_K,median_true_exceedance_K,median_predicted_exceedance_K,exceedance_recovery_fraction,calibration_slope,calibration_intercept_K,posterior_sd_slope_K_per_K,posterior_sd_intercept_K,pearson_correlation,spearman_correlation,posterior_sd_spearman_correlation,rmse_K,mae_K,bias_K,posterior_sd_K,coverage_95,interval_width_95_K,mean_abs_error_over_sd,median_abs_error_over_sd
hybrid saturated-only sampling,DiagonalScanPath_1,Diagonal,1,85,71,0.8352941176470589,0.16470588235294117,1.0,0.9701307189542482,2.7591022036826343,1.1735099404265301,1.4922877833078019,1.1233375106424432,0.42532311375063264,-0.008818203750845178,1.1978402658280096,-0.003666016339523847,0.5528294566166131,-0.09390889741033054,-0.03718980549966465,0.05261569416498994,5.255815847625786,2.0635505257513413,-1.1462588492604668,0.5409750034961591,0.47058823529411764,1.939798265573394,4.624053894832737,1.7887071845086842
coherent latent single-frame posterior,DiagonalScanPath_1,Diagonal,1,85,71,0.8352941176470589,0.16470588235294117,1.0,0.9673202614379086,2.7591022036826343,1.1743988608584164,1.4922877833078019,1.127361150957256,0.42564529117149785,-0.009224210157129384,1.1998493994301838,-0.00423165165128282,0.5606356349349864,-0.09775062853193153,-0.03571428571428571,-0.0030516431924882625,5.257312168068956,2.0640387760439474,-1.1472942394090364,0.5475940096223616,0.4588235294117647,1.9547497069230624,4.6762614351649034,1.7708814241119508
hybrid saturated-only sampling,DiagonalScanPath_2,Diagonal,2,76,68,0.8947368421052632,0.10526315789473684,1.0,0.9184210526315789,2.852126969542166,0.7389728423344262,0.9322958294942794,0.6690754685379261,0.259095352425018,-0.0005917861195880684,0.7406606914863039,-0.0032695060738052633,0.4235629238242191,-0.009299583976094289,0.16196511050883688,-0.06840477917318775,5.899475516107157,2.190519750972342,-1.833743075800164,0.4052194522588863,0.5657894736842105,1.4734513946683554,6.254303018375627,1.5285805378792192
coherent latent single-frame posterior,DiagonalScanPath_2,Diagonal,2,76,68,0.8947368421052632,0.10526315789473684,1.0,0.9195175438596493,2.852126969542166,0.7401407067924135,0.9322958294942794,0.668051093556187,0.25950482383721635,-0.0008655064483602495,0.7426092410760944,-0.0025894510427116103,0.4219446375271727,-0.013684484561037137,0.1574989502614803,-0.03366797724930335,5.900377497927223,2.187819910754646,-1.832865850305784,0.40583031805684094,0.5657894736842105,1.457905057366322,6.070619925176854,1.5389484092229773
hybrid saturated-only sampling,DiagonalScanPath_3,Diagonal,3,80,67,0.8375,0.1625,1.0,0.9684027777777778,3.006431460322558,1.1018201002155013,1.4855065999677208,1.054785634724169,0.3664876830743674,0.01897735531759988,1.0447659821549493,0.008893061909263011,0.6260902890509366,0.3206273435723622,0.46927129060579464,0.3074467236012452,5.71763711198393,2.032651194332652,-1.423273428934408,0.6417104958845642,0.7,2.399847534034625,2.9909334332574615,1.0602651060697936
coherent latent single-frame posterior,DiagonalScanPath_3,Diagonal,3,80,67,0.8375,0.1625,1.0,0.9669444444444444,3.006431460322558,1.1006843315544985,1.4855065999677208,1.0370377254827758,0.36610990341233557,0.019317665212747453,1.0426070951189164,0.008073255065974451,0.6260169031981583,0.327711388684771,0.4493973980365552,0.2724878282384868,5.715905434720573,2.0338091103144897,-1.4250326672268976,0.6395994576670542,0.7,2.404794128161714,3.053548953131194,1.0354440612433815
hybrid saturated-only sampling,DiagonalScanPath_4,Diagonal,4,74,69,0.9324324324324325,0.06756756756756757,1.0,0.9602102102102102,2.7638421105862716,1.3879425626441366,0.9118805979703666,1.3925999166653469,0.5021786726991158,0.04271280805623492,1.2698911050769262,0.025959870166480475,0.7227738178409557,0.3963537501095711,0.36364632809645603,0.45118743149433693,5.617706146977253,2.2136483751588187,-1.213666215481122,0.7764839302229877,0.7162162162162162,2.7441776581840274,2.3851776730992844,1.2692945886235552
coherent latent single-frame posterior,DiagonalScanPath_4,Diagonal,4,74,69,0.9324324324324325,0.06756756756756757,1.0,0.9610360360360359,2.7638421105862716,1.3856675564928047,0.9118805979703666,1.3919683874898965,0.5013555409642682,0.04206056644876338,1.2694187917466009,0.025908322035892776,0.7228605427670587,0.3929653052648274,0.3620387285348923,0.4533065400073073,5.621540603939668,2.212329595092439,-1.2156526386544113,0.7758555041429008,0.6756756756756757,2.7304989038456036,2.3989223454208655,1.2620685682481039
hybrid saturated-only sampling,DiagonalScanPath_5,Diagonal,5,83,72,0.8674698795180723,0.13253012048192772,1.0,0.9527443105756359,2.888512909196792,1.1092749085476936,1.0982304338360507,1.1425264474672758,0.3840297562859601,0.005581915181845396,1.093151474486892,-0.0011980622019959785,0.6677168102630087,0.08331988230865858,0.30899093189272625,0.2130362081162776,5.811349878907532,2.128748577688744,-1.4040052568637298,0.6515932325830356,0.6626506024096386,2.283189290747208,3.7402835534645966,1.1004401568076212
coherent latent single-frame posterior,DiagonalScanPath_5,Diagonal,5,83,72,0.8674698795180723,0.13253012048192772,1.0,0.9532797858099065,2.888512909196792,1.1111130373959028,1.0982304338360507,1.1511097434077726,0.3846661144764867,0.004851878862663182,1.0970983226672413,-0.0017466449245649533,0.6721172870587158,0.07279396305829122,0.29683580937680887,0.21744163611807837,5.814630282178311,2.1312231441699105,-1.4022409533416393,0.6537239427009216,0.6867469879518072,2.3049210108721288,3.7545603066570528,1.0968060841032612
hybrid saturated-only sampling,DiagonalScanPath_6,Diagonal,6,79,73,0.9240506329113924,0.0759493670886076,1.0,0.9640646976090014,2.9353062381433603,1.3522288547004977,1.1702892918581256,1.3496329642992464,0.4606772666949427,0.006919294499610937,1.3319186063922388,-0.011051399189194466,0.988319606314932,0.08155931560154954,0.3175675675675676,0.1422004195976799,6.171011722367144,2.283562412780356,-1.385508395254168,0.9328719553160707,0.7468354430379747,3.3450921529541637,3.457799380621908,0.9701742677256345
coherent latent single-frame posterior,DiagonalScanPath_6,Diagonal,6,79,73,0.9240506329113924,0.0759493670886076,1.0,0.9626582278481011,2.9353062381433603,1.351131618009266,1.1702892918581256,1.3491016063028383,0.46030346014727375,0.007222949418410866,1.329930049523611,-0.010811009292682854,0.9864643722708146,0.08544185245838637,0.33169813649265706,0.14938911514253983,6.1693584520378515,2.2812891686452454,-1.3867185447969035,0.9311223433511254,0.7468354430379747,3.34514980373876,3.4602223494714233,0.989533306629279
hybrid saturated-only sampling,DiagonalScanPath_7,Diagonal,7,80,72,0.9,0.1,1.0,0.960625,3.144573157036456,0.8818201850370025,1.3176515025209596,0.8577899278152756,0.2804260359037274,0.015382270248419328,0.8334495109195426,0.002603556489973253,0.4842970323158208,0.2768381047540597,-0.06830021223229792,-0.08978069329217314,6.324782455980392,2.5218178195117296,-1.93421914245233,0.49187014978221716,0.4875,1.806742456208648,5.1751026502149475,2.113762594118618
coherent latent single-frame posterior,DiagonalScanPath_7,Diagonal,7,80,72,0.9,0.1,1.0,0.9558333333333333,3.144573157036456,0.8815779049032568,1.3176515025209596,0.8496503633064378,0.28034898883830817,0.015699158305004356,0.8322107531092741,0.001931385338666255,0.48962115497357434,0.28502681108697353,-0.0667888610200013,-0.13570004501897232,6.322544171089477,2.518008063141122,-1.9360387557859702,0.49545200884049406,0.475,1.8133683363687745,5.220754228880156,2.018473715688657
hybrid saturated-only sampling,HorizontalScanPath_1,Horizontal,1,81,73,0.9012345679012346,0.09876543209876543,1.0,0.9600823045267488,2.5786310450223224,1.0902387606966726,1.2000874596507174,0.9975369479674328,0.42279750055798876,-0.004394661671625613,1.101570971715496,-2.4306866448281257e-05,0.6479764945018396,-0.048728225850309316,-0.04368752313957794,0.06306306306306307,5.337220080815862,2.072788496217603,-1.233979191941578,0.6403587979720277,0.5802469135802469,2.3300205845412396,3.501466095797939,1.424456174646969
coherent latent single-frame posterior,HorizontalScanPath_1,Horizontal,1,81,73,0.9012345679012346,0.09876543209876543,1.0,0.9600823045267491,2.5786310450223224,1.090805285898197,1.2000874596507174,0.9763145462482612,0.4230172005428385,-0.0042552074313696965,1.1017778958837365,-0.0007957467569465617,0.6521177276554442,-0.0470028786399221,-0.04954954954954955,0.08592496606195237,5.336465590500865,2.0736509031135864,-1.233920657788509,0.6413661801576477,0.5802469135802469,2.3585862968035385,3.5612768452437544,1.4406446042537204
hybrid saturated-only sampling,HorizontalScanPath_2,Horizontal,2,82,73,0.8902439024390244,0.10975609756097561,1.0,0.9437669376693768,2.61509409868886,0.8629746466983301,1.165332833437219,0.8557300454339725,0.32999755042505097,-0.007933540565008028,0.8837216018115914,-0.0024648667432855095,0.5762736550186018,-0.09280279625520937,0.32028261137850184,0.3344440330741701,5.237632522309665,1.90653286655082,-1.4425926331948167,0.5711336374125745,0.6707317073170732,1.9537358903530606,4.44940343968868,1.0359642151810133
coherent latent single-frame posterior,HorizontalScanPath_2,Horizontal,2,82,73,0.8902439024390244,0.10975609756097561,1.0,0.9422086720867208,2.61509409868886,0.8618966052948113,1.165332833437219,0.8422821656892552,0.329585312332334,-0.0074927022789553375,0.8814907268077398,-0.001414137978985597,0.5715061178116589,-0.08778675945564433,0.3349993829445885,0.3788103171664816,5.23596902674888,1.9042057868083988,-1.442876299784481,0.5708568244184329,0.6707317073170732,1.9572913842231983,4.217714369602318,1.0381532523830157
hybrid saturated-only sampling,HorizontalScanPath_3,Horizontal,3,80,72,0.9,0.1,1.0,0.93125,2.703354093758989,0.6822642360264639,1.2566977271703763,0.6219704561571859,0.2523769407794381,-0.005831477254324207,0.6980287839346039,0.0029174198296458274,0.4166755289683193,-0.11476697042319622,-0.16721332561579524,-0.10717731043797031,5.531665369138604,2.108352308521746,-1.7523699571434812,0.42085417072587744,0.5375,1.585900160184081,5.125016936904467,1.6151882645734115
coherent latent single-frame posterior,HorizontalScanPath_3,Horizontal,3,80,72,0.9,0.1,1.0,0.9311805555555555,2.703354093758989,0.68279723202004,1.2566977271703763,0.6222929615089186,0.25257410177836404,-0.005683995754684899,0.6981630852123758,0.003438523432593728,0.4147114877984323,-0.11087470997588084,-0.16554119235963732,-0.05071065663386713,5.5308296080450035,2.1104620321820633,-1.7518388184624256,0.4209849366981979,0.55,1.583349949696246,5.074470645084392,1.5475861621421012
hybrid saturated-only sampling,HorizontalScanPath_4,Horizontal,4,90,72,0.8,0.2,1.0,0.9330864197530864,2.6382934037348207,0.7984846804675575,1.2656799812597512,0.8141045425071809,0.3026519640829965,-0.006266629228764002,0.8150178870254573,-0.004009883342483387,0.5376745455596054,-0.11996379509190472,0.22859990996205548,0.1564730850858576,5.1204334494966055,1.8164370527120122,-1.3191457488287162,0.5102351693576797,0.6333333333333333,1.8732907216108483,4.40192047553037,1.221030637903933
coherent latent single-frame posterior,HorizontalScanPath_4,Horizontal,4,90,72,0.8,0.2,1.0,0.9322222222222222,2.6382934037348207,0.8030936573812121,1.2656799812597512,0.8387638894297993,0.3043989179688418,-0.005742649428319238,0.8182444514879078,-0.004338657182358719,0.5393549832965098,-0.10971600748222807,0.24313460672712078,0.1680815486526465,5.116860328462507,1.8152018997539883,-1.3146564314517952,0.5099500466136776,0.6333333333333333,1.8800172369497488,4.451345126925119,1.2378498177064428
hybrid saturated-only sampling,HorizontalScanPath_5,Horizontal,5,83,70,0.8433734939759037,0.1566265060240964,1.0,0.9242302543507362,2.6614776935502755,0.7121526072406409,1.294681736023847,0.6589313958053253,0.2675778981602756,-0.005179473463065032,0.7259376603269242,-0.002846348431461559,0.5000446338485366,-0.09693894331825814,-0.09852156416761439,-0.013244685504330328,5.186008022976323,1.981498903042539,-1.5187130898532955,0.48816280476961454,0.5903614457831325,1.798370328458864,4.740037039059035,1.3748277090991683
coherent latent single-frame posterior,HorizontalScanPath_5,Horizontal,5,83,70,0.8433734939759037,0.1566265060240964,1.0,0.9226238286479251,2.6614776935502755,0.7131996369903602,1.294681736023847,0.6644171936456473,0.2679712998229146,-0.00499778177766624,0.726501121708851,-0.0025814961561420307,0.5025981803725409,-0.09312916252812141,-0.1068148018546059,0.04291837984428308,5.184963645648337,1.9826113281667683,-1.5173918179362527,0.49141532129937826,0.6265060240963856,1.829881147009387,4.692338202277732,1.4033675002571562
hybrid saturated-only sampling,HorizontalScanPath_6,Horizontal,6,78,70,0.8974358974358975,0.10256410256410256,1.0,0.9106837606837609,2.6908103045143834,0.5820595651665875,1.3900932627817042,0.551355208955215,0.21631386062037292,0.022904133969914333,0.5204288854643642,0.006092443227788044,0.3546872302310857,0.4109494245795766,0.3549120811827487,0.12329629953634852,5.4339770815283295,2.0540222485962705,-1.8287600900771146,0.3733847390463966,0.5128205128205128,1.4234818393778674,5.064340090062362,1.7943381030339247
coherent latent single-frame posterior,HorizontalScanPath_6,Horizontal,6,78,70,0.8974358974358975,0.10256410256410256,1.0,0.9123931623931623,2.6908103045143834,0.5827514520822271,1.3900932627817042,0.5366884701538766,0.21657099019746676,0.02278509505682247,0.5214410835139892,0.005833402967986865,0.3567181947054077,0.40927566658388115,0.36243548245997725,0.12238649287026507,5.434172234221636,2.051346870969091,-1.8291839031406225,0.37316462327278954,0.5128205128205128,1.4270585659009594,5.078381800369952,1.8275378192978107
hybrid saturated-only sampling,HorizontalScanPath_7,Horizontal,7,81,76,0.9382716049382716,0.06172839506172839,1.0,0.9719478737997258,2.486350799363955,1.5564246009616483,1.231896277571252,1.5481818833517593,0.6259875321534695,0.024594246394635144,1.4952746767785925,0.014171801095519744,0.9061366886979976,0.21435340173202533,-0.06285714285714286,-0.039507860560492145,5.070401519652876,2.139312985186778,-0.7788653768561267,0.945057478897422,0.6666666666666666,3.2976978771615326,2.210047066187059,1.1825618536904996
coherent latent single-frame posterior,HorizontalScanPath_7,Horizontal,7,81,76,0.9382716049382716,0.06172839506172839,1.0,0.9702331961591221,2.486350799363955,1.5533010816261976,1.231896277571252,1.5559809369121353,0.6247312656056236,0.02462731589173256,1.492068935072599,0.01390304892906432,0.9057584746634988,0.21469317438472518,-0.061490088858509914,-0.03701982228298018,5.0707372790460985,2.138121591595946,-0.7816187267089276,0.9433706584090827,0.6419753086419753,3.2954685624632525,2.1992323047045157,1.1811581403583913
hybrid saturated-only sampling,HorizontalScanPath_8,Horizontal,8,83,74,0.891566265060241,0.10843373493975904,1.0,0.9777777777777777,2.5896627953751823,1.3551276792643059,1.2132317087454965,1.3297466653544916,0.5232834489820052,0.011943139611396673,1.3241989749527008,-0.0004934789077222694,0.6668350928064657,0.11850131895913067,0.3798148833765272,0.19786745649759344,4.979197478320558,1.984444912344575,-0.9159309458132219,0.6555363569796028,0.6265060240963856,2.407220092296567,3.246850442905057,1.4187234944171445
coherent latent single-frame posterior,HorizontalScanPath_8,Horizontal,8,83,74,0.891566265060241,0.10843373493975904,1.0,0.9798527443105757,2.5896627953751823,1.3587505542933167,1.2132317087454965,1.3264638581814268,0.5246824245688966,0.011597393492276037,1.328717215843044,-0.0004935067004305777,0.6662049423431333,0.11494702622224387,0.3734468715290633,0.20544983339503883,4.980457182203405,1.987673170310971,-0.9115771135549856,0.6560964999280655,0.6024096385542169,2.4116860947885486,3.259087774568252,1.418090749591343
hybrid saturated-only sampling,HorizontalScanPath_10,Horizontal,10,73,68,0.9315068493150684,0.0684931506849315,1.0,0.9601217656012176,2.9007821826439937,1.2307073284785748,1.5887188027907655,1.138386707383006,0.42426740478556524,0.006849480514673993,1.2108384774412415,0.0054093308038499835,0.8530131594525875,0.07893471844767082,0.29892735809443827,0.1791808222315532,5.504068306518821,2.1736624194621537,-1.4778017847807838,0.864687127154282,0.7123287671232876,2.917204113095145,2.6139013479721,1.138680974745311
coherent latent single-frame posterior,HorizontalScanPath_10,Horizontal,10,73,68,0.9315068493150684,0.0684931506849315,1.0,0.95882800608828,2.9007821826439937,1.2323581321896304,1.5887188027907655,1.1626258083616676,0.42483649395087136,0.006807638904711716,1.2126106545489685,0.005376709599199413,0.8535304810816584,0.07895876738990616,0.2977440164904378,0.17666144978432644,5.503574646505614,2.1722659361989742,-1.4757085284921827,0.8652687978965683,0.726027397260274,2.929432115998266,2.6092004767071963,1.1498289207296362
hybrid saturated-only sampling,HorizontalScanPath_11,Horizontal,11,78,71,0.9102564102564102,0.08974358974358974,1.0,0.974216524216524,2.8456660573663495,1.3132116735445671,1.3018698281474599,1.0738214305638962,0.4614777865959221,0.04598285260241743,1.1823598306729879,0.003166748134600363,0.5227924176244156,0.36197271128998487,0.44520456069751835,0.15429242119382963,4.9974658971769905,2.035023466430805,-1.2950456141368192,0.5298153819689329,0.5641025641025641,1.9229787783213153,3.7979247734540467,1.4552570717822837
coherent latent single-frame posterior,HorizontalScanPath_11,Horizontal,11,78,71,0.9102564102564102,0.08974358974358974,1.0,0.9735042735042734,2.8456660573663495,1.3136713683298658,1.3018698281474599,1.0861732892195164,0.4616393286658739,0.04603908710076566,1.1826595008550835,0.0028756556017314316,0.5197202004520549,0.36171952365632687,0.43544600938967126,0.14684775318578133,4.997262444778922,2.0347462922632884,-1.2945368015558636,0.5271352354557546,0.5641025641025641,1.9164792473904602,3.84894383975417,1.4771579961036154
hybrid saturated-only sampling,HorizontalScanPath_12,Horizontal,12,86,78,0.9069767441860465,0.09302325581395349,1.0,0.9352713178294574,2.6561257542261023,0.6477487838718557,1.2433987360377046,0.6007212317161645,0.24386977267218513,0.020446549110930745,0.5934401781932633,0.005272183878383162,0.35452413009895645,0.3660252992213795,0.17454697201532643,0.13779890995080868,5.234848904337671,2.09883200916295,-1.7647391074193328,0.3642946320338411,0.4186046511627907,1.44087578509253,5.210617003803203,2.294119715186048
coherent latent single-frame posterior,HorizontalScanPath_12,Horizontal,12,86,78,0.9069767441860465,0.09302325581395349,1.0,0.9330749354005168,2.6561257542261023,0.6459792489397765,1.2433987360377046,0.5950739045828755,0.24320356365355572,0.020508009481203335,0.591507396788839,0.005094859075318057,0.35884096949310146,0.3682815040592198,0.1911379759481025,0.1183247132614221,5.235041727012839,2.098172075765782,-1.7669258722799581,0.3673096223857901,0.3953488372093023,1.4470182917022087,5.184944336208506,2.233775503255216
hybrid saturated-only sampling,SpiralScanPath_1,Spiral,1,72,67,0.9305555555555556,0.06944444444444445,1.0,0.94945987654321,2.8415939437166298,0.9959984603235761,1.1061801972315948,0.9907371086367789,0.3505069619556099,0.011247450307664374,0.964037773647063,0.012054878413809356,0.6617463862915642,0.18162217008026507,0.34771330513209364,0.3886583127145024,5.2579030462544845,2.085295254877664,-1.6673307540664173,0.6821423811624541,0.7083333333333334,2.453273329450739,3.028190388769209,0.7583941278647861
coherent latent single-frame posterior,SpiralScanPath_1,Spiral,1,72,67,0.9305555555555556,0.06944444444444445,1.0,0.9493055555555555,2.8415939437166298,0.9978561221990704,1.1061801972315948,0.9871791065557431,0.35116070134001487,0.011614961012490646,0.9648511193294722,0.012588390151576803,0.6587267660957227,0.1857678941715269,0.3432835820895523,0.39979248144305213,5.255791068708405,2.085076470550968,-1.6650744305193297,0.6796571433428513,0.6944444444444444,2.4515617168209607,3.014983312416963,0.7683093104679715
hybrid saturated-only sampling,SpiralScanPath_2,Spiral,2,89,68,0.7640449438202247,0.23595505617977527,1.0,0.8563670411985017,2.7651509200309268,0.36123985347040927,0.8968868849662783,0.34892940936163086,0.13064019430316265,0.0028845980023878203,0.3532635046501874,0.0017100051483293504,0.2803533387112187,0.09097393960498784,0.0765354811619651,0.18635721647516887,5.106585303216588,2.011625074624826,-1.7240624900960055,0.28283319021241426,0.5168539325842697,1.0929897233072423,6.807077472911175,1.7285397489139718
coherent latent single-frame posterior,SpiralScanPath_2,Spiral,2,89,68,0.7640449438202247,0.23595505617977527,1.0,0.8578027465667915,2.7651509200309268,0.3616849019967557,0.8968868849662783,0.34380148112958864,0.13080114339390575,0.0027708918889238795,0.35402296774079167,0.0017463633656548325,0.27978529881998226,0.08805746824685473,0.10730236286597701,0.20719929762949957,5.106837921736886,2.009185082362897,-1.7239355488735786,0.283873504525532,0.5393258426966292,1.0878127672721567,6.744434499557399,1.8945235748050504
hybrid saturated-only sampling,SpiralScanPath_3,Spiral,3,81,69,0.8518518518518519,0.14814814814814814,1.0,0.8838820301783263,2.690812727424352,0.3980417671951839,0.96851026136153,0.3766062601512772,0.1479262243479091,-0.0020248589051847163,0.4034902833084936,-0.0006114374955285053,0.2831517657569948,-0.06258706138075673,-0.0668980635732554,-0.29725977347460725,5.4300478202254014,2.17910508580971,-1.85491229384739,0.2863969092447667,0.37037037037037035,1.090780149052676,7.94475901995262,2.4415865185636996
coherent latent single-frame posterior,SpiralScanPath_3,Spiral,3,81,69,0.8518518518518519,0.14814814814814814,1.0,0.8868998628257887,2.690812727424352,0.3980812210071537,0.96851026136153,0.34446807412319913,0.14794088676256462,-0.0022883156492597067,0.40423864988054603,-0.0002568054091602539,0.28016770842864125,-0.06904370812986602,-0.08227986846912679,-0.2593715747168433,5.4313088383805095,2.17879259799693,-1.8548075598301696,0.2835611562658923,0.35802469135802467,1.0896813655488082,7.862313707820802,2.3872186337460644
hybrid saturated-only sampling,SpiralScanPath_4,Spiral,4,80,66,0.825,0.175,1.0,0.9745833333333334,2.891677441484667,1.367503153544525,1.1300745825416811,1.2610193483310468,0.4729099912479904,-0.014256304410954771,1.4087277874086208,-0.005023789753511516,0.6489596195241873,-0.14193314404810942,-0.09049159795428453,-0.12017534704101869,5.368538606838664,2.3340915269788938,-1.0380009985845575,0.6232455779196261,0.5375,2.1835454286113047,4.395716797018331,1.6539971398396087
coherent latent single-frame posterior,SpiralScanPath_4,Spiral,4,80,66,0.825,0.175,1.0,0.9731944444444445,2.891677441484667,1.3669034496960104,1.1300745825416811,1.255224055195896,0.47270260164086786,-0.014776502628350494,1.4096323290104498,-0.005062378117408274,0.6505495994995865,-0.14641378682375367,-0.09420728525206137,-0.11399645130988416,5.3710854226170754,2.33499842898177,-1.03999565331613,0.6240759877250512,0.525,2.1953851374864763,4.414290645966579,1.6512914210582492
hybrid saturated-only sampling,SpiralScanPath_5,Spiral,5,84,69,0.8214285714285714,0.17857142857142858,1.0,0.953505291005291,2.780542975090039,1.3262435740326688,1.122546336372011,1.217780967489091,0.4769728739724739,0.01910001098757223,1.2731351726570315,0.008902701574119673,0.8266395047369794,0.1945750781234301,0.40127877237851667,0.352283522104494,5.226259764618206,1.9500492688862512,-1.00958287999287,0.807221303937086,0.7023809523809523,2.7157619566509448,2.4150680529386412,1.0904911907607526
coherent latent single-frame posterior,SpiralScanPath_5,Spiral,5,84,69,0.8214285714285714,0.17857142857142858,1.0,0.9566137566137566,2.780542975090039,1.324516478869399,1.122546336372011,1.219763070032684,0.4763517380365282,0.01923980806726845,1.2710193657058741,0.009425930237408533,0.8210856321842673,0.19680359661454566,0.4125319693094629,0.3612349287541104,5.225463698929516,1.9483277669115229,-1.0125254750247226,0.80117830593,0.6904761904761905,2.6876295559850156,2.4151376641474775,1.0637325278192618
hybrid saturated-only sampling,SpiralScanPath_6,Spiral,6,81,70,0.8641975308641975,0.13580246913580246,1.0,0.9459533607681757,2.7480268670190333,0.9193462595336127,1.0585154765141738,0.8964302055244104,0.33454776973519496,0.019583529411489373,0.8655301945597825,-0.0013511285359993,0.5704218100059941,0.308853929504855,0.31418073659347384,0.12546583850931678,5.310809892626881,2.0355564117669664,-1.4674223788615317,0.544880655623884,0.654320987654321,1.9395456226899945,3.9996016117652347,1.1701682057635383
coherent latent single-frame posterior,SpiralScanPath_6,Spiral,6,81,70,0.8641975308641975,0.13580246913580246,1.0,0.9455418381344306,2.7480268670190333,0.9190893269014679,1.0585154765141738,0.8981723636569541,0.3344542726026784,0.019498340637289068,0.8655073629679084,-0.0012239519269638035,0.5664600587756216,0.3089029224735981,0.3154754614644388,0.13256932901758375,5.311016738978361,2.035055286222217,-1.4682758181122755,0.5432029395641268,0.654320987654321,1.9492105965094872,3.9959289924553087,1.1877562978745946
hybrid saturated-only sampling,SpiralScanPath_7,Spiral,7,79,70,0.8860759493670886,0.11392405063291139,1.0,0.9405766526019689,2.80574605061399,0.7636027283530016,1.01366131309058,0.7271508349952285,0.272156750674531,0.010422057280706805,0.7343610822983859,0.0012736250795596597,0.41487120239764586,0.17615378584877645,0.37982678680780335,0.23100341177499784,5.260723790828186,2.1202911782120935,-1.7448224821994425,0.4122157366205167,0.6075949367088608,1.522928276600761,5.253419129562191,1.4247182838578878
coherent latent single-frame posterior,SpiralScanPath_7,Spiral,7,79,70,0.8860759493670886,0.11392405063291139,1.0,0.9441631504922644,2.80574605061399,0.7627673070501836,1.01366131309058,0.7209597805688759,0.2718589969620611,0.010871156921845955,0.7322656014511097,0.0022040199558272717,0.4103950693765894,0.18265309526435922,0.3788120024494795,0.24877963432770536,5.25901802561495,2.1204731229085496,-1.7458513774302271,0.41038288959301494,0.6075949367088608,1.5398613480798014,5.178780521175447,1.4461986798522999
hybrid saturated-only sampling,SpiralScanPath_8,Spiral,8,83,68,0.8192771084337349,0.18072289156626506,1.0,0.9292503346720212,2.8663316486322308,0.6369444561058046,1.028696100824618,0.5876369361228626,0.2222158961995011,-0.00025338513656600375,0.6376707419420369,-0.0008537070304258758,0.3679392266715486,-0.004469811037251144,0.17288239111348624,0.1753635912509066,5.433979026517469,2.098610895750184,-1.7065930945811525,0.36866171822522587,0.4939759036144578,1.3787748000214954,6.271536385623987,1.670754223615881
coherent latent single-frame posterior,SpiralScanPath_8,Spiral,8,83,68,0.8192771084337349,0.18072289156626506,1.0,0.9267068273092371,2.8663316486322308,0.6369018794508371,1.028696100824618,0.584945350983844,0.22220104214205527,-0.0003619460261910138,0.6379393368008051,-0.0009630511231723522,0.3706086398096701,-0.006385417344592484,0.16856892010535557,0.1945260907737527,5.434520140731199,2.099740622270181,-1.706458614065508,0.3706175513605039,0.5180722891566265,1.3821821839661481,6.236464234183637,1.6916248486811423
hybrid saturated-only sampling,SpiralScanPath_9,Spiral,9,79,67,0.8481012658227848,0.1518987341772152,1.0,0.9575949367088606,2.8945628266042847,1.098394035784345,1.0135905925317275,0.9529968033799605,0.37946802387181566,-0.010578477037451677,1.1290141021790396,-0.008199584902559218,0.7211030809227424,-0.11740429613859027,-0.12957937584803256,-0.10631335302099132,5.63013092607151,2.326264298063792,-1.3347112542826085,0.6904160217714567,0.5063291139240507,2.3772162444025486,4.08651208045322,1.5721836159866585
coherent latent single-frame posterior,SpiralScanPath_9,Spiral,9,79,67,0.8481012658227848,0.1518987341772152,1.0,0.9578762306610409,2.8945628266042847,1.096406851301508,1.0135905925317275,0.948040024367117,0.3787815006896023,-0.010318004427887837,1.1262729633632107,-0.008687230871844859,0.7165078371685762,-0.11554808756583881,-0.12359326362838216,-0.11732779950514806,5.629083440141125,2.3245075232073837,-1.3355747791218358,0.6853582120514181,0.5316455696202531,2.350662509322776,4.191128113315166,1.5739174810518446
hybrid saturated-only sampling,SpiralScanPath_10,Spiral,10,78,68,0.8717948717948718,0.1282051282051282,1.0,0.9754273504273505,2.8386435544305577,1.484819512100284,0.9910376373425436,1.2420958985719324,0.5230736031590779,0.015672798791513346,1.4403300228308678,0.009913356214404527,0.7294449784177295,0.13162362313811155,0.23605756384318813,0.3043478260869565,5.4926685008975635,2.2925440864066675,-0.9944626299807394,0.7723432006805,0.5897435897435898,2.645422007255323,3.015907966630685,1.4469009081274837
coherent latent single-frame posterior,SpiralScanPath_10,Spiral,10,78,68,0.8717948717948718,0.1282051282051282,1.0,0.974786324786325,2.8386435544305577,1.4863015912593391,0.9910376373425436,1.231742755180818,0.5235957113881092,0.01607630083323363,1.4406667035199943,0.009858299642873958,0.7303912653224002,0.13434437352833561,0.24735656754590218,0.28804824979959537,5.49045086694063,2.291445335872667,-0.9934646239959972,0.7730948211404175,0.5641025641025641,2.636713797204153,3.0062077309321698,1.407371161929575
hybrid saturated-only sampling,SpiralScanPath_11,Spiral,11,77,67,0.8701298701298701,0.12987012987012986,1.0,0.9339105339105337,2.862283652132749,0.8386720693883936,1.0262982021042717,0.8268820307086457,0.29300802132712495,0.007135378855512592,0.818248591138486,0.004788682813236324,0.4961952710833361,0.12037825607207583,0.25025939819618487,0.23361800622555676,5.641410260787861,2.1382740331159407,-1.6797083777777149,0.4994906587227618,0.6493506493506493,1.7913451474377282,4.098171436991512,1.3302975386452052
coherent latent single-frame posterior,SpiralScanPath_11,Spiral,11,77,67,0.8701298701298701,0.12987012987012986,1.0,0.9346320346320347,2.862283652132749,0.8352147139638637,1.0262982021042717,0.8101825334244381,0.29180012027861996,0.0071123935483302266,0.8148570261829435,0.005822769511846691,0.4940005446379486,0.1205344384733634,0.2501396759517919,0.24507143427248787,5.642430609795552,2.1383081165584867,-1.6832180519205422,0.500177347321806,0.6493506493506493,1.7883570376343436,4.0385165882658915,1.3751299304443796
hybrid saturated-only sampling,SpiralScanPath_12,Spiral,12,79,70,0.8860759493670886,0.11392405063291139,1.0,0.9611111111111111,2.7479223984513395,1.0166224585119785,0.9739713433854149,0.95528354915308,0.36996039592854646,0.019233388700438885,0.9637705989039217,0.005984675649304037,0.49663580026360227,0.26183005539249643,0.2755489458490071,0.09757676493745078,5.376324409310193,2.092668154393517,-1.4292248684144864,0.5106432462361814,0.6075949367088608,1.872533613225395,3.9633602450708865,1.44058146219678
coherent latent single-frame posterior,SpiralScanPath_12,Spiral,12,79,70,0.8860759493670886,0.11392405063291139,1.0,0.9645569620253165,2.7479223984513395,1.0186281436182543,0.9739713433854149,0.959726808822154,0.3706902873939699,0.01892112949267348,0.9666343480813384,0.005964070364498154,0.495361593979321,0.2570597322705392,0.26347651124136123,0.09971131134633889,5.377523361256985,2.096536168834712,-1.4265400203842313,0.5087620971552186,0.5569620253164557,1.8560701166986961,3.9408940047426393,1.4615055174267957
