kernel,shape,shape_label,method,n_seeds,field_rel_l2_mean,field_rel_l2_std,hot_region_rel_l2_mean,peak_abs_error_mean,peak_abs_error_std,posterior_sd_at_true_peak_mean,peak_interval_width_mean,true_peak_coverage,lengthscale_mean,lengthscale_y_mean,angle_degrees_mean,kernel_label
isotropic_fixed,axis_gaussian,axis Gaussian,exact clipped,10,0.10412915643494267,0.00025979977490141887,0.2518059715091664,468.9488879326914,4.6483973617859755,15.14683279668609,59.3755845630094,0.0,0.7,,0.0,isotropic fixed
isotropic_fixed,axis_gaussian,axis Gaussian,discard saturated,10,0.04352898137759475,0.007104011005678371,0.08228499994556407,150.94261837947602,58.87978507063774,98.42442474430622,385.82374499768036,0.7,0.7,,0.0,isotropic fixed
isotropic_fixed,axis_gaussian,axis Gaussian,censored Laplace,10,0.03808357685517767,0.007422494129106446,0.06209012713584734,103.4991923789111,65.40730000701765,87.94566986151555,344.747025857141,0.8,0.7,,0.0,isotropic fixed
isotropic_fixed,axis_gaussian,axis Gaussian,censored sampled,10,0.03659415082878893,0.006496168987000136,0.055910666961576386,88.21468173230862,65.56551013176542,86.93720461854846,335.02883773431824,0.8,0.7,,0.0,isotropic fixed
isotropic_fixed,axis_gaussian,axis Gaussian,oracle true,10,0.0015770389686947319,0.0,0.0030837502102339744,5.694589270055303,0.0,15.14683279668609,59.3755845630094,1.0,0.7,,0.0,isotropic fixed
isotropic_tuned,axis_gaussian,axis Gaussian,exact clipped,10,0.09664380247651728,0.0012023564193258786,0.2355454893017645,419.8124098293318,3.0683540767025477,8.626870941384473,33.81733409022711,0.0,1.3241380180588287,,0.0,isotropic tuned
isotropic_tuned,axis_gaussian,axis Gaussian,discard saturated,10,0.07618204676178376,0.0072110629568568054,0.18319599959719904,336.2174086227143,29.16031739693719,17.90974312969923,70.206193068421,0.0,1.3241380180588287,,0.0,isotropic tuned
isotropic_tuned,axis_gaussian,axis Gaussian,censored Laplace,10,0.07093517609477193,0.006141187354465137,0.1691138001909069,313.7695043483285,24.60198734242985,15.699230255393152,61.54098260114112,0.0,1.3241380180588287,,0.0,isotropic tuned
isotropic_tuned,axis_gaussian,axis Gaussian,censored sampled,10,0.07080791261314523,0.005842519759106764,0.16855657884489098,313.1497242976551,23.23599416468791,14.754330241079241,56.412726851008,0.0,1.3241380180588287,,0.0,isotropic tuned
isotropic_tuned,axis_gaussian,axis Gaussian,oracle true,10,0.0335485467970125,0.0031426877859564166,0.054015080789408164,115.57381859057573,11.257689748419438,8.626870941384473,33.81733409022718,0.0,1.3241380180588287,,0.0,isotropic tuned
anisotropic_tuned,axis_gaussian,axis Gaussian,exact clipped,10,0.09597174548526644,0.001055114849688449,0.23389681244883728,417.457085119621,2.967306069133171,9.08471663291297,35.61208920101876,0.0,1.75,0.9,0.0,anisotropic tuned
anisotropic_tuned,axis_gaussian,axis Gaussian,discard saturated,10,0.05877781973232461,0.0054798541969531805,0.13910693269502825,263.83932482910575,22.5194773372158,21.7780635502983,85.37000911716935,0.0,1.75,0.9,0.0,anisotropic tuned
anisotropic_tuned,axis_gaussian,axis Gaussian,censored Laplace,10,0.05513646806423809,0.005065003674457919,0.12922390164566405,248.06659991586184,20.181743770816514,20.880439133726707,81.85132140420868,0.0,1.75,0.9,0.0,anisotropic tuned
anisotropic_tuned,axis_gaussian,axis Gaussian,censored sampled,10,0.05491953489626478,0.005186954087467716,0.12845901358744677,246.7111042629996,21.00849875745499,21.142793981765543,81.24589401334025,0.0,1.75,0.9,0.0,anisotropic tuned
anisotropic_tuned,axis_gaussian,axis Gaussian,oracle true,10,0.020316090082124778,0.0,0.033587466453411347,79.71032030738502,0.0,9.08471663291297,35.61208920101899,0.0,1.75,0.9,0.0,anisotropic tuned
anisotropic_informed,axis_gaussian,axis Gaussian,exact clipped,10,0.10552871652430862,0.00030083854600580453,0.25452306154489285,462.1965903061093,8.901026144867279,22.75300564775162,89.19178213918644,0.0,0.75,0.48,0.0,anisotropic informed
anisotropic_informed,axis_gaussian,axis Gaussian,discard saturated,10,0.052948980165095104,0.01613723108883674,0.10712165513383232,188.4636780155854,91.92398649385228,232.95869267606048,913.198075290157,1.0,0.75,0.48,0.0,anisotropic informed
anisotropic_informed,axis_gaussian,axis Gaussian,censored Laplace,10,0.04618507818981437,0.009555142531314027,0.08614336123211083,138.82354729599825,83.8856007617744,217.56297950667175,852.8468796661533,1.0,0.75,0.48,0.0,anisotropic informed
anisotropic_informed,axis_gaussian,axis Gaussian,censored sampled,10,0.035764945087843406,0.003115067859825035,0.04712025714880967,74.69184595565874,32.760118256173165,188.12740432979584,700.2792694727488,1.0,0.75,0.48,0.0,anisotropic informed
anisotropic_informed,axis_gaussian,axis Gaussian,oracle true,10,0.0005216724313355512,0.0,0.0009326150203460863,1.9052843110723643,0.0,22.75300564775162,89.19178213918622,1.0,0.75,0.48,0.0,anisotropic informed
isotropic_fixed,rotated_wake,rotated wake,exact clipped,10,0.11283204495354227,0.0006464200661941251,0.28072734768914714,621.0977213310075,4.870664972055904,15.147353070786073,59.37762403748138,0.0,0.7,,0.0,isotropic fixed
isotropic_fixed,rotated_wake,rotated wake,discard saturated,10,0.10232584712323922,0.010958145660027526,0.24980122703038968,520.1343439407559,51.56441250911342,67.03500422328105,262.7772165552618,0.0,0.7,,0.0,isotropic fixed
isotropic_fixed,rotated_wake,rotated wake,censored Laplace,10,0.07431520365357518,0.004001860783098989,0.17470724860987946,400.7859906656448,24.11519073559886,42.19286074154778,165.39601410686728,0.0,0.7,,0.0,isotropic fixed
isotropic_fixed,rotated_wake,rotated wake,censored sampled,10,0.0718620316185494,0.004315470979694991,0.16623795837255123,383.8237788083808,24.903214328406456,45.343904513560425,171.30277603164066,0.0,0.7,,0.0,isotropic fixed
isotropic_fixed,rotated_wake,rotated wake,oracle true,10,0.02498848571677381,0.0,0.03710853899986565,77.68321645490869,0.0,15.147353070786073,59.37762403748138,0.0,0.7,,0.0,isotropic fixed
isotropic_tuned,rotated_wake,rotated wake,exact clipped,10,0.1155042133917826,0.0018709771837263794,0.28371996549814205,629.2648099891329,4.325714645039884,11.64392388529087,45.6441816303402,0.0,0.9428834628067818,,0.0,isotropic tuned
isotropic_tuned,rotated_wake,rotated wake,discard saturated,10,0.1259060813027017,0.009114130229661115,0.3092183267117246,635.1369627200128,36.05545030608697,30.32939402900243,118.8912245936895,0.0,0.9428834628067818,,0.0,isotropic tuned
isotropic_tuned,rotated_wake,rotated wake,censored Laplace,10,0.09837529250062207,0.006355005326729402,0.23595472394878042,529.6244239653446,31.592311339131257,21.138096869021435,82.86133972656404,0.0,0.9428834628067818,,0.0,isotropic tuned
isotropic_tuned,rotated_wake,rotated wake,censored sampled,10,0.10029111528748662,0.008976787015394526,0.23966217168538825,533.7517671620681,40.47557079101126,19.259712714555917,71.12310194308108,0.0,0.9428834628067818,,0.0,isotropic tuned
isotropic_tuned,rotated_wake,rotated wake,oracle true,10,0.05321659665991239,0.006000443059460461,0.07941559899751237,184.97231321751823,24.11196736249751,11.64392388529087,45.64418163034029,0.0,0.9428834628067818,,0.0,isotropic tuned
anisotropic_tuned,rotated_wake,rotated wake,exact clipped,10,0.10949243965776012,0.0014267779625496044,0.2751139734170061,605.6020386386433,4.0466670184304085,10.321449426352604,40.460081751302184,0.0,1.75,0.675,35.0,anisotropic tuned
anisotropic_tuned,rotated_wake,rotated wake,discard saturated,10,0.09959462900214314,0.012783237577258477,0.24801680734724005,543.2781213644349,53.612723525540254,28.718711922230682,112.5773507351443,0.0,1.75,0.675,35.0,anisotropic tuned
anisotropic_tuned,rotated_wake,rotated wake,censored Laplace,10,0.07777661375759147,0.007398125685958199,0.19067130470483584,444.6010742459598,35.25191517309215,21.200531382292073,83.1060830185849,0.0,1.75,0.675,35.0,anisotropic tuned
anisotropic_tuned,rotated_wake,rotated wake,censored sampled,10,0.0793935104940094,0.010038420410545925,0.19388856066582486,449.97476902447835,45.84487171960979,19.480663880030942,78.49537959564564,0.0,1.75,0.675,35.0,anisotropic tuned
anisotropic_tuned,rotated_wake,rotated wake,oracle true,10,0.03365139381802992,0.007187967637003252,0.055554711166488815,163.06861654773292,29.35606754813684,10.321449426352604,40.460081751302184,0.0,1.75,0.675,35.0,anisotropic tuned
anisotropic_informed,rotated_wake,rotated wake,exact clipped,10,0.11628052800601632,0.0003798164041410967,0.290729843178393,636.3508308618714,4.7572319342414415,21.26836930808573,83.37200768769617,0.0,1.25,0.28,34.0,anisotropic informed
anisotropic_informed,rotated_wake,rotated wake,discard saturated,10,0.10429301925612085,0.018836936836046942,0.2559650591889986,558.3091824915325,83.45798662325424,190.49400854960922,746.7365135144682,0.0,1.25,0.28,34.0,anisotropic informed
anisotropic_informed,rotated_wake,rotated wake,censored Laplace,10,0.07172956897800362,0.007292090480324968,0.16657624677849653,404.4283834628359,56.49441196580947,100.34790361157886,393.3637821573891,0.0,1.25,0.28,34.0,anisotropic informed
anisotropic_informed,rotated_wake,rotated wake,censored sampled,10,0.06320356997215357,0.009963822848718183,0.1376254116475543,326.50063453542253,79.53515764095117,110.15316795589311,429.2431938951727,0.3,1.25,0.28,34.0,anisotropic informed
anisotropic_informed,rotated_wake,rotated wake,oracle true,10,0.0084897744403737,0.0,0.016341833079782292,34.65984786968875,0.0,21.26836930808573,83.37200768769617,1.0,1.25,0.28,34.0,anisotropic informed
isotropic_fixed,laser_path,moving-laser path,exact clipped,10,0.11242934097236697,0.000654735399872233,0.2896396153941193,668.7101680908382,5.083981915461073,15.150229227769325,59.38889857285585,0.0,0.7,,0.0,isotropic fixed
isotropic_fixed,laser_path,moving-laser path,discard saturated,10,0.1546595712786032,0.010686595582377249,0.40763667305264245,773.1375588152116,31.231927995329176,59.89573562141593,234.7912836359504,0.0,0.7,,0.0,isotropic fixed
isotropic_fixed,laser_path,moving-laser path,censored Laplace,10,0.1058273795519831,0.0013091367763212174,0.2691844696929258,616.0223926902702,12.518552620589535,27.338488482736768,107.16687485232816,0.0,0.7,,0.0,isotropic fixed
isotropic_fixed,laser_path,moving-laser path,censored sampled,10,0.11353413130453935,0.0034923736841654435,0.28788759970874456,644.7122907026862,26.037333356656337,32.7064968843362,119.02695857754057,0.0,0.7,,0.0,isotropic fixed
isotropic_fixed,laser_path,moving-laser path,oracle true,10,0.06519059487598279,0.0,0.12431023290290041,261.0843588109565,0.0,15.150229227769325,59.38889857285585,0.0,0.7,,0.0,isotropic fixed
isotropic_tuned,laser_path,moving-laser path,exact clipped,10,0.1367065634386642,0.01083068266224297,0.3477740182161821,758.8435367406398,37.929142359807784,9.36109363654113,36.69548705524119,0.0,1.2594041154768187,,0.0,isotropic tuned
isotropic_tuned,laser_path,moving-laser path,discard saturated,10,0.169313011521182,0.011061517838606217,0.4464052157250519,864.3266141448928,44.44486413263958,16.74786436603609,65.65162831486143,0.0,1.2594041154768187,,0.0,isotropic tuned
isotropic_tuned,laser_path,moving-laser path,censored Laplace,10,0.13584808840452617,0.011272815575203108,0.3447490678599303,752.99482986527,40.972935872953826,9.796500337996658,38.4022813249469,0.0,1.2594041154768187,,0.0,isotropic tuned
isotropic_tuned,laser_path,moving-laser path,censored sampled,10,0.15611341092333253,0.01481152224175905,0.4080828764759878,839.3381829690816,51.80855246148708,16.53004171255835,56.259697842230295,0.0,1.2594041154768187,,0.0,isotropic tuned
isotropic_tuned,laser_path,moving-laser path,oracle true,10,0.11326417243420454,0.017923109719676828,0.2318987231532179,521.9164485077222,99.48518851609226,9.36109363654113,36.69548705524121,0.0,1.2594041154768187,,0.0,isotropic tuned
anisotropic_tuned,laser_path,moving-laser path,exact clipped,10,0.12222727480999156,0.0044543566926004185,0.31599807351717485,703.4469362357687,18.368231347668303,9.820087072581412,38.494741324519055,0.0,1.75,0.775,0.0,anisotropic tuned
anisotropic_tuned,laser_path,moving-laser path,discard saturated,10,0.14964698053199724,0.008073270155891564,0.3971257772559933,800.4774719367203,29.94465548842315,18.128755892600502,71.06472309899395,0.0,1.75,0.775,0.0,anisotropic tuned
anisotropic_tuned,laser_path,moving-laser path,censored Laplace,10,0.12065181109098207,0.004881480147998409,0.31072973264632786,694.1418468844485,20.80129679555276,10.646381968172117,41.73381731523468,0.0,1.75,0.775,0.0,anisotropic tuned
anisotropic_tuned,laser_path,moving-laser path,censored sampled,10,0.13263014919952648,0.010498816406960583,0.34623370840945716,741.6146216817875,41.66831257987548,14.663221403693091,48.81031592463447,0.0,1.75,0.775,0.0,anisotropic tuned
anisotropic_tuned,laser_path,moving-laser path,oracle true,10,0.0909770620678675,0.008717512327100942,0.18140501250706265,450.11198832072114,39.59909190137027,9.820087072581412,38.494741324519055,0.0,1.75,0.775,0.0,anisotropic tuned
anisotropic_informed,laser_path,moving-laser path,exact clipped,10,0.1157938922739182,0.00040923862224021484,0.3055547749085362,689.0575369804629,4.02415834635694,254.18187847241762,996.3929636118771,0.0,1.1,0.2,0.0,anisotropic informed
anisotropic_informed,laser_path,moving-laser path,discard saturated,10,0.1361825654175396,0.006772910481055247,0.356103304864602,585.2345553465857,130.79330363651397,258.77605763260317,1014.4021459198044,0.0,1.1,0.2,0.0,anisotropic informed
anisotropic_informed,laser_path,moving-laser path,censored Laplace,10,0.10751506629747634,0.003117071146869714,0.2702269420868133,529.004671201162,70.51029154050278,254.81553452000247,998.8768953184097,0.0,1.1,0.2,0.0,anisotropic informed
anisotropic_informed,laser_path,moving-laser path,censored sampled,10,0.1937462469428599,0.026729682018542422,0.29605333238734766,471.62427768542403,76.70620359959075,244.46339881265754,940.2669076261261,0.0,1.1,0.2,0.0,anisotropic informed
anisotropic_informed,laser_path,moving-laser path,oracle true,10,0.06640971342060573,0.0,0.14848400272943185,334.62458062265796,0.0,254.18187847241762,996.392963611877,1.0,1.1,0.2,0.0,anisotropic informed
