observation_seed,objective,lengthscale_s,lengthscale_r,negative_log_marginal_likelihood,tuning_strategy,tuning_label
0,unsat_mll,0.45,0.1,1882.3548782186772,path_unsat_mll,unsat MLL tuned
0,unsat_mll,0.45,0.14,1819.2532166269184,path_unsat_mll,unsat MLL tuned
0,unsat_mll,0.45,0.18,1773.1666702488315,path_unsat_mll,unsat MLL tuned
0,unsat_mll,0.45,0.24,1728.910447989896,path_unsat_mll,unsat MLL tuned
0,unsat_mll,0.45,0.32,1685.4577733931378,path_unsat_mll,unsat MLL tuned
0,unsat_mll,0.45,0.45,1632.1727496377202,path_unsat_mll,unsat MLL tuned
0,unsat_mll,0.7,0.1,1853.5880541255115,path_unsat_mll,unsat MLL tuned
0,unsat_mll,0.7,0.14,1785.5321956599655,path_unsat_mll,unsat MLL tuned
0,unsat_mll,0.7,0.18,1734.3430093991115,path_unsat_mll,unsat MLL tuned
0,unsat_mll,0.7,0.24,1683.2926966516793,path_unsat_mll,unsat MLL tuned
0,unsat_mll,0.7,0.32,1633.1660667612455,path_unsat_mll,unsat MLL tuned
0,unsat_mll,0.7,0.45,1583.6690430738836,path_unsat_mll,unsat MLL tuned
0,unsat_mll,0.95,0.1,1826.6279067353275,path_unsat_mll,unsat MLL tuned
0,unsat_mll,0.95,0.14,1757.8551772239207,path_unsat_mll,unsat MLL tuned
0,unsat_mll,0.95,0.18,1705.5684902949583,path_unsat_mll,unsat MLL tuned
0,unsat_mll,0.95,0.24,1651.425109417345,path_unsat_mll,unsat MLL tuned
0,unsat_mll,0.95,0.32,1601.5620000990589,path_unsat_mll,unsat MLL tuned
0,unsat_mll,0.95,0.45,1556.6915557256157,path_unsat_mll,unsat MLL tuned
0,unsat_mll,1.25,0.1,1798.9612117351785,path_unsat_mll,unsat MLL tuned
0,unsat_mll,1.25,0.14,1729.8946050991663,path_unsat_mll,unsat MLL tuned
0,unsat_mll,1.25,0.18,1676.9829887161623,path_unsat_mll,unsat MLL tuned
0,unsat_mll,1.25,0.24,1622.1611979922063,path_unsat_mll,unsat MLL tuned
0,unsat_mll,1.25,0.32,1575.4104154414094,path_unsat_mll,unsat MLL tuned
0,unsat_mll,1.25,0.45,1535.648152178132,path_unsat_mll,unsat MLL tuned
0,unsat_mll,1.6,0.1,1772.0839005476191,path_unsat_mll,unsat MLL tuned
0,unsat_mll,1.6,0.14,1703.860380122499,path_unsat_mll,unsat MLL tuned
0,unsat_mll,1.6,0.18,1651.380074407687,path_unsat_mll,unsat MLL tuned
0,unsat_mll,1.6,0.24,1597.6389950031412,path_unsat_mll,unsat MLL tuned
0,unsat_mll,1.6,0.32,1555.6055002917556,path_unsat_mll,unsat MLL tuned
0,unsat_mll,1.6,0.45,1522.465734693184,path_unsat_mll,unsat MLL tuned
0,unsat_mll,2.1,0.1,1741.643192730351,path_unsat_mll,unsat MLL tuned
0,unsat_mll,2.1,0.14,1677.5568954967775,path_unsat_mll,unsat MLL tuned
0,unsat_mll,2.1,0.18,1629.3826645947765,path_unsat_mll,unsat MLL tuned
0,unsat_mll,2.1,0.24,1578.0246854090174,path_unsat_mll,unsat MLL tuned
0,unsat_mll,2.1,0.32,1542.2340583636196,path_unsat_mll,unsat MLL tuned
0,unsat_mll,2.1,0.45,1517.2890676405887,path_unsat_mll,unsat MLL tuned
0,censored_mll,0.45,0.1,1892.6955471551803,path_censored_mll,censored MLL tuned
0,censored_mll,0.45,0.14,1829.1084780379301,path_censored_mll,censored MLL tuned
0,censored_mll,0.45,0.18,1782.0704557772651,path_censored_mll,censored MLL tuned
0,censored_mll,0.45,0.24,1736.8291355291185,path_censored_mll,censored MLL tuned
0,censored_mll,0.45,0.32,1694.142304233448,path_censored_mll,censored MLL tuned
0,censored_mll,0.45,0.45,1644.9378760132583,path_censored_mll,censored MLL tuned
0,censored_mll,0.7,0.1,1862.8702698307716,path_censored_mll,censored MLL tuned
0,censored_mll,0.7,0.14,1795.7005727811782,path_censored_mll,censored MLL tuned
0,censored_mll,0.7,0.18,1744.2724839385928,path_censored_mll,censored MLL tuned
0,censored_mll,0.7,0.24,1692.7380818037893,path_censored_mll,censored MLL tuned
0,censored_mll,0.7,0.32,1643.5852825737122,path_censored_mll,censored MLL tuned
0,censored_mll,0.7,0.45,1601.6676496341613,path_censored_mll,censored MLL tuned
0,censored_mll,0.95,0.1,1835.5484007850473,path_censored_mll,censored MLL tuned
0,censored_mll,0.95,0.14,1769.2071359372487,path_censored_mll,censored MLL tuned
0,censored_mll,0.95,0.18,1716.4364053677566,path_censored_mll,censored MLL tuned
0,censored_mll,0.95,0.24,1662.859387171183,path_censored_mll,censored MLL tuned
0,censored_mll,0.95,0.32,1615.7299055486005,path_censored_mll,censored MLL tuned
0,censored_mll,0.95,0.45,1581.404627373169,path_censored_mll,censored MLL tuned
0,censored_mll,1.25,0.1,1808.2720519809661,path_censored_mll,censored MLL tuned
0,censored_mll,1.25,0.14,1744.5730413136587,path_censored_mll,censored MLL tuned
0,censored_mll,1.25,0.18,1691.2677506078537,path_censored_mll,censored MLL tuned
0,censored_mll,1.25,0.24,1638.765724295549,path_censored_mll,censored MLL tuned
0,censored_mll,1.25,0.32,1594.7132627796634,path_censored_mll,censored MLL tuned
0,censored_mll,1.25,0.45,1562.5577242792267,path_censored_mll,censored MLL tuned
0,censored_mll,1.6,0.1,1782.4363898423542,path_censored_mll,censored MLL tuned
0,censored_mll,1.6,0.14,1723.5052525960282,path_censored_mll,censored MLL tuned
0,censored_mll,1.6,0.18,1670.5920110590218,path_censored_mll,censored MLL tuned
0,censored_mll,1.6,0.24,1619.5079627018577,path_censored_mll,censored MLL tuned
0,censored_mll,1.6,0.32,1580.4809133382005,path_censored_mll,censored MLL tuned
0,censored_mll,1.6,0.45,1553.4138557085153,path_censored_mll,censored MLL tuned
0,censored_mll,2.1,0.1,1754.5483092952531,path_censored_mll,censored MLL tuned
0,censored_mll,2.1,0.14,1704.940068592657,path_censored_mll,censored MLL tuned
0,censored_mll,2.1,0.18,1655.8413692928755,path_censored_mll,censored MLL tuned
0,censored_mll,2.1,0.24,1605.8805192200562,path_censored_mll,censored MLL tuned
0,censored_mll,2.1,0.32,1574.3952492066373,path_censored_mll,censored MLL tuned
0,censored_mll,2.1,0.45,1558.270781894704,path_censored_mll,censored MLL tuned
1,unsat_mll,0.45,0.1,1867.8913605466932,path_unsat_mll,unsat MLL tuned
1,unsat_mll,0.45,0.14,1807.069841142931,path_unsat_mll,unsat MLL tuned
1,unsat_mll,0.45,0.18,1762.064454996044,path_unsat_mll,unsat MLL tuned
1,unsat_mll,0.45,0.24,1709.005324739355,path_unsat_mll,unsat MLL tuned
1,unsat_mll,0.45,0.32,1657.8534945325948,path_unsat_mll,unsat MLL tuned
1,unsat_mll,0.45,0.45,1601.3092075294946,path_unsat_mll,unsat MLL tuned
1,unsat_mll,0.7,0.1,1838.7758686286725,path_unsat_mll,unsat MLL tuned
1,unsat_mll,0.7,0.14,1772.738797031783,path_unsat_mll,unsat MLL tuned
1,unsat_mll,0.7,0.18,1721.913291921696,path_unsat_mll,unsat MLL tuned
1,unsat_mll,0.7,0.24,1661.2034786817812,path_unsat_mll,unsat MLL tuned
1,unsat_mll,0.7,0.32,1607.2405070856196,path_unsat_mll,unsat MLL tuned
1,unsat_mll,0.7,0.45,1550.4872097625698,path_unsat_mll,unsat MLL tuned
1,unsat_mll,0.95,0.1,1811.2881985223669,path_unsat_mll,unsat MLL tuned
1,unsat_mll,0.95,0.14,1744.3202658706514,path_unsat_mll,unsat MLL tuned
1,unsat_mll,0.95,0.18,1691.3958558964796,path_unsat_mll,unsat MLL tuned
1,unsat_mll,0.95,0.24,1628.569935722597,path_unsat_mll,unsat MLL tuned
1,unsat_mll,0.95,0.32,1576.370113845392,path_unsat_mll,unsat MLL tuned
1,unsat_mll,0.95,0.45,1523.5074358310815,path_unsat_mll,unsat MLL tuned
1,unsat_mll,1.25,0.1,1782.6042257433305,path_unsat_mll,unsat MLL tuned
1,unsat_mll,1.25,0.14,1715.5351828646542,path_unsat_mll,unsat MLL tuned
1,unsat_mll,1.25,0.18,1661.4525941769487,path_unsat_mll,unsat MLL tuned
1,unsat_mll,1.25,0.24,1598.9361567112487,path_unsat_mll,unsat MLL tuned
1,unsat_mll,1.25,0.32,1549.6271872071088,path_unsat_mll,unsat MLL tuned
1,unsat_mll,1.25,0.45,1503.5913743894996,path_unsat_mll,unsat MLL tuned
1,unsat_mll,1.6,0.1,1754.1757839181153,path_unsat_mll,unsat MLL tuned
1,unsat_mll,1.6,0.14,1688.2337363471559,path_unsat_mll,unsat MLL tuned
1,unsat_mll,1.6,0.18,1634.298898261743,path_unsat_mll,unsat MLL tuned
1,unsat_mll,1.6,0.24,1573.8458675221557,path_unsat_mll,unsat MLL tuned
1,unsat_mll,1.6,0.32,1527.7340002836602,path_unsat_mll,unsat MLL tuned
1,unsat_mll,1.6,0.45,1487.089905325123,path_unsat_mll,unsat MLL tuned
1,unsat_mll,2.1,0.1,1720.8660814151988,path_unsat_mll,unsat MLL tuned
1,unsat_mll,2.1,0.14,1659.5162402829574,path_unsat_mll,unsat MLL tuned
1,unsat_mll,2.1,0.18,1609.204198210632,path_unsat_mll,unsat MLL tuned
1,unsat_mll,2.1,0.24,1552.0431952386036,path_unsat_mll,unsat MLL tuned
1,unsat_mll,2.1,0.32,1509.2343168835903,path_unsat_mll,unsat MLL tuned
1,unsat_mll,2.1,0.45,1473.597764214175,path_unsat_mll,unsat MLL tuned
1,censored_mll,0.45,0.1,1878.2838456688564,path_censored_mll,censored MLL tuned
1,censored_mll,0.45,0.14,1816.4985770894834,path_censored_mll,censored MLL tuned
1,censored_mll,0.45,0.18,1770.661091789103,path_censored_mll,censored MLL tuned
1,censored_mll,0.45,0.24,1716.9171413001286,path_censored_mll,censored MLL tuned
1,censored_mll,0.45,0.32,1666.110651498124,path_censored_mll,censored MLL tuned
1,censored_mll,0.45,0.45,1614.6231363393827,path_censored_mll,censored MLL tuned
1,censored_mll,0.7,0.1,1847.8790323821993,path_censored_mll,censored MLL tuned
1,censored_mll,0.7,0.14,1781.0691664384049,path_censored_mll,censored MLL tuned
1,censored_mll,0.7,0.18,1729.6699776108123,path_censored_mll,censored MLL tuned
1,censored_mll,0.7,0.24,1669.04017006376,path_censored_mll,censored MLL tuned
1,censored_mll,0.7,0.32,1616.9203543527826,path_censored_mll,censored MLL tuned
1,censored_mll,0.7,0.45,1567.8698180245128,path_censored_mll,censored MLL tuned
1,censored_mll,0.95,0.1,1820.095667089724,path_censored_mll,censored MLL tuned
1,censored_mll,0.95,0.14,1752.4612323164254,path_censored_mll,censored MLL tuned
1,censored_mll,0.95,0.18,1699.3959036661847,path_censored_mll,censored MLL tuned
1,censored_mll,0.95,0.24,1637.4997867223963,path_censored_mll,censored MLL tuned
1,censored_mll,0.95,0.32,1588.5907491344346,path_censored_mll,censored MLL tuned
1,censored_mll,0.95,0.45,1547.7407401026403,path_censored_mll,censored MLL tuned
1,censored_mll,1.25,0.1,1792.117758327027,path_censored_mll,censored MLL tuned
1,censored_mll,1.25,0.14,1725.3013911699368,path_censored_mll,censored MLL tuned
1,censored_mll,1.25,0.18,1671.5403441157532,path_censored_mll,censored MLL tuned
1,censored_mll,1.25,0.24,1610.6776728686473,path_censored_mll,censored MLL tuned
1,censored_mll,1.25,0.32,1566.0173483119358,path_censored_mll,censored MLL tuned
1,censored_mll,1.25,0.45,1533.963899157142,path_censored_mll,censored MLL tuned
1,censored_mll,1.6,0.1,1765.1887166031267,path_censored_mll,censored MLL tuned
1,censored_mll,1.6,0.14,1701.0535557169367,path_censored_mll,censored MLL tuned
1,censored_mll,1.6,0.18,1648.1610419346036,path_censored_mll,censored MLL tuned
1,censored_mll,1.6,0.24,1590.9524784846215,path_censored_mll,censored MLL tuned
1,censored_mll,1.6,0.32,1553.479087268535,path_censored_mll,censored MLL tuned
1,censored_mll,1.6,0.45,1530.7760228433142,path_censored_mll,censored MLL tuned
1,censored_mll,2.1,0.1,1735.6870652998828,path_censored_mll,censored MLL tuned
1,censored_mll,2.1,0.14,1678.643831027599,path_censored_mll,censored MLL tuned
1,censored_mll,2.1,0.18,1629.846760125273,path_censored_mll,censored MLL tuned
1,censored_mll,2.1,0.24,1577.4635770069096,path_censored_mll,censored MLL tuned
1,censored_mll,2.1,0.32,1549.817670664036,path_censored_mll,censored MLL tuned
1,censored_mll,2.1,0.45,2181.994182746439,path_censored_mll,censored MLL tuned
2,unsat_mll,0.45,0.1,1869.1618605385952,path_unsat_mll,unsat MLL tuned
2,unsat_mll,0.45,0.14,1810.6524937212935,path_unsat_mll,unsat MLL tuned
2,unsat_mll,0.45,0.18,1766.6469972157277,path_unsat_mll,unsat MLL tuned
2,unsat_mll,0.45,0.24,1720.1245613589267,path_unsat_mll,unsat MLL tuned
2,unsat_mll,0.45,0.32,1681.2259886565098,path_unsat_mll,unsat MLL tuned
2,unsat_mll,0.45,0.45,1626.6951999704443,path_unsat_mll,unsat MLL tuned
2,unsat_mll,0.7,0.1,1840.70613620999,path_unsat_mll,unsat MLL tuned
2,unsat_mll,0.7,0.14,1776.5020778678258,path_unsat_mll,unsat MLL tuned
2,unsat_mll,0.7,0.18,1726.9031597199453,path_unsat_mll,unsat MLL tuned
2,unsat_mll,0.7,0.24,1674.476676440767,path_unsat_mll,unsat MLL tuned
2,unsat_mll,0.7,0.32,1632.462314007961,path_unsat_mll,unsat MLL tuned
2,unsat_mll,0.7,0.45,1580.9478673299286,path_unsat_mll,unsat MLL tuned
2,unsat_mll,0.95,0.1,1813.999908251988,path_unsat_mll,unsat MLL tuned
2,unsat_mll,0.95,0.14,1748.8105469281911,path_unsat_mll,unsat MLL tuned
2,unsat_mll,0.95,0.18,1697.7531869398042,path_unsat_mll,unsat MLL tuned
2,unsat_mll,0.95,0.24,1643.0599239354267,path_unsat_mll,unsat MLL tuned
2,unsat_mll,0.95,0.32,1600.9453802163443,path_unsat_mll,unsat MLL tuned
2,unsat_mll,0.95,0.45,1554.2014584975623,path_unsat_mll,unsat MLL tuned
2,unsat_mll,1.25,0.1,1786.5212849567943,path_unsat_mll,unsat MLL tuned
2,unsat_mll,1.25,0.14,1722.1288112659242,path_unsat_mll,unsat MLL tuned
2,unsat_mll,1.25,0.18,1671.5077293082065,path_unsat_mll,unsat MLL tuned
2,unsat_mll,1.25,0.24,1615.7151250705897,path_unsat_mll,unsat MLL tuned
2,unsat_mll,1.25,0.32,1574.9795904634132,path_unsat_mll,unsat MLL tuned
2,unsat_mll,1.25,0.45,1531.7014683594634,path_unsat_mll,unsat MLL tuned
2,unsat_mll,1.6,0.1,1760.2745620719693,path_unsat_mll,unsat MLL tuned
2,unsat_mll,1.6,0.14,1698.232071789709,path_unsat_mll,unsat MLL tuned
2,unsat_mll,1.6,0.18,1649.1487328411874,path_unsat_mll,unsat MLL tuned
2,unsat_mll,1.6,0.24,1594.0947571900012,path_unsat_mll,unsat MLL tuned
2,unsat_mll,1.6,0.32,1555.085977740534,path_unsat_mll,unsat MLL tuned
2,unsat_mll,1.6,0.45,1513.742965858863,path_unsat_mll,unsat MLL tuned
2,unsat_mll,2.1,0.1,1730.941523832517,path_unsat_mll,unsat MLL tuned
2,unsat_mll,2.1,0.14,1675.3167214320933,path_unsat_mll,unsat MLL tuned
2,unsat_mll,2.1,0.18,1630.9822656903946,path_unsat_mll,unsat MLL tuned
2,unsat_mll,2.1,0.24,1579.0981890132434,path_unsat_mll,unsat MLL tuned
2,unsat_mll,2.1,0.32,1539.8653528960333,path_unsat_mll,unsat MLL tuned
2,unsat_mll,2.1,0.45,1501.1584578385718,path_unsat_mll,unsat MLL tuned
2,censored_mll,0.45,0.1,1879.640960165059,path_censored_mll,censored MLL tuned
2,censored_mll,0.45,0.14,1820.1426046721324,path_censored_mll,censored MLL tuned
2,censored_mll,0.45,0.18,1775.1746465528315,path_censored_mll,censored MLL tuned
2,censored_mll,0.45,0.24,1728.0078211818773,path_censored_mll,censored MLL tuned
2,censored_mll,0.45,0.32,1689.4098563887794,path_censored_mll,censored MLL tuned
2,censored_mll,0.45,0.45,1639.220724953401,path_censored_mll,censored MLL tuned
2,censored_mll,0.7,0.1,1849.9189655657601,path_censored_mll,censored MLL tuned
2,censored_mll,0.7,0.14,1785.0080008464663,path_censored_mll,censored MLL tuned
2,censored_mll,0.7,0.18,1734.6129662637543,path_censored_mll,censored MLL tuned
2,censored_mll,0.7,0.24,1681.689834693512,path_censored_mll,censored MLL tuned
2,censored_mll,0.7,0.32,1641.1545887385819,path_censored_mll,censored MLL tuned
2,censored_mll,0.7,0.45,1596.1146860850438,path_censored_mll,censored MLL tuned
2,censored_mll,0.95,0.1,1822.8772294227233,path_censored_mll,censored MLL tuned
2,censored_mll,0.95,0.14,1757.1545059269474,path_censored_mll,censored MLL tuned
2,censored_mll,0.95,0.18,1705.94747760732,path_censored_mll,censored MLL tuned
2,censored_mll,0.95,0.24,1651.4142765141196,path_censored_mll,censored MLL tuned
2,censored_mll,0.95,0.32,1610.6598634026814,path_censored_mll,censored MLL tuned
2,censored_mll,0.95,0.45,1572.346826485845,path_censored_mll,censored MLL tuned
2,censored_mll,1.25,0.1,1795.9935610079613,path_censored_mll,censored MLL tuned
2,censored_mll,1.25,0.14,1732.1597630516646,path_censored_mll,censored MLL tuned
2,censored_mll,1.25,0.18,1681.8448038218598,path_censored_mll,censored MLL tuned
2,censored_mll,1.25,0.24,1627.0473985997314,path_censored_mll,censored MLL tuned
2,censored_mll,1.25,0.32,1588.2794623868049,path_censored_mll,censored MLL tuned
2,censored_mll,1.25,0.45,1555.4537718170168,path_censored_mll,censored MLL tuned
2,censored_mll,1.6,0.1,1771.0530877323404,path_censored_mll,censored MLL tuned
2,censored_mll,1.6,0.14,1711.2806528077567,path_censored_mll,censored MLL tuned
2,censored_mll,1.6,0.18,1662.9502772253509,path_censored_mll,censored MLL tuned
2,censored_mll,1.6,0.24,1611.1038913191137,path_censored_mll,censored MLL tuned
2,censored_mll,1.6,0.32,1577.1280508197888,path_censored_mll,censored MLL tuned
2,censored_mll,1.6,0.45,1548.0362522374976,path_censored_mll,censored MLL tuned
2,censored_mll,2.1,0.1,1745.3746816550151,path_censored_mll,censored MLL tuned
2,censored_mll,2.1,0.14,1695.0377304560413,path_censored_mll,censored MLL tuned
2,censored_mll,2.1,0.18,1651.676823319278,path_censored_mll,censored MLL tuned
2,censored_mll,2.1,0.24,1605.378237120605,path_censored_mll,censored MLL tuned
2,censored_mll,2.1,0.32,1575.3595858555927,path_censored_mll,censored MLL tuned
2,censored_mll,2.1,0.45,2209.5548763708357,path_censored_mll,censored MLL tuned
3,unsat_mll,0.45,0.1,1869.1824208703447,path_unsat_mll,unsat MLL tuned
3,unsat_mll,0.45,0.14,1807.2344043347703,path_unsat_mll,unsat MLL tuned
3,unsat_mll,0.45,0.18,1764.579666109093,path_unsat_mll,unsat MLL tuned
3,unsat_mll,0.45,0.24,1713.5128453169286,path_unsat_mll,unsat MLL tuned
3,unsat_mll,0.45,0.32,1667.792837606247,path_unsat_mll,unsat MLL tuned
3,unsat_mll,0.45,0.45,1611.7658867308564,path_unsat_mll,unsat MLL tuned
3,unsat_mll,0.7,0.1,1840.7359011935243,path_unsat_mll,unsat MLL tuned
3,unsat_mll,0.7,0.14,1773.7765509874584,path_unsat_mll,unsat MLL tuned
3,unsat_mll,0.7,0.18,1725.8024643618155,path_unsat_mll,unsat MLL tuned
3,unsat_mll,0.7,0.24,1668.3472892240686,path_unsat_mll,unsat MLL tuned
3,unsat_mll,0.7,0.32,1618.3940936147521,path_unsat_mll,unsat MLL tuned
3,unsat_mll,0.7,0.45,1562.0451837308885,path_unsat_mll,unsat MLL tuned
3,unsat_mll,0.95,0.1,1813.6442857721493,path_unsat_mll,unsat MLL tuned
3,unsat_mll,0.95,0.14,1745.2304410138697,path_unsat_mll,unsat MLL tuned
3,unsat_mll,0.95,0.18,1695.0333801272805,path_unsat_mll,unsat MLL tuned
3,unsat_mll,0.95,0.24,1636.8940699170103,path_unsat_mll,unsat MLL tuned
3,unsat_mll,0.95,0.32,1589.0290832271464,path_unsat_mll,unsat MLL tuned
3,unsat_mll,0.95,0.45,1535.0693757024903,path_unsat_mll,unsat MLL tuned
3,unsat_mll,1.25,0.1,1785.1944520712343,path_unsat_mll,unsat MLL tuned
3,unsat_mll,1.25,0.14,1716.1888115694885,path_unsat_mll,unsat MLL tuned
3,unsat_mll,1.25,0.18,1666.0506319376063,path_unsat_mll,unsat MLL tuned
3,unsat_mll,1.25,0.24,1609.9419542250384,path_unsat_mll,unsat MLL tuned
3,unsat_mll,1.25,0.32,1564.2322487205415,path_unsat_mll,unsat MLL tuned
3,unsat_mll,1.25,0.45,1514.1775314103604,path_unsat_mll,unsat MLL tuned
3,unsat_mll,1.6,0.1,1757.412265690735,path_unsat_mll,unsat MLL tuned
3,unsat_mll,1.6,0.14,1689.9867217691578,path_unsat_mll,unsat MLL tuned
3,unsat_mll,1.6,0.18,1641.0366560574541,path_unsat_mll,unsat MLL tuned
3,unsat_mll,1.6,0.24,1587.0419570852487,path_unsat_mll,unsat MLL tuned
3,unsat_mll,1.6,0.32,1544.2239355233553,path_unsat_mll,unsat MLL tuned
3,unsat_mll,1.6,0.45,1498.293936300354,path_unsat_mll,unsat MLL tuned
3,unsat_mll,2.1,0.1,1725.8567312225491,path_unsat_mll,unsat MLL tuned
3,unsat_mll,2.1,0.14,1665.2611037330914,path_unsat_mll,unsat MLL tuned
3,unsat_mll,2.1,0.18,1620.6716013466487,path_unsat_mll,unsat MLL tuned
3,unsat_mll,2.1,0.24,1569.2402553468796,path_unsat_mll,unsat MLL tuned
3,unsat_mll,2.1,0.32,1529.2007581157538,path_unsat_mll,unsat MLL tuned
3,unsat_mll,2.1,0.45,1486.7296716591343,path_unsat_mll,unsat MLL tuned
3,censored_mll,0.45,0.1,1879.6505468770147,path_censored_mll,censored MLL tuned
3,censored_mll,0.45,0.14,1816.7386549040734,path_censored_mll,censored MLL tuned
3,censored_mll,0.45,0.18,1773.1468404889988,path_censored_mll,censored MLL tuned
3,censored_mll,0.45,0.24,1721.4512588069183,path_censored_mll,censored MLL tuned
3,censored_mll,0.45,0.32,1676.2699461072607,path_censored_mll,censored MLL tuned
3,censored_mll,0.45,0.45,1623.8527802664416,path_censored_mll,censored MLL tuned
3,censored_mll,0.7,0.1,1849.8857065334446,path_censored_mll,censored MLL tuned
3,censored_mll,0.7,0.14,1782.1299805968124,path_censored_mll,censored MLL tuned
3,censored_mll,0.7,0.18,1733.2509080115206,path_censored_mll,censored MLL tuned
3,censored_mll,0.7,0.24,1675.579654284474,path_censored_mll,censored MLL tuned
3,censored_mll,0.7,0.32,1627.6978443935013,path_censored_mll,censored MLL tuned
3,censored_mll,0.7,0.45,1577.438701735872,path_censored_mll,censored MLL tuned
3,censored_mll,0.95,0.1,1822.5053369738184,path_censored_mll,censored MLL tuned
3,censored_mll,0.95,0.14,1753.3295511486988,path_censored_mll,censored MLL tuned
3,censored_mll,0.95,0.18,1702.1592430755443,path_censored_mll,censored MLL tuned
3,censored_mll,0.95,0.24,1644.1349386030345,path_censored_mll,censored MLL tuned
3,censored_mll,0.95,0.32,1599.8883474944607,path_censored_mll,censored MLL tuned
3,censored_mll,0.95,0.45,1556.432571261052,path_censored_mll,censored MLL tuned
3,censored_mll,1.25,0.1,1794.8578537317344,path_censored_mll,censored MLL tuned
3,censored_mll,1.25,0.14,1726.1962882972027,path_censored_mll,censored MLL tuned
3,censored_mll,1.25,0.18,1675.162099115518,path_censored_mll,censored MLL tuned
3,censored_mll,1.25,0.24,1620.0600196553814,path_censored_mll,censored MLL tuned
3,censored_mll,1.25,0.32,1579.1780119983641,path_censored_mll,censored MLL tuned
3,censored_mll,1.25,0.45,1540.6526593240396,path_censored_mll,censored MLL tuned
3,censored_mll,1.6,0.1,1768.81320754229,path_censored_mll,censored MLL tuned
3,censored_mll,1.6,0.14,1703.5533536348864,path_censored_mll,censored MLL tuned
3,censored_mll,1.6,0.18,1654.069051309273,path_censored_mll,censored MLL tuned
3,censored_mll,1.6,0.24,1602.84188093281,path_censored_mll,censored MLL tuned
3,censored_mll,1.6,0.32,1568.3373731282416,path_censored_mll,censored MLL tuned
3,censored_mll,1.6,0.45,1535.9442177966475,path_censored_mll,censored MLL tuned
3,censored_mll,2.1,0.1,1741.6965377364595,path_censored_mll,censored MLL tuned
3,censored_mll,2.1,0.14,1686.2809230761254,path_censored_mll,censored MLL tuned
3,censored_mll,2.1,0.18,1641.0537305539071,path_censored_mll,censored MLL tuned
3,censored_mll,2.1,0.24,1593.6445530394526,path_censored_mll,censored MLL tuned
3,censored_mll,2.1,0.32,1567.0783576317579,path_censored_mll,censored MLL tuned
3,censored_mll,2.1,0.45,2195.1260901913984,path_censored_mll,censored MLL tuned
4,unsat_mll,0.45,0.1,1869.6843159563416,path_unsat_mll,unsat MLL tuned
4,unsat_mll,0.45,0.14,1818.8405377341446,path_unsat_mll,unsat MLL tuned
4,unsat_mll,0.45,0.18,1782.5444339786084,path_unsat_mll,unsat MLL tuned
4,unsat_mll,0.45,0.24,1737.5412224741112,path_unsat_mll,unsat MLL tuned
4,unsat_mll,0.45,0.32,1691.342466569855,path_unsat_mll,unsat MLL tuned
4,unsat_mll,0.45,0.45,1635.407295092241,path_unsat_mll,unsat MLL tuned
4,unsat_mll,0.7,0.1,1841.0079205513762,path_unsat_mll,unsat MLL tuned
4,unsat_mll,0.7,0.14,1785.2492712400508,path_unsat_mll,unsat MLL tuned
4,unsat_mll,0.7,0.18,1743.5671533665125,path_unsat_mll,unsat MLL tuned
4,unsat_mll,0.7,0.24,1692.1719478736197,path_unsat_mll,unsat MLL tuned
4,unsat_mll,0.7,0.32,1640.6044494122298,path_unsat_mll,unsat MLL tuned
4,unsat_mll,0.7,0.45,1582.2639674976467,path_unsat_mll,unsat MLL tuned
4,unsat_mll,0.95,0.1,1814.0384055584625,path_unsat_mll,unsat MLL tuned
4,unsat_mll,0.95,0.14,1756.9233033734065,path_unsat_mll,unsat MLL tuned
4,unsat_mll,0.95,0.18,1712.6063504731794,path_unsat_mll,unsat MLL tuned
4,unsat_mll,0.95,0.24,1659.5519715685314,path_unsat_mll,unsat MLL tuned
4,unsat_mll,0.95,0.32,1608.0338914994427,path_unsat_mll,unsat MLL tuned
4,unsat_mll,0.95,0.45,1553.391143359969,path_unsat_mll,unsat MLL tuned
4,unsat_mll,1.25,0.1,1786.0379003417133,path_unsat_mll,unsat MLL tuned
4,unsat_mll,1.25,0.14,1728.906285212309,path_unsat_mll,unsat MLL tuned
4,unsat_mll,1.25,0.18,1682.765605215952,path_unsat_mll,unsat MLL tuned
4,unsat_mll,1.25,0.24,1630.0958685734913,path_unsat_mll,unsat MLL tuned
4,unsat_mll,1.25,0.32,1581.0782097768213,path_unsat_mll,unsat MLL tuned
4,unsat_mll,1.25,0.45,1531.7902616456033,path_unsat_mll,unsat MLL tuned
4,unsat_mll,1.6,0.1,1758.453926765089,path_unsat_mll,unsat MLL tuned
4,unsat_mll,1.6,0.14,1703.3384106662572,path_unsat_mll,unsat MLL tuned
4,unsat_mll,1.6,0.18,1656.385213129588,path_unsat_mll,unsat MLL tuned
4,unsat_mll,1.6,0.24,1604.5745155767793,path_unsat_mll,unsat MLL tuned
4,unsat_mll,1.6,0.32,1558.4217193106356,path_unsat_mll,unsat MLL tuned
4,unsat_mll,1.6,0.45,1513.5586604873824,path_unsat_mll,unsat MLL tuned
4,unsat_mll,2.1,0.1,1726.219059682772,path_unsat_mll,unsat MLL tuned
4,unsat_mll,2.1,0.14,1675.6021420862226,path_unsat_mll,unsat MLL tuned
4,unsat_mll,2.1,0.18,1631.0564704133506,path_unsat_mll,unsat MLL tuned
4,unsat_mll,2.1,0.24,1581.2985932319423,path_unsat_mll,unsat MLL tuned
4,unsat_mll,2.1,0.32,1538.5917313543252,path_unsat_mll,unsat MLL tuned
4,unsat_mll,2.1,0.45,1497.3926527947465,path_unsat_mll,unsat MLL tuned
4,censored_mll,0.45,0.1,1880.5714210327865,path_censored_mll,censored MLL tuned
4,censored_mll,0.45,0.14,1828.7667788725523,path_censored_mll,censored MLL tuned
4,censored_mll,0.45,0.18,1791.3648294476059,path_censored_mll,censored MLL tuned
4,censored_mll,0.45,0.24,1745.448173337839,path_censored_mll,censored MLL tuned
4,censored_mll,0.45,0.32,1699.2864745094605,path_censored_mll,censored MLL tuned
4,censored_mll,0.45,0.45,1646.768051771819,path_censored_mll,censored MLL tuned
4,censored_mll,0.7,0.1,1851.1337701674795,path_censored_mll,censored MLL tuned
4,censored_mll,0.7,0.14,1794.5453471846367,path_censored_mll,censored MLL tuned
4,censored_mll,0.7,0.18,1751.4455281223015,path_censored_mll,censored MLL tuned
4,censored_mll,0.7,0.24,1699.139600786633,path_censored_mll,censored MLL tuned
4,censored_mll,0.7,0.32,1649.25442906332,path_censored_mll,censored MLL tuned
4,censored_mll,0.7,0.45,1597.1785442529895,path_censored_mll,censored MLL tuned
4,censored_mll,0.95,0.1,1824.460024022474,path_censored_mll,censored MLL tuned
4,censored_mll,0.95,0.14,1766.700451346452,path_censored_mll,censored MLL tuned
4,censored_mll,0.95,0.18,1720.5052328522686,path_censored_mll,censored MLL tuned
4,censored_mll,0.95,0.24,1666.4903261544835,path_censored_mll,censored MLL tuned
4,censored_mll,0.95,0.32,1618.2118312330356,path_censored_mll,censored MLL tuned
4,censored_mll,0.95,0.45,1574.7407552270788,path_censored_mll,censored MLL tuned
4,censored_mll,1.25,0.1,1797.7714176523773,path_censored_mll,censored MLL tuned
4,censored_mll,1.25,0.14,1741.4257784038807,path_censored_mll,censored MLL tuned
4,censored_mll,1.25,0.18,1693.112753245749,path_censored_mll,censored MLL tuned
4,censored_mll,1.25,0.24,1640.5467292319602,path_censored_mll,censored MLL tuned
4,censored_mll,1.25,0.32,1596.833092009482,path_censored_mll,censored MLL tuned
4,censored_mll,1.25,0.45,1560.5993345273514,path_censored_mll,censored MLL tuned
4,censored_mll,1.6,0.1,1772.3230600680804,path_censored_mll,censored MLL tuned
4,censored_mll,1.6,0.14,1720.520331845154,path_censored_mll,censored MLL tuned
4,censored_mll,1.6,0.18,1671.4614823456848,path_censored_mll,censored MLL tuned
4,censored_mll,1.6,0.24,1621.7282651071414,path_censored_mll,censored MLL tuned
4,censored_mll,1.6,0.32,1586.3848335292441,path_censored_mll,censored MLL tuned
4,censored_mll,1.6,0.45,1557.2742992205183,path_censored_mll,censored MLL tuned
4,censored_mll,2.1,0.1,1745.1459357024344,path_censored_mll,censored MLL tuned
4,censored_mll,2.1,0.14,1702.7306701181642,path_censored_mll,censored MLL tuned
4,censored_mll,2.1,0.18,1655.6994436653242,path_censored_mll,censored MLL tuned
4,censored_mll,2.1,0.24,1609.7789878499477,path_censored_mll,censored MLL tuned
4,censored_mll,2.1,0.32,2246.9881498865893,path_censored_mll,censored MLL tuned
4,censored_mll,2.1,0.45,2205.789071327011,path_censored_mll,censored MLL tuned
5,unsat_mll,0.45,0.1,1875.8984894215082,path_unsat_mll,unsat MLL tuned
5,unsat_mll,0.45,0.14,1811.8905043447726,path_unsat_mll,unsat MLL tuned
5,unsat_mll,0.45,0.18,1769.3242251839715,path_unsat_mll,unsat MLL tuned
5,unsat_mll,0.45,0.24,1720.175176721977,path_unsat_mll,unsat MLL tuned
5,unsat_mll,0.45,0.32,1677.5602677263141,path_unsat_mll,unsat MLL tuned
5,unsat_mll,0.45,0.45,1627.9586151817134,path_unsat_mll,unsat MLL tuned
5,unsat_mll,0.7,0.1,1846.3640521627017,path_unsat_mll,unsat MLL tuned
5,unsat_mll,0.7,0.14,1775.9378060870722,path_unsat_mll,unsat MLL tuned
5,unsat_mll,0.7,0.18,1727.7811045164103,path_unsat_mll,unsat MLL tuned
5,unsat_mll,0.7,0.24,1671.8139908029848,path_unsat_mll,unsat MLL tuned
5,unsat_mll,0.7,0.32,1624.1811346352742,path_unsat_mll,unsat MLL tuned
5,unsat_mll,0.7,0.45,1574.097312261917,path_unsat_mll,unsat MLL tuned
5,unsat_mll,0.95,0.1,1818.4680965649122,path_unsat_mll,unsat MLL tuned
5,unsat_mll,0.95,0.14,1745.9485968683234,path_unsat_mll,unsat MLL tuned
5,unsat_mll,0.95,0.18,1696.7154034679957,path_unsat_mll,unsat MLL tuned
5,unsat_mll,0.95,0.24,1639.6635354768441,path_unsat_mll,unsat MLL tuned
5,unsat_mll,0.95,0.32,1591.1346108849511,path_unsat_mll,unsat MLL tuned
5,unsat_mll,0.95,0.45,1542.6247422820957,path_unsat_mll,unsat MLL tuned
5,unsat_mll,1.25,0.1,1789.66676731276,path_unsat_mll,unsat MLL tuned
5,unsat_mll,1.25,0.14,1716.5984018553431,path_unsat_mll,unsat MLL tuned
5,unsat_mll,1.25,0.18,1667.9589224817228,path_unsat_mll,unsat MLL tuned
5,unsat_mll,1.25,0.24,1611.8891100622386,path_unsat_mll,unsat MLL tuned
5,unsat_mll,1.25,0.32,1565.090296550382,path_unsat_mll,unsat MLL tuned
5,unsat_mll,1.25,0.45,1519.57688119268,path_unsat_mll,unsat MLL tuned
5,unsat_mll,1.6,0.1,1761.7342826349773,path_unsat_mll,unsat MLL tuned
5,unsat_mll,1.6,0.14,1690.183724356199,path_unsat_mll,unsat MLL tuned
5,unsat_mll,1.6,0.18,1643.2945338385607,path_unsat_mll,unsat MLL tuned
5,unsat_mll,1.6,0.24,1588.9799636529942,path_unsat_mll,unsat MLL tuned
5,unsat_mll,1.6,0.32,1544.4706000215338,path_unsat_mll,unsat MLL tuned
5,unsat_mll,1.6,0.45,1503.6373482542149,path_unsat_mll,unsat MLL tuned
5,unsat_mll,2.1,0.1,1729.9360054794138,path_unsat_mll,unsat MLL tuned
5,unsat_mll,2.1,0.14,1664.1316299186788,path_unsat_mll,unsat MLL tuned
5,unsat_mll,2.1,0.18,1622.2775840957952,path_unsat_mll,unsat MLL tuned
5,unsat_mll,2.1,0.24,1571.2609088650697,path_unsat_mll,unsat MLL tuned
5,unsat_mll,2.1,0.32,1528.347531429592,path_unsat_mll,unsat MLL tuned
5,unsat_mll,2.1,0.45,1493.1988607033863,path_unsat_mll,unsat MLL tuned
5,censored_mll,0.45,0.1,1886.1051255073073,path_censored_mll,censored MLL tuned
5,censored_mll,0.45,0.14,1821.4619023520127,path_censored_mll,censored MLL tuned
5,censored_mll,0.45,0.18,1777.9108038898419,path_censored_mll,censored MLL tuned
5,censored_mll,0.45,0.24,1727.8013836465216,path_censored_mll,censored MLL tuned
5,censored_mll,0.45,0.32,1685.4842132026813,path_censored_mll,censored MLL tuned
5,censored_mll,0.45,0.45,1637.8854524425244,path_censored_mll,censored MLL tuned
5,censored_mll,0.7,0.1,1855.5030627158515,path_censored_mll,censored MLL tuned
5,censored_mll,0.7,0.14,1785.7062201929493,path_censored_mll,censored MLL tuned
5,censored_mll,0.7,0.18,1737.4380509398877,path_censored_mll,censored MLL tuned
5,censored_mll,0.7,0.24,1681.7919570257982,path_censored_mll,censored MLL tuned
5,censored_mll,0.7,0.32,1635.0741420895326,path_censored_mll,censored MLL tuned
5,censored_mll,0.7,0.45,1590.4580063546618,path_censored_mll,censored MLL tuned
5,censored_mll,0.95,0.1,1827.2167759680228,path_censored_mll,censored MLL tuned
5,censored_mll,0.95,0.14,1756.7666372053839,path_censored_mll,censored MLL tuned
5,censored_mll,0.95,0.18,1707.8625019915419,path_censored_mll,censored MLL tuned
5,censored_mll,0.95,0.24,1652.6163710287096,path_censored_mll,censored MLL tuned
5,censored_mll,0.95,0.32,1608.0500399590007,path_censored_mll,censored MLL tuned
5,censored_mll,0.95,0.45,1568.575347834526,path_censored_mll,censored MLL tuned
5,censored_mll,1.25,0.1,1798.8023999185666,path_censored_mll,censored MLL tuned
5,censored_mll,1.25,0.14,1730.544179804588,path_censored_mll,censored MLL tuned
5,censored_mll,1.25,0.18,1682.868040716634,path_censored_mll,censored MLL tuned
5,censored_mll,1.25,0.24,1627.756504333054,path_censored_mll,censored MLL tuned
5,censored_mll,1.25,0.32,1585.314536539004,path_censored_mll,censored MLL tuned
5,censored_mll,1.25,0.45,1548.7396711077151,path_censored_mll,censored MLL tuned
5,censored_mll,1.6,0.1,1771.9576239460348,path_censored_mll,censored MLL tuned
5,censored_mll,1.6,0.14,1708.712088135351,path_censored_mll,censored MLL tuned
5,censored_mll,1.6,0.18,1663.3135339584337,path_censored_mll,censored MLL tuned
5,censored_mll,1.6,0.24,1608.4878910855527,path_censored_mll,censored MLL tuned
5,censored_mll,1.6,0.32,1568.0443456116552,path_censored_mll,censored MLL tuned
5,censored_mll,1.6,0.45,1535.3029369461392,path_censored_mll,censored MLL tuned
5,censored_mll,2.1,0.1,1742.7424077798685,path_censored_mll,censored MLL tuned
5,censored_mll,2.1,0.14,1689.8244406392723,path_censored_mll,censored MLL tuned
5,censored_mll,2.1,0.18,1648.847323050097,path_censored_mll,censored MLL tuned
5,censored_mll,2.1,0.24,1594.7799070301182,path_censored_mll,censored MLL tuned
5,censored_mll,2.1,0.32,1556.2179217170194,path_censored_mll,censored MLL tuned
5,censored_mll,2.1,0.45,1531.1236324694348,path_censored_mll,censored MLL tuned
6,unsat_mll,0.45,0.1,1868.0532803361127,path_unsat_mll,unsat MLL tuned
6,unsat_mll,0.45,0.14,1810.8698758502962,path_unsat_mll,unsat MLL tuned
6,unsat_mll,0.45,0.18,1772.674277668954,path_unsat_mll,unsat MLL tuned
6,unsat_mll,0.45,0.24,1726.663073960199,path_unsat_mll,unsat MLL tuned
6,unsat_mll,0.45,0.32,1682.9344241190627,path_unsat_mll,unsat MLL tuned
6,unsat_mll,0.45,0.45,1636.1327250634226,path_unsat_mll,unsat MLL tuned
6,unsat_mll,0.7,0.1,1838.764757063873,path_unsat_mll,unsat MLL tuned
6,unsat_mll,0.7,0.14,1775.2716580805663,path_unsat_mll,unsat MLL tuned
6,unsat_mll,0.7,0.18,1731.525028436256,path_unsat_mll,unsat MLL tuned
6,unsat_mll,0.7,0.24,1679.1884851926454,path_unsat_mll,unsat MLL tuned
6,unsat_mll,0.7,0.32,1630.8003973967516,path_unsat_mll,unsat MLL tuned
6,unsat_mll,0.7,0.45,1582.9203932471007,path_unsat_mll,unsat MLL tuned
6,unsat_mll,0.95,0.1,1811.0060942385117,path_unsat_mll,unsat MLL tuned
6,unsat_mll,0.95,0.14,1745.6444213128555,path_unsat_mll,unsat MLL tuned
6,unsat_mll,0.95,0.18,1701.023842241302,path_unsat_mll,unsat MLL tuned
6,unsat_mll,0.95,0.24,1647.5962188953786,path_unsat_mll,unsat MLL tuned
6,unsat_mll,0.95,0.32,1600.0263899854012,path_unsat_mll,unsat MLL tuned
6,unsat_mll,0.95,0.45,1557.3888866337377,path_unsat_mll,unsat MLL tuned
6,unsat_mll,1.25,0.1,1782.1795328788878,path_unsat_mll,unsat MLL tuned
6,unsat_mll,1.25,0.14,1716.5465131746141,path_unsat_mll,unsat MLL tuned
6,unsat_mll,1.25,0.18,1672.6360308105525,path_unsat_mll,unsat MLL tuned
6,unsat_mll,1.25,0.24,1620.493918316609,path_unsat_mll,unsat MLL tuned
6,unsat_mll,1.25,0.32,1574.8208732635346,path_unsat_mll,unsat MLL tuned
6,unsat_mll,1.25,0.45,1537.657879971479,path_unsat_mll,unsat MLL tuned
6,unsat_mll,1.6,0.1,1754.2061272518029,path_unsat_mll,unsat MLL tuned
6,unsat_mll,1.6,0.14,1690.815598081655,path_unsat_mll,unsat MLL tuned
6,unsat_mll,1.6,0.18,1648.8819423415364,path_unsat_mll,unsat MLL tuned
6,unsat_mll,1.6,0.24,1598.9281416765136,path_unsat_mll,unsat MLL tuned
6,unsat_mll,1.6,0.32,1554.8371849643493,path_unsat_mll,unsat MLL tuned
6,unsat_mll,1.6,0.45,1520.571894084949,path_unsat_mll,unsat MLL tuned
6,unsat_mll,2.1,0.1,1722.242935078342,path_unsat_mll,unsat MLL tuned
6,unsat_mll,2.1,0.14,1665.3446422800998,path_unsat_mll,unsat MLL tuned
6,unsat_mll,2.1,0.18,1627.9179139654707,path_unsat_mll,unsat MLL tuned
6,unsat_mll,2.1,0.24,1580.3187606121564,path_unsat_mll,unsat MLL tuned
6,unsat_mll,2.1,0.32,1537.6830187795917,path_unsat_mll,unsat MLL tuned
6,unsat_mll,2.1,0.45,1506.1267027372576,path_unsat_mll,unsat MLL tuned
6,censored_mll,0.45,0.1,1878.5072784440308,path_censored_mll,censored MLL tuned
6,censored_mll,0.45,0.14,1820.385054861192,path_censored_mll,censored MLL tuned
6,censored_mll,0.45,0.18,1781.1822265715782,path_censored_mll,censored MLL tuned
6,censored_mll,0.45,0.24,1734.2270394544707,path_censored_mll,censored MLL tuned
6,censored_mll,0.45,0.32,1690.7091230133594,path_censored_mll,censored MLL tuned
6,censored_mll,0.45,0.45,1648.0128518845215,path_censored_mll,censored MLL tuned
6,censored_mll,0.7,0.1,1847.9723732723096,path_censored_mll,censored MLL tuned
6,censored_mll,0.7,0.14,1783.7113708943077,path_censored_mll,censored MLL tuned
6,censored_mll,0.7,0.18,1739.014782252132,path_censored_mll,censored MLL tuned
6,censored_mll,0.7,0.24,1685.5869084333533,path_censored_mll,censored MLL tuned
6,censored_mll,0.7,0.32,1638.0544425837882,path_censored_mll,censored MLL tuned
6,censored_mll,0.7,0.45,1598.6884810261304,path_censored_mll,censored MLL tuned
6,censored_mll,0.95,0.1,1819.9746869497183,path_censored_mll,censored MLL tuned
6,censored_mll,0.95,0.14,1753.8620509912053,path_censored_mll,censored MLL tuned
6,censored_mll,0.95,0.18,1708.0750112008632,path_censored_mll,censored MLL tuned
6,censored_mll,0.95,0.24,1653.9362720844506,path_censored_mll,censored MLL tuned
6,censored_mll,0.95,0.32,1608.1790403178402,path_censored_mll,censored MLL tuned
6,censored_mll,0.95,0.45,1579.0346935314565,path_censored_mll,censored MLL tuned
6,censored_mll,1.25,0.1,1791.9006701968367,path_censored_mll,censored MLL tuned
6,censored_mll,1.25,0.14,1726.5505680064764,path_censored_mll,censored MLL tuned
6,censored_mll,1.25,0.18,1681.334753390248,path_censored_mll,censored MLL tuned
6,censored_mll,1.25,0.24,1629.5194953140272,path_censored_mll,censored MLL tuned
6,censored_mll,1.25,0.32,1587.8915230674068,path_censored_mll,censored MLL tuned
6,censored_mll,1.25,0.45,1566.4511376292753,path_censored_mll,censored MLL tuned
6,censored_mll,1.6,0.1,1765.5558874172482,path_censored_mll,censored MLL tuned
6,censored_mll,1.6,0.14,1704.08763451947,path_censored_mll,censored MLL tuned
6,censored_mll,1.6,0.18,1660.7503787437024,path_censored_mll,censored MLL tuned
6,censored_mll,1.6,0.24,1612.5832261826388,path_censored_mll,censored MLL tuned
6,censored_mll,1.6,0.32,1575.7648925728613,path_censored_mll,censored MLL tuned
6,censored_mll,1.6,0.45,1562.1054873525304,path_censored_mll,censored MLL tuned
6,censored_mll,2.1,0.1,1737.912596949655,path_censored_mll,censored MLL tuned
6,censored_mll,2.1,0.14,1685.6872402331749,path_censored_mll,censored MLL tuned
6,censored_mll,2.1,0.18,1645.6513251504214,path_censored_mll,censored MLL tuned
6,censored_mll,2.1,0.24,1600.653641900529,path_censored_mll,censored MLL tuned
6,censored_mll,2.1,0.32,1569.9354316838474,path_censored_mll,censored MLL tuned
6,censored_mll,2.1,0.45,2214.5231212695217,path_censored_mll,censored MLL tuned
7,unsat_mll,0.45,0.1,1882.8424145229637,path_unsat_mll,unsat MLL tuned
7,unsat_mll,0.45,0.14,1817.3908385078507,path_unsat_mll,unsat MLL tuned
7,unsat_mll,0.45,0.18,1771.6773863306084,path_unsat_mll,unsat MLL tuned
7,unsat_mll,0.45,0.24,1722.8511676952166,path_unsat_mll,unsat MLL tuned
7,unsat_mll,0.45,0.32,1672.0763957461472,path_unsat_mll,unsat MLL tuned
7,unsat_mll,0.45,0.45,1616.3400260790227,path_unsat_mll,unsat MLL tuned
7,unsat_mll,0.7,0.1,1854.666361624953,path_unsat_mll,unsat MLL tuned
7,unsat_mll,0.7,0.14,1784.2723219208224,path_unsat_mll,unsat MLL tuned
7,unsat_mll,0.7,0.18,1731.8693120088928,path_unsat_mll,unsat MLL tuned
7,unsat_mll,0.7,0.24,1674.8155772672885,path_unsat_mll,unsat MLL tuned
7,unsat_mll,0.7,0.32,1620.1623204628959,path_unsat_mll,unsat MLL tuned
7,unsat_mll,0.7,0.45,1567.9323182234698,path_unsat_mll,unsat MLL tuned
7,unsat_mll,0.95,0.1,1828.2316019029436,path_unsat_mll,unsat MLL tuned
7,unsat_mll,0.95,0.14,1758.7160092744243,path_unsat_mll,unsat MLL tuned
7,unsat_mll,0.95,0.18,1705.304440953415,path_unsat_mll,unsat MLL tuned
7,unsat_mll,0.95,0.24,1646.5015599824646,path_unsat_mll,unsat MLL tuned
7,unsat_mll,0.95,0.32,1592.130974404061,path_unsat_mll,unsat MLL tuned
7,unsat_mll,0.95,0.45,1548.1156467220444,path_unsat_mll,unsat MLL tuned
7,unsat_mll,1.25,0.1,1800.9599567319256,path_unsat_mll,unsat MLL tuned
7,unsat_mll,1.25,0.14,1734.9104366907372,path_unsat_mll,unsat MLL tuned
7,unsat_mll,1.25,0.18,1682.3142982889012,path_unsat_mll,unsat MLL tuned
7,unsat_mll,1.25,0.24,1623.5325180632026,path_unsat_mll,unsat MLL tuned
7,unsat_mll,1.25,0.32,1573.3472761920766,path_unsat_mll,unsat MLL tuned
7,unsat_mll,1.25,0.45,1537.99688303399,path_unsat_mll,unsat MLL tuned
7,unsat_mll,1.6,0.1,1774.1994637980856,path_unsat_mll,unsat MLL tuned
7,unsat_mll,1.6,0.14,1714.4544205949355,path_unsat_mll,unsat MLL tuned
7,unsat_mll,1.6,0.18,1662.8430528580143,path_unsat_mll,unsat MLL tuned
7,unsat_mll,1.6,0.24,1603.686779608975,path_unsat_mll,unsat MLL tuned
7,unsat_mll,1.6,0.32,1557.1277216510293,path_unsat_mll,unsat MLL tuned
7,unsat_mll,1.6,0.45,1529.1800943670396,path_unsat_mll,unsat MLL tuned
7,unsat_mll,2.1,0.1,1742.6889332458568,path_unsat_mll,unsat MLL tuned
7,unsat_mll,2.1,0.14,1694.995930897378,path_unsat_mll,unsat MLL tuned
7,unsat_mll,2.1,0.18,1647.1021424105743,path_unsat_mll,unsat MLL tuned
7,unsat_mll,2.1,0.24,1588.4744718899942,path_unsat_mll,unsat MLL tuned
7,unsat_mll,2.1,0.32,1546.5975930767904,path_unsat_mll,unsat MLL tuned
7,unsat_mll,2.1,0.45,1524.6628772448926,path_unsat_mll,unsat MLL tuned
7,censored_mll,0.45,0.1,1890.7675868683734,path_censored_mll,censored MLL tuned
7,censored_mll,0.45,0.14,1824.5889327088496,path_censored_mll,censored MLL tuned
7,censored_mll,0.45,0.18,1778.2050170224975,path_censored_mll,censored MLL tuned
7,censored_mll,0.45,0.24,1728.6959520737819,path_censored_mll,censored MLL tuned
7,censored_mll,0.45,0.32,1678.0392335743381,path_censored_mll,censored MLL tuned
7,censored_mll,0.45,0.45,1623.82962684043,path_censored_mll,censored MLL tuned
7,censored_mll,0.7,0.1,1860.2130275642578,path_censored_mll,censored MLL tuned
7,censored_mll,0.7,0.14,1789.1119099004286,path_censored_mll,censored MLL tuned
7,censored_mll,0.7,0.18,1736.9541628817153,path_censored_mll,censored MLL tuned
7,censored_mll,0.7,0.24,1680.448772667837,path_censored_mll,censored MLL tuned
7,censored_mll,0.7,0.32,1626.2610359886016,path_censored_mll,censored MLL tuned
7,censored_mll,0.7,0.45,1578.2547238570053,path_censored_mll,censored MLL tuned
7,censored_mll,0.95,0.1,1832.2264660204646,path_censored_mll,censored MLL tuned
7,censored_mll,0.95,0.14,1760.9896837164733,path_censored_mll,censored MLL tuned
7,censored_mll,0.95,0.18,1707.454561342833,path_censored_mll,censored MLL tuned
7,censored_mll,0.95,0.24,1649.9198694969475,path_censored_mll,censored MLL tuned
7,censored_mll,0.95,0.32,1597.8688183456477,path_censored_mll,censored MLL tuned
7,censored_mll,0.95,0.45,1560.9130623114172,path_censored_mll,censored MLL tuned
7,censored_mll,1.25,0.1,1804.3906220374718,path_censored_mll,censored MLL tuned
7,censored_mll,1.25,0.14,1736.0521889827546,path_censored_mll,censored MLL tuned
7,censored_mll,1.25,0.18,1682.91726836758,path_censored_mll,censored MLL tuned
7,censored_mll,1.25,0.24,1624.6154428382179,path_censored_mll,censored MLL tuned
7,censored_mll,1.25,0.32,1575.3254635560784,path_censored_mll,censored MLL tuned
7,censored_mll,1.25,0.45,1543.7238646366156,path_censored_mll,censored MLL tuned
7,censored_mll,1.6,0.1,1778.2184891811928,path_censored_mll,censored MLL tuned
7,censored_mll,1.6,0.14,1715.2755649447906,path_censored_mll,censored MLL tuned
7,censored_mll,1.6,0.18,1663.149250287085,path_censored_mll,censored MLL tuned
7,censored_mll,1.6,0.24,1605.0236450646098,path_censored_mll,censored MLL tuned
7,censored_mll,1.6,0.32,1560.2410646454186,path_censored_mll,censored MLL tuned
7,censored_mll,1.6,0.45,1534.5922280408881,path_censored_mll,censored MLL tuned
7,censored_mll,2.1,0.1,1749.832675372611,path_censored_mll,censored MLL tuned
7,censored_mll,2.1,0.14,1697.0947044171537,path_censored_mll,censored MLL tuned
7,censored_mll,2.1,0.18,1648.5692461089773,path_censored_mll,censored MLL tuned
7,censored_mll,2.1,0.24,1591.9770179536422,path_censored_mll,censored MLL tuned
7,censored_mll,2.1,0.32,1552.8846849438926,path_censored_mll,censored MLL tuned
7,censored_mll,2.1,0.45,1535.3531702412201,path_censored_mll,censored MLL tuned
8,unsat_mll,0.45,0.1,1886.5486122880056,path_unsat_mll,unsat MLL tuned
8,unsat_mll,0.45,0.14,1830.335176077624,path_unsat_mll,unsat MLL tuned
8,unsat_mll,0.45,0.18,1784.9589313665679,path_unsat_mll,unsat MLL tuned
8,unsat_mll,0.45,0.24,1734.6755800591259,path_unsat_mll,unsat MLL tuned
8,unsat_mll,0.45,0.32,1684.2263245895692,path_unsat_mll,unsat MLL tuned
8,unsat_mll,0.45,0.45,1626.315498296476,path_unsat_mll,unsat MLL tuned
8,unsat_mll,0.7,0.1,1857.6007586631858,path_unsat_mll,unsat MLL tuned
8,unsat_mll,0.7,0.14,1795.6759735105593,path_unsat_mll,unsat MLL tuned
8,unsat_mll,0.7,0.18,1744.7168882911155,path_unsat_mll,unsat MLL tuned
8,unsat_mll,0.7,0.24,1687.4865670398522,path_unsat_mll,unsat MLL tuned
8,unsat_mll,0.7,0.32,1631.5351320515551,path_unsat_mll,unsat MLL tuned
8,unsat_mll,0.7,0.45,1575.6405073815258,path_unsat_mll,unsat MLL tuned
8,unsat_mll,0.95,0.1,1830.5862228353053,path_unsat_mll,unsat MLL tuned
8,unsat_mll,0.95,0.14,1767.0317705664588,path_unsat_mll,unsat MLL tuned
8,unsat_mll,0.95,0.18,1714.3349160889852,path_unsat_mll,unsat MLL tuned
8,unsat_mll,0.95,0.24,1654.7441801218183,path_unsat_mll,unsat MLL tuned
8,unsat_mll,0.95,0.32,1599.275534743569,path_unsat_mll,unsat MLL tuned
8,unsat_mll,0.95,0.45,1546.710318585583,path_unsat_mll,unsat MLL tuned
8,unsat_mll,1.25,0.1,1803.0338288928447,path_unsat_mll,unsat MLL tuned
8,unsat_mll,1.25,0.14,1739.0267505660217,path_unsat_mll,unsat MLL tuned
8,unsat_mll,1.25,0.18,1685.2833800752915,path_unsat_mll,unsat MLL tuned
8,unsat_mll,1.25,0.24,1625.1775634800847,path_unsat_mll,unsat MLL tuned
8,unsat_mll,1.25,0.32,1572.6612642369168,path_unsat_mll,unsat MLL tuned
8,unsat_mll,1.25,0.45,1526.467023214354,path_unsat_mll,unsat MLL tuned
8,unsat_mll,1.6,0.1,1776.3601547484486,path_unsat_mll,unsat MLL tuned
8,unsat_mll,1.6,0.14,1713.5180878180245,path_unsat_mll,unsat MLL tuned
8,unsat_mll,1.6,0.18,1660.2137529567335,path_unsat_mll,unsat MLL tuned
8,unsat_mll,1.6,0.24,1601.8180561230151,path_unsat_mll,unsat MLL tuned
8,unsat_mll,1.6,0.32,1554.6136826537227,path_unsat_mll,unsat MLL tuned
8,unsat_mll,1.6,0.45,1518.4239091184631,path_unsat_mll,unsat MLL tuned
8,unsat_mll,2.1,0.1,1747.2577234879627,path_unsat_mll,unsat MLL tuned
8,unsat_mll,2.1,0.14,1688.518196789591,path_unsat_mll,unsat MLL tuned
8,unsat_mll,2.1,0.18,1638.2293798390715,path_unsat_mll,unsat MLL tuned
8,unsat_mll,2.1,0.24,1584.824415080639,path_unsat_mll,unsat MLL tuned
8,unsat_mll,2.1,0.32,1546.0676347642493,path_unsat_mll,unsat MLL tuned
8,unsat_mll,2.1,0.45,1519.1670813108535,path_unsat_mll,unsat MLL tuned
8,censored_mll,0.45,0.1,1895.5605499836342,path_censored_mll,censored MLL tuned
8,censored_mll,0.45,0.14,1838.7158604934782,path_censored_mll,censored MLL tuned
8,censored_mll,0.45,0.18,1792.45875033156,path_censored_mll,censored MLL tuned
8,censored_mll,0.45,0.24,1741.7994536413764,path_censored_mll,censored MLL tuned
8,censored_mll,0.45,0.32,1691.858232154619,path_censored_mll,censored MLL tuned
8,censored_mll,0.45,0.45,1638.966835554872,path_censored_mll,censored MLL tuned
8,censored_mll,0.7,0.1,1865.5871703824819,path_censored_mll,censored MLL tuned
8,censored_mll,0.7,0.14,1803.8614019597405,path_censored_mll,censored MLL tuned
8,censored_mll,0.7,0.18,1751.898591709742,path_censored_mll,censored MLL tuned
8,censored_mll,0.7,0.24,1694.2846801077517,path_censored_mll,censored MLL tuned
8,censored_mll,0.7,0.32,1640.5815714255407,path_censored_mll,censored MLL tuned
8,censored_mll,0.7,0.45,1592.395205003655,path_censored_mll,censored MLL tuned
8,censored_mll,0.95,0.1,1838.1475521993673,path_censored_mll,censored MLL tuned
8,censored_mll,0.95,0.14,1775.8127229404001,path_censored_mll,censored MLL tuned
8,censored_mll,0.95,0.18,1722.4430256745693,path_censored_mll,censored MLL tuned
8,censored_mll,0.95,0.24,1662.531598625239,path_censored_mll,censored MLL tuned
8,censored_mll,0.95,0.32,1610.1689182696498,path_censored_mll,censored MLL tuned
8,censored_mll,0.95,0.45,1566.665486027862,path_censored_mll,censored MLL tuned
8,censored_mll,1.25,0.1,1810.7920743323916,path_censored_mll,censored MLL tuned
8,censored_mll,1.25,0.14,1749.907504254729,path_censored_mll,censored MLL tuned
8,censored_mll,1.25,0.18,1696.2268964688471,path_censored_mll,censored MLL tuned
8,censored_mll,1.25,0.24,1635.5247166522934,path_censored_mll,censored MLL tuned
8,censored_mll,1.25,0.32,1585.3827824801926,path_censored_mll,censored MLL tuned
8,censored_mll,1.25,0.45,1545.3976073964932,path_censored_mll,censored MLL tuned
8,censored_mll,1.6,0.1,1784.5090494523265,path_censored_mll,censored MLL tuned
8,censored_mll,1.6,0.14,1727.2939742389356,path_censored_mll,censored MLL tuned
8,censored_mll,1.6,0.18,1674.7513459221605,path_censored_mll,censored MLL tuned
8,censored_mll,1.6,0.24,1615.1926067258503,path_censored_mll,censored MLL tuned
8,censored_mll,1.6,0.32,1570.1724422745076,path_censored_mll,censored MLL tuned
8,censored_mll,1.6,0.45,1539.3142755128104,path_censored_mll,censored MLL tuned
8,censored_mll,2.1,0.1,1755.7433288562163,path_censored_mll,censored MLL tuned
8,censored_mll,2.1,0.14,1706.2277444380716,path_censored_mll,censored MLL tuned
8,censored_mll,2.1,0.18,1657.0491171451702,path_censored_mll,censored MLL tuned
8,censored_mll,2.1,0.24,1601.6854190353235,path_censored_mll,censored MLL tuned
8,censored_mll,2.1,0.32,1566.5985457045444,path_censored_mll,censored MLL tuned
8,censored_mll,2.1,0.45,1548.129283336675,path_censored_mll,censored MLL tuned
9,unsat_mll,0.45,0.1,1884.5538004778514,path_unsat_mll,unsat MLL tuned
9,unsat_mll,0.45,0.14,1824.69426829465,path_unsat_mll,unsat MLL tuned
9,unsat_mll,0.45,0.18,1782.9059238509144,path_unsat_mll,unsat MLL tuned
9,unsat_mll,0.45,0.24,1744.1619888097994,path_unsat_mll,unsat MLL tuned
9,unsat_mll,0.45,0.32,1705.8545711341512,path_unsat_mll,unsat MLL tuned
9,unsat_mll,0.45,0.45,1658.1932565681664,path_unsat_mll,unsat MLL tuned
9,unsat_mll,0.7,0.1,1856.5289409408442,path_unsat_mll,unsat MLL tuned
9,unsat_mll,0.7,0.14,1791.9743752603226,path_unsat_mll,unsat MLL tuned
9,unsat_mll,0.7,0.18,1744.4457794196078,path_unsat_mll,unsat MLL tuned
9,unsat_mll,0.7,0.24,1699.4148065947988,path_unsat_mll,unsat MLL tuned
9,unsat_mll,0.7,0.32,1656.2510111851052,path_unsat_mll,unsat MLL tuned
9,unsat_mll,0.7,0.45,1607.8914908316656,path_unsat_mll,unsat MLL tuned
9,unsat_mll,0.95,0.1,1830.0044136237584,path_unsat_mll,unsat MLL tuned
9,unsat_mll,0.95,0.14,1766.1753788785804,path_unsat_mll,unsat MLL tuned
9,unsat_mll,0.95,0.18,1718.2861205682052,path_unsat_mll,unsat MLL tuned
9,unsat_mll,0.95,0.24,1671.6580147824948,path_unsat_mll,unsat MLL tuned
9,unsat_mll,0.95,0.32,1629.8408558627107,path_unsat_mll,unsat MLL tuned
9,unsat_mll,0.95,0.45,1586.418320148021,path_unsat_mll,unsat MLL tuned
9,unsat_mll,1.25,0.1,1802.1385213279832,path_unsat_mll,unsat MLL tuned
9,unsat_mll,1.25,0.14,1741.6593961654662,path_unsat_mll,unsat MLL tuned
9,unsat_mll,1.25,0.18,1695.9983951183144,path_unsat_mll,unsat MLL tuned
9,unsat_mll,1.25,0.24,1649.2105300764392,path_unsat_mll,unsat MLL tuned
9,unsat_mll,1.25,0.32,1611.9686685948636,path_unsat_mll,unsat MLL tuned
9,unsat_mll,1.25,0.45,1575.3581126235026,path_unsat_mll,unsat MLL tuned
9,unsat_mll,1.6,0.1,1774.8809002218618,path_unsat_mll,unsat MLL tuned
9,unsat_mll,1.6,0.14,1720.9821596728261,path_unsat_mll,unsat MLL tuned
9,unsat_mll,1.6,0.18,1677.1806807088092,path_unsat_mll,unsat MLL tuned
9,unsat_mll,1.6,0.24,1630.451258584323,path_unsat_mll,unsat MLL tuned
9,unsat_mll,1.6,0.32,1596.935341422458,path_unsat_mll,unsat MLL tuned
9,unsat_mll,1.6,0.45,1566.6027185969615,path_unsat_mll,unsat MLL tuned
9,unsat_mll,2.1,0.1,1743.7303605356828,path_unsat_mll,unsat MLL tuned
9,unsat_mll,2.1,0.14,1704.3413234081513,path_unsat_mll,unsat MLL tuned
9,unsat_mll,2.1,0.18,1664.1813074949855,path_unsat_mll,unsat MLL tuned
9,unsat_mll,2.1,0.24,1616.2211904446035,path_unsat_mll,unsat MLL tuned
9,unsat_mll,2.1,0.32,1587.2994011131336,path_unsat_mll,unsat MLL tuned
9,unsat_mll,2.1,0.45,1564.3437186761112,path_unsat_mll,unsat MLL tuned
9,censored_mll,0.45,0.1,1892.437650175011,path_censored_mll,censored MLL tuned
9,censored_mll,0.45,0.14,1831.8401645768392,path_censored_mll,censored MLL tuned
9,censored_mll,0.45,0.18,1789.422470576714,path_censored_mll,censored MLL tuned
9,censored_mll,0.45,0.24,1750.1087354890146,path_censored_mll,censored MLL tuned
9,censored_mll,0.45,0.32,1712.1435139598257,path_censored_mll,censored MLL tuned
9,censored_mll,0.45,0.45,1668.4237636375815,path_censored_mll,censored MLL tuned
9,censored_mll,0.7,0.1,1861.980986850157,path_censored_mll,censored MLL tuned
9,censored_mll,0.7,0.14,1796.6807857613867,path_censored_mll,censored MLL tuned
9,censored_mll,0.7,0.18,1749.4537237655409,path_censored_mll,censored MLL tuned
9,censored_mll,0.7,0.24,1704.91970949283,path_censored_mll,censored MLL tuned
9,censored_mll,0.7,0.32,1662.6679201979962,path_censored_mll,censored MLL tuned
9,censored_mll,0.7,0.45,1619.8030325968864,path_censored_mll,censored MLL tuned
9,censored_mll,0.95,0.1,1833.8194668250974,path_censored_mll,censored MLL tuned
9,censored_mll,0.95,0.14,1768.2800977377724,path_censored_mll,censored MLL tuned
9,censored_mll,0.95,0.18,1720.3016959855415,path_censored_mll,censored MLL tuned
9,censored_mll,0.95,0.24,1675.1050730807465,path_censored_mll,censored MLL tuned
9,censored_mll,0.95,0.32,1637.3785270379599,path_censored_mll,censored MLL tuned
9,censored_mll,0.95,0.45,1601.9028876629263,path_censored_mll,censored MLL tuned
9,censored_mll,1.25,0.1,1805.2442361515843,path_censored_mll,censored MLL tuned
9,censored_mll,1.25,0.14,1742.5272164970436,path_censored_mll,censored MLL tuned
9,censored_mll,1.25,0.18,1696.4485221667403,path_censored_mll,censored MLL tuned
9,censored_mll,1.25,0.24,1650.130814756373,path_censored_mll,censored MLL tuned
9,censored_mll,1.25,0.32,1614.9629666324506,path_censored_mll,censored MLL tuned
9,censored_mll,1.25,0.45,1583.7707181652922,path_censored_mll,censored MLL tuned
9,censored_mll,1.6,0.1,1778.437460369832,path_censored_mll,censored MLL tuned
9,censored_mll,1.6,0.14,1721.3903065894172,path_censored_mll,censored MLL tuned
9,censored_mll,1.6,0.18,1677.2880183286668,path_censored_mll,censored MLL tuned
9,censored_mll,1.6,0.24,1631.481297707787,path_censored_mll,censored MLL tuned
9,censored_mll,1.6,0.32,1600.4418898117801,path_censored_mll,censored MLL tuned
9,censored_mll,1.6,0.45,1574.9135344984209,path_censored_mll,censored MLL tuned
9,censored_mll,2.1,0.1,1750.4647832391006,path_censored_mll,censored MLL tuned
9,censored_mll,2.1,0.14,1705.5088445535464,path_censored_mll,censored MLL tuned
9,censored_mll,2.1,0.18,1665.003012023949,path_censored_mll,censored MLL tuned
9,censored_mll,2.1,0.24,1619.5786272725147,path_censored_mll,censored MLL tuned
9,censored_mll,2.1,0.32,1594.5956082601313,path_censored_mll,censored MLL tuned
9,censored_mll,2.1,0.45,1579.0982841924404,path_censored_mll,censored MLL tuned
