trajectory,method,diffusivity_m2_s,cooling_rate_1_s,signal_sd_K,source_coupling,n_frames,n_observations,n_saturated,threshold_K,excess_field_rel_l2,hot_region_rel_l2,peak_true_K,peak_predicted_K,peak_absolute_error_K,posterior_sd_at_true_peak_K,true_peak_in_95,pointwise_95_coverage,hot_region_95_coverage,mean_crps_K,hot_region_crps_K,mean_95_interval_width_K,hot_region_95_interval_width_K,hot_region_interval_score_K,interval_calibration_scale,calibrated_true_peak_in_95,calibrated_hot_region_95_coverage,calibrated_hot_region_95_interval_width_K,calibrated_hot_region_interval_score_K,fixed_top_01_crps_K,fixed_top_01_mae_K,fixed_top_03_crps_K,fixed_top_03_mae_K,fixed_top_05_crps_K,fixed_top_05_mae_K,fixed_top_10_crps_K,fixed_top_10_mae_K,true_peak_location_crps_K,true_peak_location_mae_K,field_maximum_crps_K,source_amplitude_fraction_sd,source_amplitude_timescale_multiplier,source_amplitude_timescale_s
DiagonalScanPath_8,physics mean + advective forced + source amplitude,3.6109129986233175e-06,12.422901570529978,3.4305133895116966,0.17022272061337845,2,234,5,296.12149833303096,0.35341026512811585,0.3568992684955181,336.214847986714,342.7753974833235,6.560549496609497,2.8731590366974666,False,0.9972011195521792,0.9078947368421053,0.5779993944904009,1.4342968772162015,8.612172849316769,9.73841879220026,22.445682023631264,1.0,False,0.9078947368421053,9.73841879220026,22.445682023631264,2.759078288783215,3.3820152366459717,1.4342968772162015,1.6641754630501955,1.1122842097830379,1.1749928185485798,0.8350718521064467,0.6831756472145151,4.929811234033492,6.560549496609497,4.929811234033476,0.0,1.0,0.0005000000000000004
DiagonalScanPath_8,physics mean + advective forced + source amplitude,3.6109129986233175e-06,12.422901570529978,3.4305133895116966,0.17022272061337845,2,234,5,296.12149833303096,0.35341026512811585,0.3568992684955181,336.214847986714,342.7753974833235,6.560549496609497,5.40864725606811,True,0.9976009596161536,0.9210526315789473,0.5776256454892365,1.4219752359167284,8.616471667398775,9.879418056011195,21.739337590245874,1.0,True,0.9210526315789473,9.879418056011195,21.739337590245874,2.7229289432562656,3.3820152366459717,1.4219752359167284,1.6641754630501955,1.104865588736113,1.1749928185485798,0.8313477634534087,0.6831756472145151,4.165692531247723,6.560549496609497,4.165692531247718,0.1,1.0,0.0005000000000000004
DiagonalScanPath_8,physics mean + advective forced + source amplitude,3.6109129986233175e-06,12.422901570529978,3.4305133895116966,0.17022272061337845,2,234,5,296.12149833303096,0.35341026512811585,0.3568992684955181,336.214847986714,342.7753974833235,6.560549496609497,5.40864725606811,True,0.9976009596161536,0.9210526315789473,0.5776256454892365,1.4219752359167284,8.616471667398775,9.879418056011195,21.739337590245874,1.0,True,0.9210526315789473,9.879418056011195,21.739337590245874,2.7229289432562656,3.3820152366459717,1.4219752359167284,1.6641754630501955,1.104865588736113,1.1749928185485798,0.8313477634534087,0.6831756472145151,4.165692531247723,6.560549496609497,4.165692531247718,0.1,3.0,0.0015000000000000013
DiagonalScanPath_8,physics mean + advective forced + source amplitude,3.6109129986233175e-06,12.422901570529978,3.4305133895116966,0.17022272061337845,2,234,5,296.12149833303096,0.35341026512811585,0.3568992684955181,336.214847986714,342.7753974833235,6.560549496609497,5.40864725606811,True,0.9976009596161536,0.9210526315789473,0.5776256454892365,1.4219752359167284,8.616471667398775,9.879418056011195,21.739337590245874,1.0,True,0.9210526315789473,9.879418056011195,21.739337590245874,2.7229289432562656,3.3820152366459717,1.4219752359167284,1.6641754630501955,1.104865588736113,1.1749928185485798,0.8313477634534087,0.6831756472145151,4.165692531247723,6.560549496609497,4.165692531247718,0.1,10.0,0.0050000000000000044
DiagonalScanPath_8,physics mean + advective forced + source amplitude,3.6109129986233175e-06,12.422901570529978,3.4305133895116966,0.17022272061337845,2,234,5,296.12149833303096,0.35341026512811585,0.3568992684955181,336.214847986714,342.7753974833235,6.560549496609497,11.810807854051435,True,0.9976009596161536,0.9210526315789473,0.5774457828802884,1.4159388483815434,8.628483304291235,10.27227888924013,20.73488603060506,1.0,True,0.9210526315789473,10.27227888924013,20.73488603060506,2.7045935548400752,3.3820152366459717,1.4159388483815434,1.6641754630501955,1.1012954586965957,1.1749928185485798,0.8295555866208224,0.6831756472145151,4.404253219150692,6.560549496609497,4.403656729704837,0.25,1.0,0.0005000000000000004
DiagonalScanPath_8,physics mean + advective forced + source amplitude,3.6109129986233175e-06,12.422901570529978,3.4305133895116966,0.17022272061337845,2,234,5,296.12149833303096,0.35341026512811585,0.3568992684955181,336.214847986714,342.7753974833235,6.560549496609497,11.810807854051435,True,0.9976009596161536,0.9210526315789473,0.5774457828802884,1.4159388483815434,8.628483304291235,10.27227888924013,20.73488603060506,1.0,True,0.9210526315789473,10.27227888924013,20.73488603060506,2.7045935548400752,3.3820152366459717,1.4159388483815434,1.6641754630501955,1.1012954586965957,1.1749928185485798,0.8295555866208224,0.6831756472145151,4.404253219150692,6.560549496609497,4.403656729704837,0.25,3.0,0.0015000000000000013
DiagonalScanPath_8,physics mean + advective forced + source amplitude,3.6109129986233175e-06,12.422901570529978,3.4305133895116966,0.17022272061337845,2,234,5,296.12149833303096,0.35341026512811585,0.3568992684955181,336.214847986714,342.7753974833235,6.560549496609497,11.810807854051435,True,0.9976009596161536,0.9210526315789473,0.5774457828802884,1.4159388483815434,8.628483304291235,10.27227888924013,20.73488603060506,1.0,True,0.9210526315789473,10.27227888924013,20.73488603060506,2.7045935548400752,3.3820152366459717,1.4159388483815434,1.6641754630501955,1.1012954586965957,1.1749928185485798,0.8295555866208224,0.6831756472145151,4.404253219150692,6.560549496609497,4.403656729704837,0.25,10.0,0.0050000000000000044
DiagonalScanPath_8,physics mean + advective forced + source amplitude,3.6109129986233175e-06,12.422901570529978,3.4305133895116966,0.17022272061337845,2,234,5,296.12149833303096,0.35341026512811585,0.3568992684955181,336.214847986714,342.7753974833235,6.560549496609497,23.091461627857672,True,0.9976009596161536,0.9210526315789473,0.5778268346240775,1.428060084928322,8.651847496538004,11.032871800685786,18.443645952100923,1.0,True,0.9210526315789473,11.032871800685786,18.443645952100923,2.7375705909429957,3.3820152366459717,1.428060084928322,1.6641754630501955,1.1088590333887913,1.1749928185485798,0.8333524408487772,0.6831756472145151,6.715444759667561,6.560549496609497,6.520833983355843,0.5,1.0,0.0005000000000000004
DiagonalScanPath_8,physics mean + advective forced + source amplitude,3.6109129986233175e-06,12.422901570529978,3.4305133895116966,0.17022272061337845,2,234,5,296.12149833303096,0.35341026512811585,0.3568992684955181,336.214847986714,342.7753974833235,6.560549496609497,23.091461627857672,True,0.9976009596161536,0.9210526315789473,0.5778268346240775,1.428060084928322,8.651847496538004,11.032871800685786,18.443645952100923,1.0,True,0.9210526315789473,11.032871800685786,18.443645952100923,2.7375705909429957,3.3820152366459717,1.428060084928322,1.6641754630501955,1.1088590333887913,1.1749928185485798,0.8333524408487772,0.6831756472145151,6.715444759667561,6.560549496609497,6.520833983355843,0.5,3.0,0.0015000000000000013
DiagonalScanPath_8,physics mean + advective forced + source amplitude,3.6109129986233175e-06,12.422901570529978,3.4305133895116966,0.17022272061337845,2,234,5,296.12149833303096,0.35341026512811585,0.3568992684955181,336.214847986714,342.7753974833235,6.560549496609497,23.091461627857672,True,0.9976009596161536,0.9210526315789473,0.5778268346240775,1.428060084928322,8.651847496538004,11.032871800685786,18.443645952100923,1.0,True,0.9210526315789473,11.032871800685786,18.443645952100923,2.7375705909429957,3.3820152366459717,1.428060084928322,1.6641754630501955,1.1088590333887913,1.1749928185485798,0.8333524408487772,0.6831756472145151,6.715444759667561,6.560549496609497,6.520833983355843,0.5,10.0,0.0050000000000000044
DiagonalScanPath_8,physics mean + advective forced + source amplitude,3.6109129986233175e-06,12.422901570529978,3.4305133895116966,0.17022272061337845,2,234,5,296.12149833303096,0.35341026512811585,0.3568992684955181,336.214847986714,342.7753974833235,6.560549496609497,45.914020428327106,True,0.998000799680128,0.9342105263157895,0.579367856758858,1.4772196704000573,8.703064652991618,12.689401304270806,17.80157262674835,1.0,True,0.9342105263157895,12.689401304270806,17.80157262674835,2.8724344079124253,3.3820152366459717,1.4772196704000573,1.6641754630501955,1.1394470997307444,1.1749928185485798,0.8487074064228249,0.6831756472145151,12.277380234175734,6.560549496609497,10.23582696083513,1.0,1.0,0.0005000000000000004
DiagonalScanPath_8,physics mean + advective forced + source amplitude,3.6109129986233175e-06,12.422901570529978,3.4305133895116966,0.17022272061337845,2,234,5,296.12149833303096,0.35341026512811585,0.3568992684955181,336.214847986714,342.7753974833235,6.560549496609497,45.914020428327106,True,0.998000799680128,0.9342105263157895,0.579367856758858,1.4772196704000573,8.703064652991618,12.689401304270806,17.80157262674835,1.0,True,0.9342105263157895,12.689401304270806,17.80157262674835,2.8724344079124253,3.3820152366459717,1.4772196704000573,1.6641754630501955,1.1394470997307444,1.1749928185485798,0.8487074064228249,0.6831756472145151,12.277380234175734,6.560549496609497,10.23582696083513,1.0,3.0,0.0015000000000000013
DiagonalScanPath_8,physics mean + advective forced + source amplitude,3.6109129986233175e-06,12.422901570529978,3.4305133895116966,0.17022272061337845,2,234,5,296.12149833303096,0.35341026512811585,0.3568992684955181,336.214847986714,342.7753974833235,6.560549496609497,45.914020428327106,True,0.998000799680128,0.9342105263157895,0.579367856758858,1.4772196704000573,8.703064652991618,12.689401304270806,17.80157262674835,1.0,True,0.9342105263157895,12.689401304270806,17.80157262674835,2.8724344079124253,3.3820152366459717,1.4772196704000573,1.6641754630501955,1.1394470997307444,1.1749928185485798,0.8487074064228249,0.6831756472145151,12.277380234175734,6.560549496609497,10.23582696083513,1.0,10.0,0.0050000000000000044
HorizontalScanPath_13,physics mean + advective forced + source amplitude,3.6109129986233175e-06,12.422901570529978,3.4305133895116966,0.17022272061337845,2,234,4,296.4959614680289,0.43148828493345476,0.45784362000925777,319.1296936365724,306.25694017245564,12.872753464116784,2.8500419501614154,False,0.998000799680128,0.9342105263157895,0.5851481966945358,1.4020687551193711,8.725711211514122,9.0636937781737,20.467443248923743,1.0,False,0.9342105263157895,9.0636937781737,20.467443248923743,2.8324802529264606,3.9279268202494677,1.4020687551193711,1.8102494520230623,1.098933832240865,1.1849184026914579,0.8270752873741053,0.6828910720048643,11.322217868601916,12.872753464116784,11.177248715030997,0.0,1.0,0.0005000000000000004
HorizontalScanPath_13,physics mean + advective forced + source amplitude,3.6109129986233175e-06,12.422901570529978,3.4305133895116966,0.17022272061337845,2,234,4,296.4959614680289,0.43148828493345476,0.45784362000925777,319.1296936365724,306.25694017245564,12.872753464116784,3.0005855191210875,False,0.998000799680128,0.9342105263157895,0.5851129282816527,1.4009081459006805,8.726014630855122,9.073678669908434,20.337823201366415,1.0,False,0.9342105263157895,9.073678669908434,20.337823201366415,2.829069342282279,3.9279268202494677,1.4009081459006805,1.8102494520230623,1.0982337822359407,1.1849184026914579,0.826723867849721,0.6828910720048643,11.239808049273709,12.872753464116784,11.084402452873528,0.1,1.0,0.0005000000000000004
HorizontalScanPath_13,physics mean + advective forced + source amplitude,3.6109129986233175e-06,12.422901570529978,3.4305133895116966,0.17022272061337845,2,234,4,296.4959614680289,0.43148828493345476,0.45784362000925777,319.1296936365724,306.25694017245564,12.872753464116784,3.0005855191210875,False,0.998000799680128,0.9342105263157895,0.5851129282816527,1.4009081459006805,8.726014630855122,9.073678669908434,20.337823201366415,1.0,False,0.9342105263157895,9.073678669908434,20.337823201366415,2.829069342282279,3.9279268202494677,1.4009081459006805,1.8102494520230623,1.0982337822359407,1.1849184026914579,0.826723867849721,0.6828910720048643,11.239808049273709,12.872753464116784,11.084402452873528,0.1,3.0,0.0015000000000000013
HorizontalScanPath_13,physics mean + advective forced + source amplitude,3.6109129986233175e-06,12.422901570529978,3.4305133895116966,0.17022272061337845,2,234,4,296.4959614680289,0.43148828493345476,0.45784362000925777,319.1296936365724,306.25694017245564,12.872753464116784,3.0005855191210875,False,0.998000799680128,0.9342105263157895,0.5851129282816527,1.4009081459006805,8.726014630855122,9.073678669908434,20.337823201366415,1.0,False,0.9342105263157895,9.073678669908434,20.337823201366415,2.829069342282279,3.9279268202494677,1.4009081459006805,1.8102494520230623,1.0982337822359407,1.1849184026914579,0.826723867849721,0.6828910720048643,11.239808049273709,12.872753464116784,11.084402452873528,0.1,10.0,0.0050000000000000044
HorizontalScanPath_13,physics mean + advective forced + source amplitude,3.6109129986233175e-06,12.422901570529978,3.4305133895116966,0.17022272061337845,2,234,4,296.4959614680289,0.43148828493345476,0.45784362000925777,319.1296936365724,306.25694017245564,12.872753464116784,3.6915550574173452,False,0.998000799680128,0.9342105263157895,0.5849513708983757,1.3955916325378392,8.727453331566386,9.121023281472546,19.73723244186299,1.0,False,0.9342105263157895,9.121023281472546,19.73723244186299,2.813432644989697,3.9279268202494677,1.3955916325378392,1.8102494520230623,1.0950269963980366,1.1849184026914579,0.8251140869111714,0.6828910720048643,10.861589153791918,12.872753464116784,10.64799580573946,0.25,1.0,0.0005000000000000004
HorizontalScanPath_13,physics mean + advective forced + source amplitude,3.6109129986233175e-06,12.422901570529978,3.4305133895116966,0.17022272061337845,2,234,4,296.4959614680289,0.43148828493345476,0.45784362000925777,319.1296936365724,306.25694017245564,12.872753464116784,3.6915550574173452,False,0.998000799680128,0.9342105263157895,0.5849513708983757,1.3955916325378392,8.727453331566386,9.121023281472546,19.73723244186299,1.0,False,0.9342105263157895,9.121023281472546,19.73723244186299,2.813432644989697,3.9279268202494677,1.3955916325378392,1.8102494520230623,1.0950269963980366,1.1849184026914579,0.8251140869111714,0.6828910720048643,10.861589153791918,12.872753464116784,10.64799580573946,0.25,3.0,0.0015000000000000013
HorizontalScanPath_13,physics mean + advective forced + source amplitude,3.6109129986233175e-06,12.422901570529978,3.4305133895116966,0.17022272061337845,2,234,4,296.4959614680289,0.43148828493345476,0.45784362000925777,319.1296936365724,306.25694017245564,12.872753464116784,3.6915550574173452,False,0.998000799680128,0.9342105263157895,0.5849513708983757,1.3955916325378392,8.727453331566386,9.121023281472546,19.73723244186299,1.0,False,0.9342105263157895,9.121023281472546,19.73723244186299,2.813432644989697,3.9279268202494677,1.3955916325378392,1.8102494520230623,1.0950269963980366,1.1849184026914579,0.8251140869111714,0.6828910720048643,10.861589153791918,12.872753464116784,10.64799580573946,0.25,10.0,0.0050000000000000044
HorizontalScanPath_13,physics mean + advective forced + source amplitude,3.6109129986233175e-06,12.422901570529978,3.4305133895116966,0.17022272061337845,2,234,4,296.4959614680289,0.43148828493345476,0.45784362000925777,319.1296936365724,306.25694017245564,12.872753464116784,5.490181929109464,False,0.998000799680128,0.9342105263157895,0.5845340481888259,1.3818584207406792,8.73150083812905,9.254218201383368,18.13129143468833,1.0,False,0.9342105263157895,9.254218201383368,18.13129143468833,2.772949777223836,3.9279268202494677,1.3818584207406792,1.8102494520230623,1.0867434718219717,1.1849184026914579,0.8209558235781668,0.6828910720048643,9.877162613940095,12.872753464116784,9.457019641003912,0.5,1.0,0.0005000000000000004
HorizontalScanPath_13,physics mean + advective forced + source amplitude,3.6109129986233175e-06,12.422901570529978,3.4305133895116966,0.17022272061337845,2,234,4,296.4959614680289,0.43148828493345476,0.45784362000925777,319.1296936365724,306.25694017245564,12.872753464116784,5.490181929109464,False,0.998000799680128,0.9342105263157895,0.5845340481888259,1.3818584207406792,8.73150083812905,9.254218201383368,18.13129143468833,1.0,False,0.9342105263157895,9.254218201383368,18.13129143468833,2.772949777223836,3.9279268202494677,1.3818584207406792,1.8102494520230623,1.0867434718219717,1.1849184026914579,0.8209558235781668,0.6828910720048643,9.877162613940095,12.872753464116784,9.457019641003912,0.5,3.0,0.0015000000000000013
HorizontalScanPath_13,physics mean + advective forced + source amplitude,3.6109129986233175e-06,12.422901570529978,3.4305133895116966,0.17022272061337845,2,234,4,296.4959614680289,0.43148828493345476,0.45784362000925777,319.1296936365724,306.25694017245564,12.872753464116784,5.490181929109464,False,0.998000799680128,0.9342105263157895,0.5845340481888259,1.3818584207406792,8.73150083812905,9.254218201383368,18.13129143468833,1.0,False,0.9342105263157895,9.254218201383368,18.13129143468833,2.772949777223836,3.9279268202494677,1.3818584207406792,1.8102494520230623,1.0867434718219717,1.1849184026914579,0.8209558235781668,0.6828910720048643,9.877162613940095,12.872753464116784,9.457019641003912,0.5,10.0,0.0050000000000000044
HorizontalScanPath_13,physics mean + advective forced + source amplitude,3.6109129986233175e-06,12.422901570529978,3.4305133895116966,0.17022272061337845,2,234,4,296.4959614680289,0.43148828493345476,0.45784362000925777,319.1296936365724,306.25694017245564,12.872753464116784,9.808168692771853,True,0.9984006397441023,0.9473684210526315,0.5837203413455812,1.3550810415965322,8.742434129829682,9.614009813794922,15.78667804721763,1.0,True,0.9473684210526315,9.614009813794922,15.78667804721763,2.6933711107094407,3.9279268202494677,1.3550810415965322,1.8102494520230623,1.070592036782645,1.1849184026914579,0.8128479318851183,0.6828910720048643,7.950370704767326,12.872753464116784,6.83702344088525,1.0,1.0,0.0005000000000000004
HorizontalScanPath_13,physics mean + advective forced + source amplitude,3.6109129986233175e-06,12.422901570529978,3.4305133895116966,0.17022272061337845,2,234,4,296.4959614680289,0.43148828493345476,0.45784362000925777,319.1296936365724,306.25694017245564,12.872753464116784,9.808168692771853,True,0.9984006397441023,0.9473684210526315,0.5837203413455812,1.3550810415965322,8.742434129829682,9.614009813794922,15.78667804721763,1.0,True,0.9473684210526315,9.614009813794922,15.78667804721763,2.6933711107094407,3.9279268202494677,1.3550810415965322,1.8102494520230623,1.070592036782645,1.1849184026914579,0.8128479318851183,0.6828910720048643,7.950370704767326,12.872753464116784,6.83702344088525,1.0,3.0,0.0015000000000000013
HorizontalScanPath_13,physics mean + advective forced + source amplitude,3.6109129986233175e-06,12.422901570529978,3.4305133895116966,0.17022272061337845,2,234,4,296.4959614680289,0.43148828493345476,0.45784362000925777,319.1296936365724,306.25694017245564,12.872753464116784,9.808168692771853,True,0.9984006397441023,0.9473684210526315,0.5837203413455812,1.3550810415965322,8.742434129829682,9.614009813794922,15.78667804721763,1.0,True,0.9473684210526315,9.614009813794922,15.78667804721763,2.6933711107094407,3.9279268202494677,1.3550810415965322,1.8102494520230623,1.070592036782645,1.1849184026914579,0.8128479318851183,0.6828910720048643,7.950370704767326,12.872753464116784,6.83702344088525,1.0,10.0,0.0050000000000000044
SpiralScanPath_13,physics mean + advective forced + source amplitude,3.6109129986233175e-06,12.422901570529978,3.4305133895116966,0.17022272061337845,2,234,4,296.4901280292387,0.31548230803460714,0.3220887857763786,335.7083806056465,334.3831609916129,1.3252196140335855,2.5471493147220974,True,0.9976009596161536,0.9210526315789473,0.565189312996283,1.2624484545781598,8.404510915304312,9.044649583383844,17.83435041095078,1.0,True,0.9210526315789473,9.044649583383844,17.83435041095078,2.4762948887169647,3.298054090838211,1.2624484545781598,1.4886470733030712,0.9821562646981835,1.0007681145995422,0.7971539085368926,0.7131935450454226,1.007194636417994,1.3252196140335855,1.007194636418,0.0,1.0,0.0005000000000000004
SpiralScanPath_13,physics mean + advective forced + source amplitude,3.6109129986233175e-06,12.422901570529978,3.4305133895116966,0.17022272061337845,2,234,4,296.4901280292387,0.31548230803460714,0.3220887857763786,335.7083806056465,334.3831609916129,1.3252196140335855,4.570873450123893,True,0.9976009596161536,0.9210526315789473,0.565168804968562,1.2617643251364452,8.408828966075147,9.186599001230338,17.31152661660257,1.0,True,0.9210526315789473,9.186599001230338,17.31152661660257,2.4741517819836765,3.298054090838211,1.2617643251364452,1.4886470733030712,0.9817436151936575,1.0007681145995422,0.7969495636072901,0.7131935450454226,1.3522440744124085,1.3252196140335855,1.352244074412431,0.1,1.0,0.0005000000000000004
SpiralScanPath_13,physics mean + advective forced + source amplitude,3.6109129986233175e-06,12.422901570529978,3.4305133895116966,0.17022272061337845,2,234,4,296.4901280292387,0.31548230803460714,0.3220887857763786,335.7083806056465,334.3831609916129,1.3252196140335855,4.570873450123893,True,0.9976009596161536,0.9210526315789473,0.565168804968562,1.2617643251364452,8.408828966075147,9.186599001230338,17.31152661660257,1.0,True,0.9210526315789473,9.186599001230338,17.31152661660257,2.4741517819836765,3.298054090838211,1.2617643251364452,1.4886470733030712,0.9817436151936575,1.0007681145995422,0.7969495636072901,0.7131935450454226,1.3522440744124085,1.3252196140335855,1.352244074412431,0.1,3.0,0.0015000000000000013
SpiralScanPath_13,physics mean + advective forced + source amplitude,3.6109129986233175e-06,12.422901570529978,3.4305133895116966,0.17022272061337845,2,234,4,296.4901280292387,0.31548230803460714,0.3220887857763786,335.7083806056465,334.3831609916129,1.3252196140335855,4.570873450123893,True,0.9976009596161536,0.9210526315789473,0.565168804968562,1.2617643251364452,8.408828966075147,9.186599001230338,17.31152661660257,1.0,True,0.9210526315789473,9.186599001230338,17.31152661660257,2.4741517819836765,3.298054090838211,1.2617643251364452,1.4886470733030712,0.9817436151936575,1.0007681145995422,0.7969495636072901,0.7131935450454226,1.3522440744124085,1.3252196140335855,1.352244074412431,0.1,10.0,0.0050000000000000044
SpiralScanPath_13,physics mean + advective forced + source amplitude,3.6109129986233175e-06,12.422901570529978,3.4305133895116966,0.17022272061337845,2,234,4,296.4901280292387,0.31548230803460714,0.3220887857763786,335.7083806056465,334.3831609916129,1.3252196140335855,9.824392349721046,True,0.998000799680128,0.9342105263157895,0.5652741379292875,1.2651823268983027,8.421414129494549,9.599975130824186,16.995699903827767,1.0,True,0.9342105263157895,9.599975130824186,16.995699903827767,2.4833914134120834,3.298054090838211,1.2651823268983027,1.4886470733030712,0.9838052670500159,1.0007681145995422,0.7979991163354762,0.7131935450454226,2.418386167987337,1.3252196140335855,2.4137630179889538,0.25,1.0,0.0005000000000000004
SpiralScanPath_13,physics mean + advective forced + source amplitude,3.6109129986233175e-06,12.422901570529978,3.4305133895116966,0.17022272061337845,2,234,4,296.4901280292387,0.31548230803460714,0.3220887857763786,335.7083806056465,334.3831609916129,1.3252196140335855,9.824392349721046,True,0.998000799680128,0.9342105263157895,0.5652741379292875,1.2651823268983027,8.421414129494549,9.599975130824186,16.995699903827767,1.0,True,0.9342105263157895,9.599975130824186,16.995699903827767,2.4833914134120834,3.298054090838211,1.2651823268983027,1.4886470733030712,0.9838052670500159,1.0007681145995422,0.7979991163354762,0.7131935450454226,2.418386167987337,1.3252196140335855,2.4137630179889538,0.25,3.0,0.0015000000000000013
SpiralScanPath_13,physics mean + advective forced + source amplitude,3.6109129986233175e-06,12.422901570529978,3.4305133895116966,0.17022272061337845,2,234,4,296.4901280292387,0.31548230803460714,0.3220887857763786,335.7083806056465,334.3831609916129,1.3252196140335855,9.824392349721046,True,0.998000799680128,0.9342105263157895,0.5652741379292875,1.2651823268983027,8.421414129494549,9.599975130824186,16.995699903827767,1.0,True,0.9342105263157895,9.599975130824186,16.995699903827767,2.4833914134120834,3.298054090838211,1.2651823268983027,1.4886470733030712,0.9838052670500159,1.0007681145995422,0.7979991163354762,0.7131935450454226,2.418386167987337,1.3252196140335855,2.4137630179889538,0.25,10.0,0.0050000000000000044
SpiralScanPath_13,physics mean + advective forced + source amplitude,3.6109129986233175e-06,12.422901570529978,3.4305133895116966,0.17022272061337845,2,234,4,296.4901280292387,0.31548230803460714,0.3220887857763786,335.7083806056465,334.3831609916129,1.3252196140335855,19.147084145388966,True,0.9984006397441023,0.9473684210526315,0.5659773444956435,1.2881548003015741,8.44594517796545,10.404534113722566,16.65691632691199,1.0,True,0.9473684210526315,10.404534113722566,16.65691632691199,2.5478806765834054,3.298054090838211,1.2881548003015741,1.4886470733030712,0.9976616795789731,1.0007681145995422,0.8050059674209582,0.7131935450454226,4.479635068644164,1.3252196140335855,3.9649379626991834,0.5,1.0,0.0005000000000000004
SpiralScanPath_13,physics mean + advective forced + source amplitude,3.6109129986233175e-06,12.422901570529978,3.4305133895116966,0.17022272061337845,2,234,4,296.4901280292387,0.31548230803460714,0.3220887857763786,335.7083806056465,334.3831609916129,1.3252196140335855,19.147084145388966,True,0.9984006397441023,0.9473684210526315,0.5659773444956435,1.2881548003015741,8.44594517796545,10.404534113722566,16.65691632691199,1.0,True,0.9473684210526315,10.404534113722566,16.65691632691199,2.5478806765834054,3.298054090838211,1.2881548003015741,1.4886470733030712,0.9976616795789731,1.0007681145995422,0.8050059674209582,0.7131935450454226,4.479635068644164,1.3252196140335855,3.9649379626991834,0.5,3.0,0.0015000000000000013
SpiralScanPath_13,physics mean + advective forced + source amplitude,3.6109129986233175e-06,12.422901570529978,3.4305133895116966,0.17022272061337845,2,234,4,296.4901280292387,0.31548230803460714,0.3220887857763786,335.7083806056465,334.3831609916129,1.3252196140335855,19.147084145388966,True,0.9984006397441023,0.9473684210526315,0.5659773444956435,1.2881548003015741,8.44594517796545,10.404534113722566,16.65691632691199,1.0,True,0.9473684210526315,10.404534113722566,16.65691632691199,2.5478806765834054,3.298054090838211,1.2881548003015741,1.4886470733030712,0.9976616795789731,1.0007681145995422,0.8050059674209582,0.7131935450454226,4.479635068644164,1.3252196140335855,3.9649379626991834,0.5,10.0,0.0050000000000000044
SpiralScanPath_13,physics mean + advective forced + source amplitude,3.6109129986233175e-06,12.422901570529978,3.4305133895116966,0.17022272061337845,2,234,4,296.4901280292387,0.31548230803460714,0.3220887857763786,335.7083806056465,334.3831609916129,1.3252196140335855,38.039182643531966,True,0.9988004798080767,0.9605263157894737,0.5680038707657958,1.3542202500913334,8.499280285858033,12.14967446206906,15.892595093539114,1.0,True,0.9605263157894737,12.14967446206906,15.892595093539114,2.7302360916131954,3.298054090838211,1.3542202500913334,1.4886470733030712,1.0375106810394628,1.0007681145995422,0.8251985658339103,0.7131935450454226,8.744637702605736,1.3252196140335855,6.32497336550305,1.0,1.0,0.0005000000000000004
SpiralScanPath_13,physics mean + advective forced + source amplitude,3.6109129986233175e-06,12.422901570529978,3.4305133895116966,0.17022272061337845,2,234,4,296.4901280292387,0.31548230803460714,0.3220887857763786,335.7083806056465,334.3831609916129,1.3252196140335855,38.039182643531966,True,0.9988004798080767,0.9605263157894737,0.5680038707657958,1.3542202500913334,8.499280285858033,12.14967446206906,15.892595093539114,1.0,True,0.9605263157894737,12.14967446206906,15.892595093539114,2.7302360916131954,3.298054090838211,1.3542202500913334,1.4886470733030712,1.0375106810394628,1.0007681145995422,0.8251985658339103,0.7131935450454226,8.744637702605736,1.3252196140335855,6.32497336550305,1.0,3.0,0.0015000000000000013
SpiralScanPath_13,physics mean + advective forced + source amplitude,3.6109129986233175e-06,12.422901570529978,3.4305133895116966,0.17022272061337845,2,234,4,296.4901280292387,0.31548230803460714,0.3220887857763786,335.7083806056465,334.3831609916129,1.3252196140335855,38.039182643531966,True,0.9988004798080767,0.9605263157894737,0.5680038707657958,1.3542202500913334,8.499280285858033,12.14967446206906,15.892595093539114,1.0,True,0.9605263157894737,12.14967446206906,15.892595093539114,2.7302360916131954,3.298054090838211,1.3542202500913334,1.4886470733030712,1.0375106810394628,1.0007681145995422,0.8251985658339103,0.7131935450454226,8.744637702605736,1.3252196140335855,6.32497336550305,1.0,10.0,0.0050000000000000044
