trajectory,method,n_observations,n_saturated,threshold_K,excess_field_rel_l2,peak_true_K,peak_predicted_K,peak_absolute_error_K,posterior_sd_at_true_peak_K,true_peak_in_95,pointwise_95_coverage,hot_region_95_coverage,hot_region_95_interval_width_K,mean_95_interval_width_K,mean_crps_K,hot_region_crps_K,fixed_top_01_crps_K,prior_mean_field_rel_l2,prior_mean_peak_absolute_error_K,family,run_index,role,fraction_saturated,diffusivity_m2_s,cooling_rate_1_s,source_coupling,signal_sd_K,lengthscale_m,noise_sd_K,previous_posterior_seed,current_observation_seed,current_sampler_seed,previous_observations_reused_in_current_update,same_previous_posterior_for_pair,same_current_observations_for_pair,same_rbf_covariance_for_pair,displacement_x_m,displacement_y_m,displacement_m,crps_estimator,previous_n_saturated,previous_saturated_fraction,previous_clipped_hot_mae_K,previous_posterior_hot_mae_K
DiagonalScanPath_1,posterior physics mean + RBF,117,2,294.6560504149699,0.4294029991440301,334.19579037327884,341.3672500501756,7.171459676896745,3.4196267389530575,True,0.9988004798080767,0.9605263157894737,12.319257041988285,11.45332749617605,0.7299683265097255,1.3916884388202955,2.3011106844812397,0.39800497235624055,7.201884375955046,Diagonal,1,evaluation,0.03,3.6109129986233175e-06,12.422901570529978,0.17022272061337845,3.4305133895116966,0.0003125,0.5,41,41,41,False,True,True,True,0.0001437519580240426,5.365480641931868e-07,0.0001437529593419603,unbiased_M_times_M_minus_1,85,0.03398640543782487,2.331933136134589,2.0635505257513413
DiagonalScanPath_1,advective posterior physics mean + RBF,117,2,294.6560504149699,0.4135647442463844,334.19579037327884,341.2595438213388,7.06375344805997,3.4196267389530575,False,0.9976009596161536,0.9342105263157895,12.207162694157484,11.457425795427342,0.7266754234767067,1.3510566981633052,2.2501549950958197,0.38566165210205433,7.0983424581989425,Diagonal,1,evaluation,0.03,3.6109129986233175e-06,12.422901570529978,0.17022272061337845,3.4305133895116966,0.0003125,0.5,41,41,41,False,True,True,True,0.0001437519580240426,5.365480641931868e-07,0.0001437529593419603,unbiased_M_times_M_minus_1,85,0.03398640543782487,2.331933136134589,2.0635505257513413
DiagonalScanPath_2,posterior physics mean + RBF,117,1,294.7833581687172,0.45001204007758494,330.73381085494185,327.4142562418245,3.3195546131173614,3.4196267389530575,True,0.9984006397441023,0.9473684210526315,12.09488155190808,11.467866173339916,0.7289479423981294,1.412469167741723,2.554681276485958,0.43228718039238634,3.347365958249327,Diagonal,2,evaluation,0.03,3.6109129986233175e-06,12.422901570529978,0.17022272061337845,3.4305133895116966,0.0003125,0.5,50041,10041,100041,False,True,True,True,0.00015351337759761927,-7.092565887148981e-07,0.00015351501602884935,unbiased_M_times_M_minus_1,76,0.030387844862055178,2.5723192018558456,2.190519750972342
DiagonalScanPath_2,advective posterior physics mean + RBF,117,1,294.7833581687172,0.4428990943532298,330.73381085494185,327.15490584756253,3.578905007379319,3.4196267389530575,True,0.998000799680128,0.9342105263157895,12.230374872002418,11.467442168856664,0.7286741397047252,1.4394907905784078,2.6443157320887645,0.4285409080166218,3.59546937077846,Diagonal,2,evaluation,0.03,3.6109129986233175e-06,12.422901570529978,0.17022272061337845,3.4305133895116966,0.0003125,0.5,50041,10041,100041,False,True,True,True,0.00015351337759761927,-7.092565887148981e-07,0.00015351501602884935,unbiased_M_times_M_minus_1,76,0.030387844862055178,2.5723192018558456,2.190519750972342
DiagonalScanPath_3,posterior physics mean + RBF,117,2,294.9015209525281,0.43389213873423493,326.4740358780628,333.42548505844746,6.951449180384657,3.419801081179824,True,0.9984006397441023,0.9473684210526315,12.198357258521256,11.458596969806527,0.7304429741522521,1.4226514039875742,2.4396810941860765,0.4210459635223904,6.959433074313154,Diagonal,3,evaluation,0.03,3.6109129986233175e-06,12.422901570529978,0.17022272061337845,3.4305133895116966,0.0003125,0.5,100041,20041,200041,False,True,True,True,0.00015850189402815242,1.5628413080268078e-06,0.00015850959871082173,unbiased_M_times_M_minus_1,80,0.03198720511795282,2.5364864097536155,2.032651194332652
DiagonalScanPath_3,advective posterior physics mean + RBF,117,2,294.9015209525281,0.4253224025053886,326.4740358780628,333.375417344936,6.901381466873204,3.419881396702813,True,0.9984006397441023,0.9473684210526315,12.576168615679943,11.459972935546398,0.7284082550165372,1.4708763175712762,2.4637429714739336,0.41920197985443036,6.935222835893683,Diagonal,3,evaluation,0.03,3.6109129986233175e-06,12.422901570529978,0.17022272061337845,3.4305133895116966,0.0003125,0.5,100041,20041,200041,False,True,True,True,0.00015850189402815242,1.5628413080268078e-06,0.00015850959871082173,unbiased_M_times_M_minus_1,80,0.03198720511795282,2.5364864097536155,2.032651194332652
DiagonalScanPath_4,posterior physics mean + RBF,117,2,295.3585248883726,0.4015688813926749,331.63935958961497,341.79302799975187,10.153668410136902,3.4196320745675792,False,0.998000799680128,0.9342105263157895,12.142901514172046,11.454065921869729,0.7309875829418129,1.4613899023850878,2.323647954553982,0.38325530541834857,10.20018499697892,Diagonal,4,evaluation,0.03,3.6109129986233175e-06,12.422901570529978,0.17022272061337845,3.4305133895116966,0.0003125,0.5,150041,30041,300041,False,True,True,True,0.00015249506403192223,3.631305827199536e-06,0.0001525382933433789,unbiased_M_times_M_minus_1,74,0.02958816473410636,2.5943551655465518,2.2136483751588187
DiagonalScanPath_4,advective posterior physics mean + RBF,117,2,295.3585248883726,0.395237735791308,331.63935958961497,341.74417261610625,10.104813026491286,3.4196322902803726,False,0.998000799680128,0.9342105263157895,12.115142816288506,11.450192871175092,0.7279217784117156,1.435143114132618,2.354975064535716,0.38461479362104767,10.156020050201164,Diagonal,4,evaluation,0.03,3.6109129986233175e-06,12.422901570529978,0.17022272061337845,3.4305133895116966,0.0003125,0.5,150041,30041,300041,False,True,True,True,0.00015249506403192223,3.631305827199536e-06,0.0001525382933433789,unbiased_M_times_M_minus_1,74,0.02958816473410636,2.5943551655465518,2.2136483751588187
DiagonalScanPath_5,posterior physics mean + RBF,117,3,295.50866552712534,0.4058642033429197,334.0359159203151,332.2259205852151,1.8099953351000408,3.4197576367316946,True,0.9984006397441023,0.9473684210526315,12.169279075714607,11.476651412422546,0.7306322800640712,1.3944923618877032,2.3261693106323107,0.3837209916282345,1.8490463542470366,Diagonal,5,evaluation,0.03,3.6109129986233175e-06,12.422901570529978,0.17022272061337845,3.4305133895116966,0.0003125,0.5,200041,40041,400041,False,True,True,True,0.0001380923197485135,3.0561291678929403e-06,0.00013812613329495813,unbiased_M_times_M_minus_1,83,0.03318672530987605,2.531485381547889,2.128748577688744
DiagonalScanPath_5,advective posterior physics mean + RBF,117,3,295.50866552712534,0.400524775867242,334.0359159203151,332.2803644059774,1.7555515143376965,3.4197859371616626,True,0.9984006397441023,0.9473684210526315,12.334944328673531,11.46689486449039,0.7295978000974503,1.4499516359379352,2.4376555388454335,0.384068225744366,1.7926432812850521,Diagonal,5,evaluation,0.03,3.6109129986233175e-06,12.422901570529978,0.17022272061337845,3.4305133895116966,0.0003125,0.5,200041,40041,400041,False,True,True,True,0.0001380923197485135,3.0561291678929403e-06,0.00013812613329495813,unbiased_M_times_M_minus_1,83,0.03318672530987605,2.531485381547889,2.128748577688744
DiagonalScanPath_6,posterior physics mean + RBF,117,3,295.76268867732483,0.42400902864438234,331.21807173731014,329.9053617719231,1.3127099653870573,3.41982578945228,True,0.9984006397441023,0.9473684210526315,12.287481038234162,11.492428167575534,0.7377647500037989,1.6258251783727566,2.665518600388111,0.38825725040800124,1.3214053988871797,Diagonal,6,evaluation,0.03,3.6109129986233175e-06,12.422901570529978,0.17022272061337845,3.4305133895116966,0.0003125,0.5,250041,50041,500041,False,True,True,True,0.0001453397473155382,-2.4227557803399753e-06,0.0001453599391005502,unbiased_M_times_M_minus_1,79,0.03158736505397841,2.7201208277385236,2.283562412780356
DiagonalScanPath_6,advective posterior physics mean + RBF,117,3,295.76268867732483,0.4138076500237063,331.21807173731014,329.91161093846904,1.3064607988411012,3.4198056037198534,True,0.998000799680128,0.9342105263157895,12.269097344010548,11.488684396293083,0.737315670298462,1.6431978471999475,2.722774389246379,0.38121427993923623,1.2979170998249288,Diagonal,6,evaluation,0.03,3.6109129986233175e-06,12.422901570529978,0.17022272061337845,3.4305133895116966,0.0003125,0.5,250041,50041,500041,False,True,True,True,0.0001453397473155382,-2.4227557803399753e-06,0.0001453599391005502,unbiased_M_times_M_minus_1,79,0.03158736505397841,2.7201208277385236,2.283562412780356
DiagonalScanPath_7,posterior physics mean + RBF,117,2,295.92680693793324,0.378273885618912,329.2427619913974,337.85134223323195,8.608580241834545,3.4196322519221654,False,0.998000799680128,0.9342105263157895,12.045068490034978,11.413770108058557,0.7294115717335564,1.504539668295585,2.7843438115026617,0.38564253399025894,8.640663508653802,Diagonal,7,evaluation,0.03,3.6109129986233175e-06,12.422901570529978,0.17022272061337845,3.4305133895116966,0.0003125,0.5,300041,60041,600041,False,True,True,True,0.00014609755093981523,2.595875814448076e-06,0.000146120611009727,unbiased_M_times_M_minus_1,80,0.03198720511795282,2.846539173110377,2.5218178195117296
DiagonalScanPath_7,advective posterior physics mean + RBF,117,2,295.92680693793324,0.3791680455664511,329.2427619913974,337.9675342231934,8.72477223179601,3.419632727086876,False,0.998000799680128,0.9342105263157895,11.960615168709278,11.421933417766995,0.7306832161961043,1.5540007755717298,2.884778785965551,0.38524995883050295,8.77687768746216,Diagonal,7,evaluation,0.03,3.6109129986233175e-06,12.422901570529978,0.17022272061337845,3.4305133895116966,0.0003125,0.5,300041,60041,600041,False,True,True,True,0.00014609755093981523,2.595875814448076e-06,0.000146120611009727,unbiased_M_times_M_minus_1,80,0.03198720511795282,2.846539173110377,2.5218178195117296
DiagonalScanPath_8,posterior physics mean + RBF,117,2,296.12149833303096,0.37976234267571846,336.214847986714,344.4782243325479,8.263376345833876,3.419634282108638,False,0.998000799680128,0.9342105263157895,11.886350083692928,11.457536749096038,0.7367773133634268,1.5719234426562192,2.820219150342865,0.3707437444868688,8.244532961710945,Diagonal,8,calibration,0.03,3.6109129986233175e-06,12.422901570529978,0.17022272061337845,3.4305133895116966,0.0003125,0.5,350041,70041,700041,False,True,True,True,0.00013638368514666565,6.7055115915088184e-06,0.00013654842899092135,unbiased_M_times_M_minus_1,77,0.03078768492602959,3.06156684424828,2.5942242004168845
DiagonalScanPath_8,advective posterior physics mean + RBF,117,2,296.12149833303096,0.3800382746981361,336.214847986714,343.97161295187266,7.756764965158652,3.419634841468291,False,0.998000799680128,0.9342105263157895,12.168573139145053,11.45716603220939,0.7364391145951816,1.6075287998408145,2.8664746761608697,0.36724687252544164,7.764282143892217,Diagonal,8,calibration,0.03,3.6109129986233175e-06,12.422901570529978,0.17022272061337845,3.4305133895116966,0.0003125,0.5,350041,70041,700041,False,True,True,True,0.00013638368514666565,6.7055115915088184e-06,0.00013654842899092135,unbiased_M_times_M_minus_1,77,0.03078768492602959,3.06156684424828,2.5942242004168845
HorizontalScanPath_1,posterior physics mean + RBF,117,0,294.63123831934564,0.5600283898001972,317.4810532811467,304.6076738615687,12.873379419578043,3.4196267389530575,False,0.9988004798080767,0.9605263157894737,12.370223486315556,11.420653687015182,0.7212347708474458,1.2715929714972674,2.0933385845059256,0.5490284554739928,12.892427997532423,Horizontal,1,evaluation,0.03,3.6109129986233175e-06,12.422901570529978,0.17022272061337845,3.4305133895116966,0.0003125,0.5,400041,80041,800041,False,True,True,True,3.192850593697295e-05,7.155624165171379e-06,3.272052029782689e-05,unbiased_M_times_M_minus_1,81,0.032387045181927226,2.3362551184433964,2.072788496217603
HorizontalScanPath_1,advective posterior physics mean + RBF,117,0,294.63123831934564,0.5503624814140888,317.4810532811467,304.6032958206115,12.877757460535236,3.4196267389530575,False,0.9988004798080767,0.9605263157894737,12.370223486315556,11.420653687015182,0.7199148215974269,1.2709174443072482,2.1154322466000117,0.5396117912642796,12.891577350029934,Horizontal,1,evaluation,0.03,3.6109129986233175e-06,12.422901570529978,0.17022272061337845,3.4305133895116966,0.0003125,0.5,400041,80041,800041,False,True,True,True,3.192850593697295e-05,7.155624165171379e-06,3.272052029782689e-05,unbiased_M_times_M_minus_1,81,0.032387045181927226,2.3362551184433964,2.072788496217603
HorizontalScanPath_2,posterior physics mean + RBF,117,1,294.6301695664475,0.593704024173014,315.9337083198785,302.529673032615,13.404035287263525,3.4196267389530575,False,0.9988004798080767,0.9605263157894737,12.412822949231817,11.462365875164878,0.7263926040406123,1.2997832388437156,2.2263723501928325,0.5608036385076713,13.430071437249808,Horizontal,2,evaluation,0.03,3.6109129986233175e-06,12.422901570529978,0.17022272061337845,3.4305133895116966,0.0003125,0.5,450041,90041,900041,False,True,True,True,-1.6261303874795822e-05,-3.741926693404986e-06,1.6686282362685414e-05,unbiased_M_times_M_minus_1,82,0.03278688524590164,2.3543719517122503,1.90653286655082
HorizontalScanPath_2,advective posterior physics mean + RBF,117,1,294.6301695664475,0.5865289878540445,315.9337083198785,302.5460209356211,13.387687384257447,3.4196267389530575,False,0.9988004798080767,0.9605263157894737,12.41282294923182,11.462365875164878,0.7255422276143579,1.2993067253961443,2.231530171217323,0.5542642506303065,13.413851660694434,Horizontal,2,evaluation,0.03,3.6109129986233175e-06,12.422901570529978,0.17022272061337845,3.4305133895116966,0.0003125,0.5,450041,90041,900041,False,True,True,True,-1.6261303874795822e-05,-3.741926693404986e-06,1.6686282362685414e-05,unbiased_M_times_M_minus_1,82,0.03278688524590164,2.3543719517122503,1.90653286655082
HorizontalScanPath_3,posterior physics mean + RBF,117,0,294.64317213251667,0.5759594825477532,314.00846851431186,304.33308074680156,9.675387767510301,3.4196267389530575,False,0.9984006397441023,0.9473684210526315,12.303694807895356,11.451317864407143,0.726937627237549,1.3474357809695388,2.4491873237587454,0.5533349596283301,9.635842673363811,Horizontal,3,evaluation,0.03,3.6109129986233175e-06,12.422901570529978,0.17022272061337845,3.4305133895116966,0.0003125,0.5,500041,100041,1000041,False,True,True,True,2.140918240217237e-05,5.0027292809629205e-06,2.198591347631685e-05,unbiased_M_times_M_minus_1,80,0.03198720511795282,2.4498292697436965,2.108352308521746
HorizontalScanPath_3,advective posterior physics mean + RBF,117,0,294.64317213251667,0.5694469572826839,314.00846851431186,304.2065765526577,9.801891961654178,3.4196267389530575,False,0.9984006397441023,0.9473684210526315,12.303694807895356,11.451317864407143,0.7259042679320686,1.3503007936628106,2.460937866545757,0.5471043540971005,9.760264196251626,Horizontal,3,evaluation,0.03,3.6109129986233175e-06,12.422901570529978,0.17022272061337845,3.4305133895116966,0.0003125,0.5,500041,100041,1000041,False,True,True,True,2.140918240217237e-05,5.0027292809629205e-06,2.198591347631685e-05,unbiased_M_times_M_minus_1,80,0.03198720511795282,2.4498292697436965,2.108352308521746
HorizontalScanPath_4,posterior physics mean + RBF,117,1,294.825260500259,0.5383674078213594,317.615531356997,304.74227043715274,12.873260919844256,3.4196267389530575,False,0.9984006397441023,0.9473684210526315,12.285992227631937,11.454768922906574,0.7236507778437837,1.314076559529361,2.228175221834344,0.5208746468981701,12.891829517482051,Horizontal,4,evaluation,0.03,3.6109129986233175e-06,12.422901570529978,0.17022272061337845,3.4305133895116966,0.0003125,0.5,550041,110041,1100041,False,True,True,True,-3.19346468606685e-05,7.152490148988524e-06,3.272582749827699e-05,unbiased_M_times_M_minus_1,90,0.03598560575769692,2.149644136871292,1.8164370527120122
HorizontalScanPath_4,advective posterior physics mean + RBF,117,1,294.825260500259,0.5373232414659606,317.615531356997,304.71276473849696,12.902766618500038,3.4196267389530575,False,0.9984006397441023,0.9473684210526315,12.379390118957886,11.45964573935267,0.7228824636182118,1.3410544437447836,2.236292262805411,0.5124627369848048,12.913188006069333,Horizontal,4,evaluation,0.03,3.6109129986233175e-06,12.422901570529978,0.17022272061337845,3.4305133895116966,0.0003125,0.5,550041,110041,1100041,False,True,True,True,-3.19346468606685e-05,7.152490148988524e-06,3.272582749827699e-05,unbiased_M_times_M_minus_1,90,0.03598560575769692,2.149644136871292,1.8164370527120122
HorizontalScanPath_5,posterior physics mean + RBF,117,2,295.0840552279015,0.548192456185376,316.22149177634935,303.1338261553076,13.087665621041765,3.4196267389658237,False,0.9984006397441023,0.9473684210526315,12.247834456431288,11.452015979559087,0.7283541461812506,1.4015411793229886,2.3319363653426346,0.5091541204919927,13.074337676391565,Horizontal,5,evaluation,0.03,3.6109129986233175e-06,12.422901570529978,0.17022272061337845,3.4305133895116966,0.0003125,0.5,600041,120041,1200041,False,True,True,True,1.6262110830732356e-05,-3.7788479763144547e-06,1.6695386808909774e-05,unbiased_M_times_M_minus_1,83,0.03318672530987605,2.2837726459313594,1.981498903042539
HorizontalScanPath_5,advective posterior physics mean + RBF,117,2,295.0840552279015,0.5401647635626429,316.22149177634935,303.171880617262,13.049611159087362,3.419626738963696,False,0.9984006397441023,0.9473684210526315,12.190066604945168,11.44658569985142,0.7272242797827059,1.37123863044178,2.3221120306384804,0.5034124786356765,13.03625553746042,Horizontal,5,evaluation,0.03,3.6109129986233175e-06,12.422901570529978,0.17022272061337845,3.4305133895116966,0.0003125,0.5,600041,120041,1200041,False,True,True,True,1.6262110830732356e-05,-3.7788479763144547e-06,1.6695386808909774e-05,unbiased_M_times_M_minus_1,83,0.03318672530987605,2.2837726459313594,1.981498903042539
HorizontalScanPath_6,posterior physics mean + RBF,117,2,295.31752139540873,0.497909663875697,314.4374668883787,306.00060853304944,8.436858355329264,3.4197917001248817,False,0.9984006397441023,0.9473684210526315,11.997228236281506,11.456169305648398,0.7281818637407746,1.3158924719786291,2.2677437119921886,0.4691607934838363,8.468904165555102,Horizontal,6,evaluation,0.03,3.6109129986233175e-06,12.422901570529978,0.17022272061337845,3.4305133895116966,0.0003125,0.5,650041,130041,1300041,False,True,True,True,-2.143620928629522e-05,4.9767052577661015e-06,2.200633235658605e-05,unbiased_M_times_M_minus_1,78,0.031187524990004,2.42798065441825,2.0540222485962705
HorizontalScanPath_6,advective posterior physics mean + RBF,117,2,295.31752139540873,0.4864153849366438,314.4374668883787,305.82131717738844,8.616149710990271,3.419758252812759,False,0.998000799680128,0.9473684210526315,11.917100235341366,11.457143244719122,0.7271388331981345,1.3048253648954835,2.262590615665179,0.4621014159626217,8.64491460460681,Horizontal,6,evaluation,0.03,3.6109129986233175e-06,12.422901570529978,0.17022272061337845,3.4305133895116966,0.0003125,0.5,650041,130041,1300041,False,True,True,True,-2.143620928629522e-05,4.9767052577661015e-06,2.200633235658605e-05,unbiased_M_times_M_minus_1,78,0.031187524990004,2.42798065441825,2.0540222485962705
HorizontalScanPath_7,posterior physics mean + RBF,117,2,295.52522559779794,0.487348422925375,318.1194882121125,307.49021851633785,10.629269695774667,3.4196267389764623,False,0.9984006397441023,0.9473684210526315,12.362427212154246,11.452406174456286,0.730980637967688,1.381170708332738,1.9444947099447256,0.42892727516144785,10.584234315505455,Horizontal,7,evaluation,0.03,3.6109129986233175e-06,12.422901570529978,0.17022272061337845,3.4305133895116966,0.0003125,0.5,700041,140041,1400041,False,True,True,True,3.198350760894183e-05,7.145042594518692e-06,3.2771884179105815e-05,unbiased_M_times_M_minus_1,81,0.032387045181927226,2.346534294838893,2.139312985186778
HorizontalScanPath_7,advective posterior physics mean + RBF,117,2,295.52522559779794,0.470861121300801,318.1194882121125,307.2432008767267,10.876287335385825,3.4196267389764623,False,0.9984006397441023,0.9473684210526315,12.243260681950028,11.445394975444948,0.7296565227588979,1.38107092302085,1.9348313375123576,0.41625761302368747,10.830576416042959,Horizontal,7,evaluation,0.03,3.6109129986233175e-06,12.422901570529978,0.17022272061337845,3.4305133895116966,0.0003125,0.5,700041,140041,1400041,False,True,True,True,3.198350760894183e-05,7.145042594518692e-06,3.2771884179105815e-05,unbiased_M_times_M_minus_1,81,0.032387045181927226,2.346534294838893,2.139312985186778
HorizontalScanPath_8,posterior physics mean + RBF,117,2,295.71434881764065,0.4551811691448559,316.75154527615916,304.4693778605043,12.28216741565484,3.419626738972207,False,0.9988004798080767,0.9605263157894737,12.40822530264026,11.443163002139748,0.7273631607144273,1.304124448247307,1.9721839514895665,0.412757801811358,12.267689250041542,Horizontal,8,evaluation,0.03,3.6109129986233175e-06,12.422901570529978,0.17022272061337845,3.4305133895116966,0.0003125,0.5,750041,150041,1500041,False,True,True,True,-1.6271506503598605e-05,-3.819303445342596e-06,1.6713736946124812e-05,unbiased_M_times_M_minus_1,83,0.03318672530987605,2.3328248105326024,1.984444912344575
HorizontalScanPath_8,advective posterior physics mean + RBF,117,2,295.71434881764065,0.44899651502109417,316.75154527615916,304.4310638906506,12.320481385508572,3.419626738972207,False,0.9988004798080767,0.9605263157894737,12.304906657615378,11.438033631833102,0.7257213725307768,1.2897511918115199,1.950562362285828,0.4068160132563116,12.308107107201067,Horizontal,8,evaluation,0.03,3.6109129986233175e-06,12.422901570529978,0.17022272061337845,3.4305133895116966,0.0003125,0.5,750041,150041,1500041,False,True,True,True,-1.6271506503598605e-05,-3.819303445342596e-06,1.6713736946124812e-05,unbiased_M_times_M_minus_1,83,0.03318672530987605,2.3328248105326024,1.984444912344575
HorizontalScanPath_10,posterior physics mean + RBF,117,2,296.06802208777685,0.42212030465382416,318.649993978916,306.42066765811717,12.229326320798805,3.419626738972207,False,0.9988004798080767,0.9605263157894737,12.096038952225616,11.43206353249601,0.7240585825346111,1.2792781848917065,1.985923008142632,0.39051929584731093,12.190902330082508,Horizontal,10,evaluation,0.03,3.6109129986233175e-06,12.422901570529978,0.17022272061337845,3.4305133895116966,0.0003125,0.5,800041,160041,1600041,False,True,True,True,-3.203950652396663e-05,7.142752529568086e-06,3.282603984640778e-05,unbiased_M_times_M_minus_1,73,0.029188324670131948,2.7154174495621515,2.1736624194621537
HorizontalScanPath_10,advective posterior physics mean + RBF,117,2,296.06802208777685,0.4138838258378944,318.649993978916,306.41183844461534,12.238155534300631,3.419626738972207,False,0.9988004798080767,0.9605263157894737,12.12226207272698,11.431835541899922,0.7233678319040749,1.3142516118157361,2.0593074005457552,0.3818876329644192,12.2004530679759,Horizontal,10,evaluation,0.03,3.6109129986233175e-06,12.422901570529978,0.17022272061337845,3.4305133895116966,0.0003125,0.5,800041,160041,1600041,False,True,True,True,-3.203950652396663e-05,7.142752529568086e-06,3.282603984640778e-05,unbiased_M_times_M_minus_1,73,0.029188324670131948,2.7154174495621515,2.1736624194621537
HorizontalScanPath_11,posterior physics mean + RBF,117,3,296.2091569703494,0.410610275068582,317.2636056084965,306.14099813771827,11.122607470778235,3.41979239185947,False,0.9988004798080767,0.9605263157894737,12.013414358847557,11.459107349590079,0.7279238311221977,1.3201218622228983,1.9184807519250848,0.36636603272881796,11.144660873718863,Horizontal,11,evaluation,0.03,3.6109129986233175e-06,12.422901570529978,0.17022272061337845,3.4305133895116966,0.0003125,0.5,850041,170041,1700041,False,True,True,True,1.6285667069759237e-05,-3.837017894684023e-06,1.6731576680969602e-05,unbiased_M_times_M_minus_1,78,0.031187524990004,2.6094915770781015,2.035023466430805
HorizontalScanPath_11,advective posterior physics mean + RBF,117,3,296.2091569703494,0.3987670624304477,317.2636056084965,306.0913246165075,11.172280991988998,3.419762248870105,False,0.9984006397441023,0.9473684210526315,12.071551219743466,11.453709162234372,0.7259259375269633,1.3028813402518515,1.9569970907445724,0.3611261202307966,11.192034345564252,Horizontal,11,evaluation,0.03,3.6109129986233175e-06,12.422901570529978,0.17022272061337845,3.4305133895116966,0.0003125,0.5,850041,170041,1700041,False,True,True,True,1.6285667069759237e-05,-3.837017894684023e-06,1.6731576680969602e-05,unbiased_M_times_M_minus_1,78,0.031187524990004,2.6094915770781015,2.035023466430805
HorizontalScanPath_12,posterior physics mean + RBF,117,3,296.3525815864646,0.4338799894430339,315.46455223645467,307.09968409101987,8.364868145434798,3.419786998664634,False,0.9984006397441023,0.9473684210526315,12.017914188071023,11.449586992563335,0.732167782141067,1.4359135089030346,2.3736678493939536,0.40573902991219557,8.394412085153192,Horizontal,12,evaluation,0.03,3.6109129986233175e-06,12.422901570529978,0.17022272061337845,3.4305133895116966,0.0003125,0.5,900041,180041,1800041,False,True,True,True,-2.1493878839227553e-05,4.996994567129775e-06,2.2067097277605825e-05,unbiased_M_times_M_minus_1,86,0.03438624550179928,2.4265666660057685,2.09883200916295
HorizontalScanPath_12,advective posterior physics mean + RBF,117,3,296.3525815864646,0.43058104760490606,315.46455223645467,306.833845090567,8.63070714588764,3.4197498159628963,False,0.9984006397441023,0.9473684210526315,12.057806548479203,11.451610479757962,0.7315351490811842,1.4430973590933598,2.3873515988295533,0.39994677731665124,8.65935412241106,Horizontal,12,evaluation,0.03,3.6109129986233175e-06,12.422901570529978,0.17022272061337845,3.4305133895116966,0.0003125,0.5,900041,180041,1800041,False,True,True,True,-2.1493878839227553e-05,4.996994567129775e-06,2.2067097277605825e-05,unbiased_M_times_M_minus_1,86,0.03438624550179928,2.4265666660057685,2.09883200916295
HorizontalScanPath_13,posterior physics mean + RBF,117,1,296.4959614680289,0.4048916737198033,319.1296936365724,307.0770720332553,12.052621603317107,3.4196267389743347,False,0.9988004798080767,0.9605263157894737,11.728795819840434,11.453859183998253,0.7283784078067155,1.357691830475979,2.1668536860424137,0.3863569117777911,12.054976116039768,Horizontal,13,calibration,0.03,3.6109129986233175e-06,12.422901570529978,0.17022272061337845,3.4305133895116966,0.0003125,0.5,950041,190041,1900041,False,True,True,True,3.208881374868497e-05,7.142560950462208e-06,3.287412576371972e-05,unbiased_M_times_M_minus_1,77,0.03078768492602959,2.720531247724229,2.3781927259288977
HorizontalScanPath_13,advective posterior physics mean + RBF,117,1,296.4959614680289,0.3942331932210737,319.1296936365724,307.0122788963212,12.117414740251206,3.4196267389743347,False,0.9984006397441023,0.9473684210526315,11.742999994389816,11.454489336742386,0.7271327033615171,1.3583936172643492,2.1982372371524788,0.37623292125142294,12.116212821633155,Horizontal,13,calibration,0.03,3.6109129986233175e-06,12.422901570529978,0.17022272061337845,3.4305133895116966,0.0003125,0.5,950041,190041,1900041,False,True,True,True,3.208881374868497e-05,7.142560950462208e-06,3.287412576371972e-05,unbiased_M_times_M_minus_1,77,0.03078768492602959,2.720531247724229,2.3781927259288977
SpiralScanPath_1,posterior physics mean + RBF,117,3,294.5644045668491,0.38968188557755434,333.10510445751316,340.590293352919,7.485188895405827,3.292627719934295,False,0.998000799680128,0.9342105263157895,12.307917724129728,11.476807395409525,0.7254525929121998,1.311182866704299,2.155883029843497,0.39193316276339085,7.43435173256654,Spiral,1,evaluation,0.03,3.6109129986233175e-06,12.422901570529978,0.17022272061337845,3.4305133895116966,0.0003125,0.5,1000041,200041,2000041,False,True,True,True,2.7438947126917114e-05,0.00015464727349095286,0.00015706264679298933,unbiased_M_times_M_minus_1,72,0.028788484606157537,2.657064232673197,2.085295254877664
SpiralScanPath_1,advective posterior physics mean + RBF,117,3,294.5644045668491,0.3990970491552566,333.10510445751316,340.5730049297503,7.467900472237147,3.292627719934295,False,0.998000799680128,0.9342105263157895,12.243223078592422,11.474283823695163,0.7255527075465849,1.3199210773949817,2.180746083353276,0.396124445748848,7.4532001916843456,Spiral,1,evaluation,0.03,3.6109129986233175e-06,12.422901570529978,0.17022272061337845,3.4305133895116966,0.0003125,0.5,1000041,200041,2000041,False,True,True,True,2.7438947126917114e-05,0.00015464727349095286,0.00015706264679298933,unbiased_M_times_M_minus_1,72,0.028788484606157537,2.657064232673197,2.085295254877664
SpiralScanPath_2,posterior physics mean + RBF,117,4,294.77953556616137,0.4281613831459114,329.2630123504799,326.0332686168118,3.2297437336681014,3.358508434976481,True,0.9984006397441023,0.9605263157894737,12.240824731414643,11.474867248586312,0.7269724946966396,1.3102982495058348,2.2588463734835753,0.4225858261354164,3.285332475719258,Spiral,2,evaluation,0.03,3.6109129986233175e-06,12.422901570529978,0.17022272061337845,3.4305133895116966,0.0003125,0.5,1050041,210041,2100041,False,True,True,True,2.177353142944396e-05,0.00013964212060244702,0.00014132943259370054,unbiased_M_times_M_minus_1,89,0.03558576569372251,2.154459598727737,2.011625074624826
SpiralScanPath_2,advective posterior physics mean + RBF,117,4,294.77953556616137,0.4145812203422108,329.2630123504799,325.9942662885942,3.268746061885736,3.3585084463437145,True,0.998000799680128,0.9342105263157895,12.232243329373663,11.469570623115485,0.7240365862833446,1.2994645604317814,2.1658844430882143,0.41737664775737254,3.3156284228625736,Spiral,2,evaluation,0.03,3.6109129986233175e-06,12.422901570529978,0.17022272061337845,3.4305133895116966,0.0003125,0.5,1050041,210041,2100041,False,True,True,True,2.177353142944396e-05,0.00013964212060244702,0.00014132943259370054,unbiased_M_times_M_minus_1,89,0.03558576569372251,2.154459598727737,2.011625074624826
SpiralScanPath_3,posterior physics mean + RBF,117,3,295.09034972544174,0.39610279221215877,333.2341053416775,339.9843713004306,6.750265958753118,3.292627719934295,False,0.9976009596161536,0.9342105263157895,12.003538964049655,11.463383452435828,0.7271835456845227,1.3075180158478645,2.2674258411446244,0.3968064045568499,6.7588691701764105,Spiral,3,evaluation,0.03,3.6109129986233175e-06,12.422901570529978,0.17022272061337845,3.4305133895116966,0.0003125,0.5,1100041,220041,2200041,False,True,True,True,1.912584760716072e-05,0.00016116457327371248,0.00016229546427793407,unbiased_M_times_M_minus_1,81,0.032387045181927226,2.3269279645816527,2.17910508580971
SpiralScanPath_3,advective posterior physics mean + RBF,117,3,295.09034972544174,0.3906935998189061,333.2341053416775,339.98869351819104,6.7545881765135505,3.292627719934295,False,0.9984006397441023,0.9473684210526315,12.129107750446048,11.46600370927689,0.7267481112959974,1.3611751433782147,2.342734817414684,0.3980543821243999,6.785901333328582,Spiral,3,evaluation,0.03,3.6109129986233175e-06,12.422901570529978,0.17022272061337845,3.4305133895116966,0.0003125,0.5,1100041,220041,2200041,False,True,True,True,1.912584760716072e-05,0.00016116457327371248,0.00016229546427793407,unbiased_M_times_M_minus_1,81,0.032387045181927226,2.3269279645816527,2.17910508580971
SpiralScanPath_4,posterior physics mean + RBF,117,2,295.3171456785458,0.3712337243524635,330.1270426836271,326.8407090981548,3.2863335854723346,3.358508451016694,True,0.9984006397441023,0.9473684210526315,12.227603844864886,11.46343142934798,0.7244518650524889,1.3131547445958578,2.080768457123207,0.3720903229547625,3.266205239349688,Spiral,4,evaluation,0.03,3.6109129986233175e-06,12.422901570529978,0.17022272061337845,3.4305133895116966,0.0003125,0.5,1150041,230041,2300041,False,True,True,True,1.7062605603346964e-05,0.0001423102768983829,0.0001433295064558229,unbiased_M_times_M_minus_1,80,0.03198720511795282,2.421583203054216,2.3340915269788938
SpiralScanPath_4,advective posterior physics mean + RBF,117,2,295.3171456785458,0.36917231275865353,330.1270426836271,326.94694042444564,3.180102259181467,3.3585084694139775,True,0.9984006397441023,0.9473684210526315,12.28075342007003,11.468654536777555,0.7227597812047648,1.3120715078178744,2.1007420008893574,0.37504129583308327,3.1248453203047575,Spiral,4,evaluation,0.03,3.6109129986233175e-06,12.422901570529978,0.17022272061337845,3.4305133895116966,0.0003125,0.5,1150041,230041,2300041,False,True,True,True,1.7062605603346964e-05,0.0001423102768983829,0.0001433295064558229,unbiased_M_times_M_minus_1,80,0.03198720511795282,2.421583203054216,2.3340915269788938
SpiralScanPath_5,posterior physics mean + RBF,117,4,295.5160834229293,0.38102850792473525,326.14461910118706,334.2403547993707,8.09573569818366,3.292627719934295,False,0.998000799680128,0.9473684210526315,12.319851105507688,11.49482932135384,0.7311428915280787,1.322014562077578,1.9628791130215055,0.3332222436582428,8.09545473084745,Spiral,5,evaluation,0.03,3.6109129986233175e-06,12.422901570529978,0.17022272061337845,3.4305133895116966,0.0003125,0.5,1200041,240041,2400041,False,True,True,True,1.7566394611640782e-05,0.00016254792417078214,0.00016349436036720724,unbiased_M_times_M_minus_1,84,0.03358656537385046,2.3160661582293405,1.9500492688862512
SpiralScanPath_5,advective posterior physics mean + RBF,117,4,295.5160834229293,0.3743256770951528,326.14461910118706,334.5717399119295,8.427120810742451,3.292627719934295,False,0.998000799680128,0.9473684210526315,12.486115536131251,11.490170443475295,0.7314967453428741,1.3577678345624666,2.090059972244999,0.3398211426245098,8.451674109137457,Spiral,5,evaluation,0.03,3.6109129986233175e-06,12.422901570529978,0.17022272061337845,3.4305133895116966,0.0003125,0.5,1200041,240041,2400041,False,True,True,True,1.7566394611640782e-05,0.00016254792417078214,0.00016349436036720724,unbiased_M_times_M_minus_1,84,0.03358656537385046,2.3160661582293405,1.9500492688862512
SpiralScanPath_6,posterior physics mean + RBF,117,2,295.69040467376334,0.33904570403359274,332.8537813167321,340.8819466097917,8.028165293059601,3.292627719934295,False,0.9984006397441023,0.9473684210526315,12.300336572478116,11.462025834392074,0.7265183741717182,1.3464287145984064,2.2651925290056245,0.33782947649033546,7.958290464015192,Spiral,6,evaluation,0.03,3.6109129986233175e-06,12.422901570529978,0.17022272061337845,3.4305133895116966,0.0003125,0.5,1250041,250041,2500041,False,True,True,True,1.6566058011872626e-05,0.0001630499116441332,0.0001638893162021624,unbiased_M_times_M_minus_1,81,0.032387045181927226,2.401808793946929,2.0355564117669664
SpiralScanPath_6,advective posterior physics mean + RBF,117,2,295.69040467376334,0.3401250386966651,332.8537813167321,340.75589942095314,7.902118104221017,3.292627719934295,False,0.9984006397441023,0.9473684210526315,12.141359044812114,11.466824632766533,0.7260948526369254,1.3714337609990168,2.3400702159083324,0.3462414050319316,7.91764773587505,Spiral,6,evaluation,0.03,3.6109129986233175e-06,12.422901570529978,0.17022272061337845,3.4305133895116966,0.0003125,0.5,1250041,250041,2500041,False,True,True,True,1.6566058011872626e-05,0.0001630499116441332,0.0001638893162021624,unbiased_M_times_M_minus_1,81,0.032387045181927226,2.401808793946929,2.0355564117669664
SpiralScanPath_7,posterior physics mean + RBF,117,3,295.8140795498944,0.3305497930495399,334.45555342383483,333.8039550966785,0.6515983271563073,3.358508427192515,True,0.998000799680128,0.9342105263157895,12.17193212667452,11.444168597716319,0.7260674199371151,1.2545312857430935,2.12987105893462,0.3260086890246228,0.6507808071897898,Spiral,7,evaluation,0.03,3.6109129986233175e-06,12.422901570529978,0.17022272061337845,3.4305133895116966,0.0003125,0.5,1300041,260041,2600041,False,True,True,True,1.8803244911839252e-05,0.00013921367410055083,0.00014047778854961017,unbiased_M_times_M_minus_1,79,0.03158736505397841,2.4968012424373893,2.1202911782120935
SpiralScanPath_7,advective posterior physics mean + RBF,117,3,295.8140795498944,0.33446228745449064,334.45555342383483,333.66796647062057,0.7875869532142588,3.3585084181736864,True,0.9988004798080767,0.9605263157894737,12.269464252276048,11.448053850107563,0.7265829644664499,1.3033431852314354,2.173626771842366,0.33154014212757615,0.7554785528969319,Spiral,7,evaluation,0.03,3.6109129986233175e-06,12.422901570529978,0.17022272061337845,3.4305133895116966,0.0003125,0.5,1300041,260041,2600041,False,True,True,True,1.8803244911839252e-05,0.00013921367410055083,0.00014047778854961017,unbiased_M_times_M_minus_1,79,0.03158736505397841,2.4968012424373893,2.1202911782120935
SpiralScanPath_8,posterior physics mean + RBF,117,3,295.9806504909343,0.3433310779778139,332.0671634791022,328.32593510207613,3.7412283770260615,3.358508446644848,True,0.9984006397441023,0.9605263157894737,12.410611455328604,11.460352209630988,0.7278682142564621,1.3059467526224722,2.1023097713131396,0.33449717574044086,3.7355166028185067,Spiral,8,evaluation,0.03,3.6109129986233175e-06,12.422901570529978,0.17022272061337845,3.4305133895116966,0.0003125,0.5,1350041,270041,2700041,False,True,True,True,1.3849210398626279e-05,0.0001379892437809353,0.0001386824863776959,unbiased_M_times_M_minus_1,83,0.03318672530987605,2.37643008716828,2.098610895750184
SpiralScanPath_8,advective posterior physics mean + RBF,117,3,295.9806504909343,0.33554275883310947,332.0671634791022,328.6263455414979,3.4408179376042654,3.3585084370064218,True,0.9976009596161536,0.9342105263157895,12.04362165076608,11.459877621914583,0.7267986414479963,1.3192577016815612,2.2143439847115713,0.33206826356211366,3.494916424543703,Spiral,8,evaluation,0.03,3.6109129986233175e-06,12.422901570529978,0.17022272061337845,3.4305133895116966,0.0003125,0.5,1350041,270041,2700041,False,True,True,True,1.3849210398626279e-05,0.0001379892437809353,0.0001386824863776959,unbiased_M_times_M_minus_1,83,0.03318672530987605,2.37643008716828,2.098610895750184
SpiralScanPath_9,posterior physics mean + RBF,117,2,296.12811830237854,0.33736371420249667,329.66153916113313,328.8870767092912,0.7744624518419414,3.3585084055607584,True,0.9984006397441023,0.9473684210526315,12.27055371727247,11.438083939578775,0.7263301455654543,1.369346856282344,2.2199368988647517,0.33221501050207297,0.6525497282639776,Spiral,9,evaluation,0.03,3.6109129986233175e-06,12.422901570529978,0.17022272061337845,3.4305133895116966,0.0003125,0.5,1400041,280041,2800041,False,True,True,True,1.4391478650687978e-05,0.00015115936929977993,0.00015184291088114868,unbiased_M_times_M_minus_1,79,0.03158736505397841,2.4829704941696766,2.326264298063792
SpiralScanPath_9,advective posterior physics mean + RBF,117,2,296.12811830237854,0.3316583413307499,329.66153916113313,329.05433422089794,0.6072049402351922,3.358508419999983,True,0.9988004798080767,0.9605263157894737,12.146179632285032,11.444805607402252,0.7258880944416718,1.3612951473630397,2.2656479764662745,0.3333160035347762,0.4836617168072621,Spiral,9,evaluation,0.03,3.6109129986233175e-06,12.422901570529978,0.17022272061337845,3.4305133895116966,0.0003125,0.5,1400041,280041,2800041,False,True,True,True,1.4391478650687978e-05,0.00015115936929977993,0.00015184291088114868,unbiased_M_times_M_minus_1,79,0.03158736505397841,2.4829704941696766,2.326264298063792
SpiralScanPath_10,posterior physics mean + RBF,117,3,296.24464913741537,0.33025210897129453,327.4312034644041,334.63842993711575,7.207226472711625,3.3585084222119033,True,0.9992003198720512,0.9736842105263158,12.198094017239358,11.471174470654672,0.7300842705201938,1.3344673965814744,2.0540860066774624,0.3114198141841372,7.233733243355005,Spiral,10,evaluation,0.03,3.6109129986233175e-06,12.422901570529978,0.17022272061337845,3.4305133895116966,0.0003125,0.5,1450041,290041,2900041,False,True,True,True,1.6028907309438047e-05,0.00016259328325899503,0.00016338146048580404,unbiased_M_times_M_minus_1,78,0.031187524990004,2.4942509915903295,2.2925440864066675
SpiralScanPath_10,advective posterior physics mean + RBF,117,3,296.24464913741537,0.3282609979910261,327.4312034644041,335.01289246393196,7.581688999527842,3.358508425450709,True,0.9984006397441023,0.9473684210526315,12.370557297373885,11.469727318185127,0.7286026922171147,1.3421400482383057,2.2005172863279223,0.3238359534050969,7.669008351187813,Spiral,10,evaluation,0.03,3.6109129986233175e-06,12.422901570529978,0.17022272061337845,3.4305133895116966,0.0003125,0.5,1450041,290041,2900041,False,True,True,True,1.6028907309438047e-05,0.00016259328325899503,0.00016338146048580404,unbiased_M_times_M_minus_1,78,0.031187524990004,2.4942509915903295,2.2925440864066675
SpiralScanPath_11,posterior physics mean + RBF,117,2,296.3525026623504,0.318317874064621,330.9114233717931,338.27784866345417,7.3664252916610735,3.292627719934295,False,0.9984006397441023,0.9473684210526315,12.324728341870808,11.462539370586974,0.7253225971996792,1.3569332661506832,2.3729841909273803,0.3169333238137072,7.543066109479128,Spiral,11,evaluation,0.03,3.6109129986233175e-06,12.422901570529978,0.17022272061337845,3.4305133895116966,0.0003125,0.5,1500041,300041,3000041,False,True,True,True,1.551759589675213e-05,0.00016423142325447778,0.00016496289330211907,unbiased_M_times_M_minus_1,77,0.03078768492602959,2.510525167157445,2.1382740331159407
SpiralScanPath_11,advective posterior physics mean + RBF,117,2,296.3525026623504,0.3225324730019444,330.9114233717931,338.709764912699,7.798341540905881,3.292627719934295,False,0.9984006397441023,0.9473684210526315,12.161712849917496,11.47583176244484,0.725865600747304,1.3811064061900964,2.3871289483448375,0.3260803217565144,7.903333932641431,Spiral,11,evaluation,0.03,3.6109129986233175e-06,12.422901570529978,0.17022272061337845,3.4305133895116966,0.0003125,0.5,1500041,300041,3000041,False,True,True,True,1.551759589675213e-05,0.00016423142325447778,0.00016496289330211907,unbiased_M_times_M_minus_1,77,0.03078768492602959,2.510525167157445,2.1382740331159407
SpiralScanPath_12,posterior physics mean + RBF,117,3,296.4285472031083,0.3157372899612311,334.51052576547374,342.13649628685437,7.625970521380623,3.292627719934295,False,0.998000799680128,0.9473684210526315,12.372509990928771,11.469489736951214,0.7269839540659974,1.3442035827694006,2.2310874278377635,0.30008531319813264,7.522301860277707,Spiral,12,evaluation,0.03,3.6109129986233175e-06,12.422901570529978,0.17022272061337845,3.4305133895116966,0.0003125,0.5,1550041,310041,3100041,False,True,True,True,1.5283608779022035e-05,0.00016275641588242836,0.00016347244296273356,unbiased_M_times_M_minus_1,79,0.03158736505397841,2.4554211855889654,2.092668154393517
SpiralScanPath_12,advective posterior physics mean + RBF,117,3,296.4285472031083,0.3176056868978512,334.51052576547374,342.3230654863821,7.812539720908376,3.292627719934295,False,0.9976009596161536,0.9342105263157895,12.353582402006863,11.472208890828663,0.7268047141829731,1.386076103885343,2.2861632452631735,0.30590921324667086,7.72941975601924,Spiral,12,evaluation,0.03,3.6109129986233175e-06,12.422901570529978,0.17022272061337845,3.4305133895116966,0.0003125,0.5,1550041,310041,3100041,False,True,True,True,1.5283608779022035e-05,0.00016275641588242836,0.00016347244296273356,unbiased_M_times_M_minus_1,79,0.03158736505397841,2.4554211855889654,2.092668154393517
SpiralScanPath_13,posterior physics mean + RBF,117,2,296.4901280292387,0.3162428415962641,335.7083806056465,336.3731840851186,0.6648034794721411,3.358508441670735,True,0.998000799680128,0.9342105263157895,12.324726227044602,11.446724991996735,0.7273115200738997,1.3379076815540134,1.9688261829550808,0.2965564588010072,0.6512891479645759,Spiral,13,calibration,0.03,3.6109129986233175e-06,12.422901570529978,0.17022272061337845,3.4305133895116966,0.0003125,0.5,1600041,320041,3200041,False,True,True,True,1.818548339734341e-05,0.00013875963328549898,0.0001399462312315741,unbiased_M_times_M_minus_1,76,0.030387844862055178,2.575770072454711,2.309910217491491
SpiralScanPath_13,advective posterior physics mean + RBF,117,2,296.4901280292387,0.2973365725084951,335.7083806056465,335.7635326026855,0.05515199703899043,3.3585084271275223,True,0.9984006397441023,0.9473684210526315,12.23691899831222,11.442296998559792,0.7238352372791073,1.3132169327973144,1.9487511720829274,0.28617790693113154,0.05738248581104699,Spiral,13,calibration,0.03,3.6109129986233175e-06,12.422901570529978,0.17022272061337845,3.4305133895116966,0.0003125,0.5,1600041,320041,3200041,False,True,True,True,1.818548339734341e-05,0.00013875963328549898,0.0001399462312315741,unbiased_M_times_M_minus_1,76,0.030387844862055178,2.575770072454711,2.309910217491491
