trajectory,method,diffusivity_m2_s,cooling_rate_1_s,signal_sd_K,source_coupling,n_frames,n_observations,n_saturated,threshold_K,excess_field_rel_l2,hot_region_rel_l2,peak_true_K,peak_predicted_K,peak_absolute_error_K,posterior_sd_at_true_peak_K,true_peak_in_95,pointwise_95_coverage,hot_region_95_coverage,mean_crps_K,hot_region_crps_K,mean_95_interval_width_K,hot_region_95_interval_width_K,hot_region_interval_score_K,interval_calibration_scale,calibrated_true_peak_in_95,calibrated_hot_region_95_coverage,calibrated_hot_region_95_interval_width_K,calibrated_hot_region_interval_score_K,fixed_top_01_crps_K,fixed_top_01_mae_K,fixed_top_03_crps_K,fixed_top_03_mae_K,fixed_top_05_crps_K,fixed_top_05_mae_K,fixed_top_10_crps_K,fixed_top_10_mae_K,true_peak_location_crps_K,true_peak_location_mae_K,field_maximum_crps_K,family,run_index,role,fraction_saturated,observed_saturated_fraction,observation_design,residual_lengthscale_m,forcing_lengthscale_m,forcing_intensity_K2_per_s,source_amplitude_fraction_sd,source_amplitude_timescale_s
DiagonalScanPath_1,physics mean + RBF,3.6109129986233175e-06,0.0,3.4305133895116966,0.1702227206133784,1,117,2,294.6560504149699,0.4395020080942645,0.4294946851149249,334.19579037327884,340.2588088609208,6.063018487641955,3.4196267389530575,True,0.9984006397441024,0.9473684210526316,0.7381393838298024,1.5105089348485512,11.4465492252087,12.17907139387774,19.87242809933087,1.0,True,0.9473684210526316,12.17907139387774,19.87242809933087,2.7252411603574553,3.8781561627066,1.5105089348485512,1.8940065583876304,1.251270765262447,1.318772541357715,0.9813468784529776,0.7253779157476575,4.260436885325469,6.063018487641955,4.260436885325415,Diagonal,1,evaluation,0.03,0.017094017094017,fixed_stride_5,0.0003125,,,,
DiagonalScanPath_1,physics mean + space-time,3.6109129986233175e-06,12.422901570529978,3.4305133895116966,0.1702227206133784,2,234,5,294.6560504149699,0.452485744442776,0.4325303935178855,334.19579037327884,340.26376783262305,6.067977459344206,3.3985568836258127,False,0.9972011195521792,0.9210526315789472,0.7342419046520232,1.5536182363864195,11.351272550608735,11.8426502701486,20.33623338446461,1.0,False,0.9210526315789472,11.8426502701486,20.33623338446461,2.841395999946845,3.866734926318576,1.5536182363864195,1.9404767421002072,1.2966762800610765,1.452285024663967,1.0030121087944828,0.8237341329516251,4.789194398726579,6.067977459344206,4.789194398726576,Diagonal,1,evaluation,0.03,0.0213675213675213,fixed_stride_5,0.0003125,,,,
DiagonalScanPath_1,physics mean + advective space-time,3.6109129986233175e-06,12.422901570529978,3.4305133895116966,0.1702227206133784,2,234,5,294.6560504149699,0.4507044149154103,0.4286051262608811,334.19579037327884,340.44047406681585,6.244683693537013,3.3453179292213213,True,0.9984006397441024,0.9473684210526316,0.719928062183926,1.52287632550306,11.104127440097926,11.910439335207649,19.344573487693943,1.0,True,0.9473684210526316,11.910439335207649,19.344573487693943,2.7392478335706847,3.857896234185408,1.52287632550306,1.9131123209972885,1.249851908630751,1.3520380738004638,0.9687714220254308,0.7510568626989638,4.6073584346768,6.244683693537013,4.60735843467675,Diagonal,1,evaluation,0.03,0.0213675213675213,fixed_stride_5,0.0003125,,,,
DiagonalScanPath_2,physics mean + RBF,3.6109129986233175e-06,0.0,3.4305133895116966,0.1702227206133784,1,117,1,294.7833581687172,0.4618313447092765,0.4632933005787223,330.73381085494185,326.574465425674,4.15934542926783,3.4196267389530575,True,0.9976009596161536,0.9210526315789472,0.7393335177235587,1.593479054821333,11.46441010795504,12.048919693448704,19.78287695404959,1.0,True,0.9210526315789472,12.048919693448704,19.78287695404959,3.068534868783167,4.2186123024643685,1.593479054821333,1.8689513971214764,1.2574961432909857,1.234752022985273,0.9946328184804276,0.6583740784457094,2.9472946830237547,4.15934542926783,2.5946073016069526,Diagonal,2,evaluation,0.03,0.0085470085470085,fixed_stride_5,0.0003125,,,,
DiagonalScanPath_2,physics mean + space-time,3.6109129986233175e-06,12.422901570529978,3.4305133895116966,0.1702227206133784,2,234,3,294.7833581687172,0.4712006516081814,0.4664630277442201,330.73381085494185,326.55223350403946,4.181577350902387,3.3985568836172493,True,0.9988004798080768,0.9605263157894736,0.7332016527835111,1.568362355573549,11.36944176473046,12.245453484581928,18.423079150037257,1.0,True,0.9605263157894736,12.245453484581928,18.423079150037257,2.984101033377077,4.220699440478171,1.568362355573549,1.8862341581701707,1.2609371111732548,1.312606142009096,0.9867517832851566,0.7314415489414521,2.5434475323103767,4.181577350902387,2.3031735033319984,Diagonal,2,evaluation,0.03,0.0128205128205128,fixed_stride_5,0.0003125,,,,
DiagonalScanPath_2,physics mean + advective space-time,3.6109129986233175e-06,12.422901570529978,3.4305133895116966,0.1702227206133784,2,234,3,294.7833581687172,0.4559866918099078,0.4537973892483983,330.73381085494185,326.5869651512452,4.14684570369667,3.3091928956306504,True,0.9976009596161536,0.9210526315789472,0.7139379418424143,1.5540956625224387,11.058591521549603,11.854661592713764,20.563530368277977,1.0,True,0.9210526315789472,11.854661592713764,20.563530368277977,3.0274100146027556,4.147591432747712,1.5540956625224387,1.746194486260891,1.2258013726111954,1.1863865832316716,0.9603591570543836,0.652746805312718,2.278687908199824,4.14684570369667,2.116517723564795,Diagonal,2,evaluation,0.03,0.0128205128205128,fixed_stride_5,0.0003125,,,,
DiagonalScanPath_3,physics mean + RBF,3.6109129986233175e-06,0.0,3.4305133895116966,0.1702227206133784,1,117,2,294.9015209525281,0.4410240451958109,0.4512368277769396,326.4740358780628,331.55694674878004,5.082910870717228,3.419839810731507,False,0.9976009596161536,0.9210526315789472,0.7376417309689101,1.5712100595755158,11.45316653449985,12.279161022384864,21.553689026623612,1.0,False,0.9210526315789472,12.279161022384864,21.553689026623612,2.883457633996959,3.715708701766022,1.5712100595755158,1.7939708911904284,1.2435112492875415,1.1495008299406395,0.9802810066355424,0.6218323896481898,5.8234285790036715,7.428504981463561,3.5491885276009834,Diagonal,3,evaluation,0.03,0.017094017094017,fixed_stride_5,0.0003125,,,,
DiagonalScanPath_3,physics mean + space-time,3.6109129986233175e-06,12.422901570529978,3.4305133895116966,0.1702227206133784,2,234,5,294.9015209525281,0.4467554640149482,0.4566124085935321,326.4740358780628,331.49298070790206,5.018944829839256,3.3985881686745785,False,0.9968012794882048,0.8947368421052632,0.7321841232844435,1.5778441494891664,11.347496891671456,11.945035301587046,23.06591222793802,1.0,False,0.8947368421052632,11.945035301587046,23.06591222793802,2.969835240395138,3.851077031746406,1.5778441494891664,1.8078980970737415,1.2484540299801608,1.2115505709703152,0.9816677587394084,0.6701032932630471,5.936521641486398,7.5379289476535405,3.352703927438534,Diagonal,3,evaluation,0.03,0.0213675213675213,fixed_stride_5,0.0003125,,,,
DiagonalScanPath_3,physics mean + advective space-time,3.6109129986233175e-06,12.422901570529978,3.4305133895116966,0.1702227206133784,2,234,5,294.9015209525281,0.4334479327084015,0.4416162114655526,326.4740358780628,331.6148055856634,5.140769707600612,3.404614596381295,False,0.9976009596161536,0.9210526315789472,0.7314387998063936,1.5394689651713909,11.352105756315288,12.181104159115836,22.283703843764577,1.0,False,0.9210526315789472,12.181104159115836,22.283703843764577,2.865108831933907,3.6334605265297784,1.5394689651713909,1.715030784248717,1.2226261454127294,1.1183534251022107,0.969984584384559,0.6146550927178426,5.477450657562242,7.3547923393860515,3.5742836937884266,Diagonal,3,evaluation,0.03,0.0213675213675213,fixed_stride_5,0.0003125,,,,
DiagonalScanPath_4,physics mean + RBF,3.6109129986233175e-06,0.0,3.4305133895116966,0.1702227206133784,1,117,2,295.3585248883726,0.4145734488660652,0.4274683312640293,331.63935958961497,339.09185032019934,7.452490730584373,3.4196309546876793,False,0.9972011195521792,0.9078947368421052,0.7367045943497826,1.534368709826646,11.457155472219451,12.01077115275171,22.45757851378129,1.0,False,0.9078947368421052,12.01077115275171,22.45757851378129,2.9388289709892508,3.996763162876501,1.534368709826646,1.7553961202762818,1.2195022970460798,1.1351624867112766,0.9668031928436736,0.6214789876099701,5.525132376623381,7.452490730584373,5.525132376623372,Diagonal,4,evaluation,0.03,0.017094017094017,fixed_stride_5,0.0003125,,,,
DiagonalScanPath_4,physics mean + space-time,3.6109129986233175e-06,12.422901570529978,3.4305133895116966,0.1702227206133784,2,234,3,295.3585248883726,0.4245161416061706,0.4375116165483058,331.63935958961497,339.1302619175939,7.490902327978915,3.398583546230008,False,0.9976009596161536,0.9210526315789472,0.7330121699696972,1.6078965305174773,11.359963748259178,12.024685375644594,23.744446463053983,1.0,False,0.9210526315789472,12.024685375644594,23.744446463053983,3.0743874701280536,4.131382165985466,1.6078965305174773,1.8672634548911955,1.2769829425536994,1.2326874587707406,0.9924080630931738,0.673707101115044,5.842019047640463,7.490902327978915,5.842019047640433,Diagonal,4,evaluation,0.03,0.0128205128205128,fixed_stride_5,0.0003125,,,,
DiagonalScanPath_4,physics mean + advective space-time,3.6109129986233175e-06,12.422901570529978,3.4305133895116966,0.1702227206133784,2,234,3,295.3585248883726,0.4321911924738316,0.4423588592740363,331.63935958961497,338.96231646031737,7.322956870702399,3.3395081630312293,False,0.9972011195521792,0.9078947368421052,0.7196690752501904,1.5714663585953943,11.136996509366746,11.73570670367134,23.524125720895192,1.0,False,0.9078947368421052,11.73570670367134,23.524125720895192,3.0689711117665386,4.171013770628478,1.5714663585953943,1.8148159688709455,1.2353109449202813,1.1614504638024743,0.9639298323819258,0.6383492173575004,5.5136418200342785,7.322956870702399,5.513641820034234,Diagonal,4,evaluation,0.03,0.0128205128205128,fixed_stride_5,0.0003125,,,,
DiagonalScanPath_5,physics mean + RBF,3.6109129986233175e-06,0.0,3.4305133895116966,0.1702227206133784,1,117,3,295.50866552712534,0.4156153625443401,0.4252907651748485,334.0359159203151,331.10741203632983,2.928503883985286,3.419709830259627,True,0.9976009596161536,0.9342105263157896,0.7390527493277522,1.5361411915631231,11.46830074307598,12.083442810636724,22.08598681089993,1.0,True,0.9342105263157896,12.083442810636724,22.08598681089993,2.891871606781897,3.899053646133515,1.5361411915631231,1.7731758029453646,1.2522466341916203,1.2523813144126823,0.9885500537914949,0.6633525693806704,1.963186226825179,2.928503883985286,1.963036550187992,Diagonal,5,evaluation,0.03,0.0256410256410256,fixed_stride_5,0.0003125,,,,
DiagonalScanPath_5,physics mean + space-time,3.6109129986233175e-06,12.422901570529978,3.4305133895116966,0.1702227206133784,2,234,6,295.50866552712534,0.4142308908677463,0.4231081044123611,334.0359159203151,331.12939309264436,2.906522827670756,3.399742404834124,True,0.9984006397441024,0.9473684210526316,0.7333712914281046,1.5512763313129192,11.379034614078428,12.112183555765853,22.911795876026716,1.0,True,0.9473684210526316,12.112183555765853,22.911795876026716,2.8920443197292793,3.804429930463779,1.5512763313129192,1.7821646205034047,1.2701675374414445,1.3007699929083707,0.991881826668638,0.6939308233766083,2.221166725983256,2.906522827670756,2.2211667259832324,Diagonal,5,evaluation,0.03,0.0256410256410256,fixed_stride_5,0.0003125,,,,
DiagonalScanPath_5,physics mean + advective space-time,3.6109129986233175e-06,12.422901570529978,3.4305133895116966,0.1702227206133784,2,234,6,295.50866552712534,0.3986974990356165,0.4089108200802849,334.0359159203151,331.47767691966516,2.5582390006499622,3.3944940415129783,True,0.9984006397441024,0.9473684210526316,0.728941858205524,1.4745632420797754,11.345954367014851,12.164374257346582,21.14580556727578,1.0,True,0.9473684210526316,12.164374257346582,21.14580556727578,2.6244778995099134,3.528954037751937,1.4745632420797754,1.6904796521757557,1.2047674952097305,1.1635565498806892,0.9584307141794376,0.6271212660313603,1.5524978487091765,2.5582390006499622,1.552497848709127,Diagonal,5,evaluation,0.03,0.0256410256410256,fixed_stride_5,0.0003125,,,,
DiagonalScanPath_6,physics mean + RBF,3.6109129986233175e-06,0.0,3.4305133895116966,0.1702227206133784,1,117,3,295.76268867732483,0.4134099325469158,0.4311475837006975,331.21807173731014,328.0813886069524,3.136683130357767,3.419748163482276,False,0.998000799680128,0.9342105263157896,0.7428896574197063,1.640785341740392,11.490970697714316,12.187262138001998,21.126243203579776,1.0,False,0.9342105263157896,12.187262138001998,21.126243203579776,3.0460892024823676,4.128056930581725,1.640785341740392,1.994784392699684,1.3166982726935654,1.3568240628890569,1.0202424671528938,0.7147663242379183,5.392658549527037,7.654449280545066,1.7793234688320323,Diagonal,6,evaluation,0.03,0.0256410256410256,fixed_stride_5,0.0003125,,,,
DiagonalScanPath_6,physics mean + space-time,3.6109129986233175e-06,12.422901570529978,3.4305133895116966,0.1702227206133784,2,234,6,295.76268867732483,0.4261445954081447,0.4399538453747841,331.21807173731014,328.0966602117832,3.1214115255269235,3.402276020186489,False,0.9976009596161536,0.9210526315789472,0.7390766070643885,1.6957101916720347,11.382129296704916,12.07600486896744,20.415851145670963,1.0,False,0.9210526315789472,12.07600486896744,20.415851145670963,3.0341876264813803,4.138792167015547,1.6957101916720347,2.1195292458063726,1.3530624750371285,1.523028017113142,1.030805768052122,0.8015613918492416,5.541826780860663,7.595236277120932,1.3898781696157825,Diagonal,6,evaluation,0.03,0.0256410256410256,fixed_stride_5,0.0003125,,,,
DiagonalScanPath_6,physics mean + advective space-time,3.6109129986233175e-06,12.422901570529978,3.4305133895116966,0.1702227206133784,2,234,6,295.76268867732483,0.4046548640937223,0.4163680847414955,331.21807173731014,327.9886599880822,3.2294117492279497,3.3654892274338803,True,0.9984006397441024,0.9473684210526316,0.710216774371357,1.5429082955274045,10.983047216472364,11.742066116434913,20.388735480320378,1.0,True,0.9473684210526316,11.742066116434913,20.388735480320378,2.827442524519016,3.711078679046822,1.5429082955274045,1.8186395384115293,1.247580529515078,1.2776202404573147,0.9654107125911268,0.69827699611219,5.5932678705213394,7.758441723299313,1.740749754779631,Diagonal,6,evaluation,0.03,0.0256410256410256,fixed_stride_5,0.0003125,,,,
DiagonalScanPath_7,physics mean + RBF,3.6109129986233175e-06,0.0,3.4305133895116966,0.1702227206133784,1,117,2,295.92680693793324,0.3965165590390421,0.4169767148236795,329.2427619913974,336.7530916471486,7.510329655751207,3.419631653086831,False,0.998000799680128,0.9342105263157896,0.7394711875788655,1.646886910216367,11.41845514625767,12.001897018684357,22.203638432052315,1.0,False,0.9342105263157896,12.001897018684357,22.203638432052315,3.231444421915174,4.372624870657669,1.646886910216367,1.9189235845456525,1.2872330183621197,1.2085371853632332,1.004014801025202,0.636052120645994,5.7166763989578655,7.510329655751207,5.716676398957938,Diagonal,7,evaluation,0.03,0.017094017094017,fixed_stride_5,0.0003125,,,,
DiagonalScanPath_7,physics mean + space-time,3.6109129986233175e-06,12.422901570529978,3.4305133895116966,0.1702227206133784,2,234,5,295.92680693793324,0.3975004402175529,0.4156822668184122,329.2427619913974,336.8018812540647,7.559119262667309,3.3987721824431274,True,0.998000799680128,0.9342105263157896,0.7339495457501359,1.6713493772710972,11.33506323348406,12.125466890387678,22.246140585705444,1.0,True,0.9342105263157896,12.125466890387678,22.246140585705444,3.1188551552752086,4.141235084836226,1.6713493772710972,1.9652560075441452,1.3115596526654385,1.3205589619060818,1.0136629767945082,0.6921728235282691,5.309550614270819,7.559119262667309,5.309550614270898,Diagonal,7,evaluation,0.03,0.0213675213675213,fixed_stride_5,0.0003125,,,,
DiagonalScanPath_7,physics mean + advective space-time,3.6109129986233175e-06,12.422901570529978,3.4305133895116966,0.1702227206133784,2,234,5,295.92680693793324,0.3658308213487891,0.3801113928751953,329.2427619913974,337.53477073973335,8.292008748335945,3.3153346808404383,False,0.998000799680128,0.9342105263157896,0.7068805325684107,1.500720091180899,10.944463296324798,11.498171381795713,21.84261970041458,1.0,False,0.9342105263157896,11.498171381795713,21.84261970041458,2.8783237544189886,3.764306164476691,1.500720091180899,1.661614974948284,1.1918554729936075,1.0747140244397395,0.9400166326806028,0.5784697332497967,6.062187043784514,8.292008748335945,6.062187043784547,Diagonal,7,evaluation,0.03,0.0213675213675213,fixed_stride_5,0.0003125,,,,
DiagonalScanPath_8,physics mean + RBF,3.6109129986233175e-06,0.0,3.4305133895116966,0.1702227206133784,1,117,2,296.12149833303096,0.3902426364859307,0.4081589371319107,336.214847986714,341.95751471187026,5.742666725156255,3.419633737138535,True,0.998000799680128,0.9342105263157896,0.7428435284366042,1.6744605011013711,11.462016301022482,12.09205345506457,23.306042962330583,1.0,True,0.9342105263157896,12.09205345506457,23.306042962330583,3.2748360782983097,4.427124178138528,1.6744605011013711,1.980217750287604,1.3178278757570314,1.278279954492549,1.0168236836225562,0.6916969668167506,3.9624910352684544,5.742666725156255,3.9624910352684264,Diagonal,8,calibration,0.03,0.017094017094017,fixed_stride_5,0.0003125,,,,
DiagonalScanPath_8,physics mean + space-time,3.6109129986233175e-06,12.422901570529978,3.4305133895116966,0.1702227206133784,2,234,5,296.12149833303096,0.3884014082555864,0.404759250102474,336.214847986714,341.9806115988879,5.765763612173885,3.398851803278045,True,0.9972011195521792,0.9078947368421052,0.7379043497568107,1.6915661466947305,11.363240002211008,12.010217987192942,23.95110881221648,1.0,True,0.9078947368421052,12.010217987192942,23.95110881221648,3.2940366101606,4.3397178179109055,1.6915661466947305,1.9320011921100135,1.330474829462109,1.3121768179489686,1.0203353704453433,0.7049861749385019,4.069513892499646,5.765763612173885,4.069513892499658,Diagonal,8,calibration,0.03,0.0213675213675213,fixed_stride_5,0.0003125,,,,
DiagonalScanPath_8,physics mean + advective space-time,3.6109129986233175e-06,12.422901570529978,3.4305133895116966,0.1702227206133784,2,234,5,296.12149833303096,0.3769928117840385,0.3922144016676822,336.214847986714,342.20175999169055,5.986912004976546,3.3484061030939114,True,0.9976009596161536,0.9210526315789472,0.7233076879286268,1.625153679596983,11.14550731786569,11.704654495269269,24.674828033151215,1.0,True,0.9210526315789472,11.704654495269269,24.674828033151215,3.1836268877748086,4.144982942352099,1.625153679596983,1.838682540540674,1.282023121938649,1.2218147176406922,0.9901356351457634,0.6774632217926576,4.266037945803358,5.986912004976546,4.266037945803376,Diagonal,8,calibration,0.03,0.0213675213675213,fixed_stride_5,0.0003125,,,,
HorizontalScanPath_1,physics mean + RBF,3.6109129986233175e-06,0.0,3.4305133895116966,0.1702227206133784,1,117,0,294.63123831934564,0.6015986935673414,0.6108965945653645,317.4810532811467,304.0124247956607,13.468628485486022,3.4196267389530575,False,0.9984006397441024,0.9473684210526316,0.7316553471134559,1.488762077355693,11.420653687015182,12.370223486315556,20.957383431856453,1.0,False,0.9473684210526316,12.370223486315556,20.957383431856453,2.7104193962504293,3.7557128272931073,1.488762077355693,1.6694291767986666,1.1937323989308626,1.0246568180355662,0.920415336609591,0.5570134746009792,11.605078762299913,13.468628485486022,10.674595889471137,Horizontal,1,evaluation,0.03,0.0,fixed_stride_5,0.0003125,,,,
HorizontalScanPath_1,physics mean + space-time,3.6109129986233175e-06,12.422901570529978,3.4305133895116966,0.1702227206133784,2,234,0,294.63123831934564,0.6021039091699371,0.612031259321527,317.4810532811467,303.9586498756029,13.522403405543855,3.398556883580854,False,0.998000799680128,0.9342105263157896,0.7256467106897393,1.4843500763622393,11.324436155682967,12.26616233714788,21.101661305358203,1.0,False,0.9342105263157896,12.26616233714788,21.101661305358203,2.7217954252416723,3.768962993073396,1.4843500763622393,1.6526166073114836,1.1886369821234233,1.0127868456649367,0.9151477124073026,0.5523588666427447,11.67033584872928,13.522403405543855,10.764887920307714,Horizontal,1,evaluation,0.03,0.0,fixed_stride_5,0.0003125,,,,
HorizontalScanPath_1,physics mean + advective space-time,3.6109129986233175e-06,12.422901570529978,3.4305133895116966,0.1702227206133784,2,234,0,294.63123831934564,0.6019160331569663,0.6098294241517873,317.4810532811467,304.117062036138,13.36399124500872,3.335950120003356,False,0.998000799680128,0.9342105263157896,0.7170871546554534,1.4798643229878807,11.175916901697477,12.047044873767767,20.69595204789034,1.0,False,0.9342105263157896,12.047044873767767,20.69595204789034,2.706235476469117,3.7497736952522,1.4798643229878807,1.7048433866740462,1.182137265176225,1.0526415362040975,0.9062337223262206,0.5749644685968764,11.546041685812396,13.36399124500872,10.75234522956856,Horizontal,1,evaluation,0.03,0.0,fixed_stride_5,0.0003125,,,,
HorizontalScanPath_2,physics mean + RBF,3.6109129986233175e-06,0.0,3.4305133895116966,0.1702227206133784,1,117,1,294.6301695664475,0.6176478955685435,0.6237436198633363,315.9337083198785,302.26948477846173,13.664223541416789,3.4196267389530575,False,0.9988004798080768,0.9605263157894736,0.7363719115865651,1.5142275618597487,11.461356502229522,12.463084121291432,20.5036648413182,1.0,False,0.9605263157894736,12.463084121291432,20.5036648413182,2.7310550838936325,3.8205557658326654,1.5142275618597487,1.809048026291552,1.211276182323881,1.233547275004055,0.9733574596357336,0.6766322047463021,11.535065459048653,13.664223541416789,9.36991244495202,Horizontal,2,evaluation,0.03,0.0085470085470085,fixed_stride_5,0.0003125,,,,
HorizontalScanPath_2,physics mean + space-time,3.6109129986233175e-06,12.422901570529978,3.4305133895116966,0.1702227206133784,2,234,4,294.6301695664475,0.6125076011191126,0.6191623031838953,315.9337083198785,302.26220251847093,13.67150580140759,3.3985569037438146,False,0.9984006397441024,0.9473684210526316,0.7306943324978921,1.492926152259003,11.36767475181032,12.365838311130997,21.39097939546316,1.0,False,0.9473684210526316,12.365838311130997,21.39097939546316,2.74581354667059,3.805737458577395,1.492926152259003,1.7516663213843338,1.1972554088424954,1.2410016297747355,0.9593318711885546,0.7043831976331322,12.14767534224698,13.67150580140759,9.653512443198318,Horizontal,2,evaluation,0.03,0.017094017094017,fixed_stride_5,0.0003125,,,,
HorizontalScanPath_2,physics mean + advective space-time,3.6109129986233175e-06,12.422901570529978,3.4305133895116966,0.1702227206133784,2,234,4,294.6301695664475,0.6111007510075006,0.6148951227621502,315.9337083198785,302.314089356436,13.61961896344252,3.328630706644585,False,0.9984006397441024,0.9473684210526316,0.7201688256587585,1.4632864963376897,11.201932946121149,12.09550215205024,20.335056883552312,1.0,False,0.9473684210526316,12.09550215205024,20.335056883552312,2.6952235697817013,3.761489876249144,1.4632864963376897,1.760161392307736,1.161495071934613,1.191872016303364,0.939026962286085,0.6673996442896988,11.35930505027217,13.61961896344252,9.562736911508036,Horizontal,2,evaluation,0.03,0.017094017094017,fixed_stride_5,0.0003125,,,,
HorizontalScanPath_3,physics mean + RBF,3.6109129986233175e-06,0.0,3.4305133895116966,0.1702227206133784,1,117,0,294.64317213251667,0.5949381528619799,0.6194458988170914,314.00846851431186,303.83301741613906,10.1754510981728,3.4196267389530575,False,0.998000799680128,0.9342105263157896,0.73607790376994,1.51601867592321,11.451317864407144,12.303694807895356,20.88319003072515,1.0,False,0.9342105263157896,12.303694807895356,20.88319003072515,2.805000424160113,3.932636580991499,1.51601867592321,1.7950693263411943,1.207344982259486,1.1016516758485566,0.9569942861834586,0.5808235062005488,11.691572284028814,13.550767350372894,7.152348034756746,Horizontal,3,evaluation,0.03,0.0,fixed_stride_5,0.0003125,,,,
HorizontalScanPath_3,physics mean + space-time,3.6109129986233175e-06,12.422901570529978,3.4305133895116966,0.1702227206133784,2,234,0,294.64317213251667,0.5917451114581862,0.6178609789752499,314.00846851431186,303.8342216910869,10.174246823224962,3.398556883580854,False,0.998000799680128,0.9342105263157896,0.7297947427467305,1.5095997399416343,11.354711098116788,12.200620417167428,20.866792154906506,1.0,False,0.9342105263157896,12.200620417167428,20.866792154906506,2.8000170578260164,3.9238819662419337,1.5095997399416343,1.7863231383642746,1.2009011833652194,1.101588286747197,0.950769289250036,0.5843219213668888,11.682708882716009,13.53044861368403,7.2050501683965855,Horizontal,3,evaluation,0.03,0.0,fixed_stride_5,0.0003125,,,,
HorizontalScanPath_3,physics mean + advective space-time,3.6109129986233175e-06,12.422901570529978,3.4305133895116966,0.1702227206133784,2,234,0,294.64317213251667,0.5922412225008512,0.6147534978219307,314.00846851431186,303.86370757444064,10.14476093987122,3.3323374762647764,False,0.998000799680128,0.9342105263157896,0.720340426419839,1.49300239189984,11.1942049720858,12.029220620312918,20.738604604848067,1.0,False,0.9342105263157896,12.029220620312918,20.738604604848067,2.7769563750942767,3.882619121186665,1.49300239189984,1.7661589472617667,1.1864220684945053,1.091090882700693,0.9365985966600732,0.5872656753048585,11.697199287305343,13.50893661076617,7.2840221320015885,Horizontal,3,evaluation,0.03,0.0,fixed_stride_5,0.0003125,,,,
HorizontalScanPath_4,physics mean + RBF,3.6109129986233175e-06,0.0,3.4305133895116966,0.1702227206133784,1,117,1,294.825260500259,0.5642223744482275,0.6026214820108965,317.615531356997,304.2055810976338,13.4099502593632,3.4196267389530575,False,0.9984006397441024,0.9473684210526316,0.7331901981540067,1.4740464115384089,11.452255925783245,12.26411722562563,19.932207524514816,1.0,False,0.9473684210526316,12.26411722562563,19.932207524514816,2.589313095893037,3.743295789843194,1.4740464115384089,1.8472139529176184,1.178151985041626,1.138851578385211,0.94342385099399,0.606315776217767,11.314956698294187,13.4099502593632,10.262837163478483,Horizontal,4,evaluation,0.03,0.0085470085470085,fixed_stride_5,0.0003125,,,,
HorizontalScanPath_4,physics mean + space-time,3.6109129986233175e-06,12.422901570529978,3.4305133895116966,0.1702227206133784,2,234,3,294.825260500259,0.5717008206590851,0.6109136991926106,317.615531356997,304.17355909555795,13.441972261439048,3.398556903204309,False,0.998000799680128,0.9342105263157896,0.7294427321594829,1.5533879820638583,11.35964331967264,12.220347495738327,20.388060229956135,1.0,False,0.9342105263157896,12.220347495738327,20.388060229956135,2.7453609729379713,3.776595601089632,1.5533879820638583,1.8906379605322428,1.2217425896426122,1.1912342298132728,0.9616828639609284,0.6582497687546197,11.32465764574443,13.441972261439048,10.471617067531223,Horizontal,4,evaluation,0.03,0.0128205128205128,fixed_stride_5,0.0003125,,,,
HorizontalScanPath_4,physics mean + advective space-time,3.6109129986233175e-06,12.422901570529978,3.4305133895116966,0.1702227206133784,2,234,3,294.825260500259,0.5597616290785781,0.5911708352630336,317.615531356997,304.4453463140843,13.170185042912692,3.3400774733998593,False,0.9984006397441024,0.9473684210526316,0.718620005743423,1.4784950841286142,11.213694594471614,11.8858307490741,21.08932587638177,1.0,False,0.9473684210526316,11.8858307490741,21.08932587638177,2.692260597912626,3.688670054707877,1.4784950841286142,1.8018624083441368,1.1783183231131096,1.1320040974304575,0.933905204244668,0.6326067860105852,11.784589381828589,13.170185042912692,10.747771231886189,Horizontal,4,evaluation,0.03,0.0128205128205128,fixed_stride_5,0.0003125,,,,
HorizontalScanPath_5,physics mean + RBF,3.6109129986233175e-06,0.0,3.4305133895116966,0.1702227206133784,1,117,2,295.0840552279015,0.5472627871936327,0.5847969107816023,316.22149177634935,302.69492027913554,13.526571497213808,3.419626738970079,False,0.9988004798080768,0.9605263157894736,0.736542430783735,1.511839380105154,11.45613769009647,12.23147233185948,20.167226119398222,1.0,False,0.9605263157894736,12.23147233185948,20.167226119398222,2.72081374989548,3.709357293846781,1.511839380105154,1.8565428925482457,1.2273540338111022,1.235516248324198,0.9721570133879908,0.6594454800034032,11.88418721825522,13.526571497213808,9.477564062709114,Horizontal,5,evaluation,0.03,0.017094017094017,fixed_stride_5,0.0003125,,,,
HorizontalScanPath_5,physics mean + space-time,3.6109129986233175e-06,12.422901570529978,3.4305133895116966,0.1702227206133784,2,234,5,295.0840552279015,0.5416491368332361,0.5750996715592779,316.22149177634935,302.81327220848885,13.4082195678605,3.3993888094070424,False,0.9984006397441024,0.9473684210526316,0.7293210501667081,1.461046175763664,11.350810131517482,12.174221499749638,19.164590523156335,1.0,False,0.9473684210526316,12.174221499749638,19.164590523156335,2.558090235120782,3.5166836127321712,1.461046175763664,1.8346946434956253,1.1961561059026375,1.2924537234075602,0.9539670911470176,0.6946932332602711,11.637056613977496,13.4082195678605,9.29049819611824,Horizontal,5,evaluation,0.03,0.0213675213675213,fixed_stride_5,0.0003125,,,,
HorizontalScanPath_5,physics mean + advective space-time,3.6109129986233175e-06,12.422901570529978,3.4305133895116966,0.1702227206133784,2,234,5,295.0840552279015,0.5440620600260934,0.5729505248823251,316.22149177634935,302.92024472086626,13.301247055483088,3.3340211602819627,False,0.9988004798080768,0.9605263157894736,0.7203246336515228,1.453520732406469,11.184042810519044,11.871677992432256,20.469603731098147,1.0,False,0.9605263157894736,11.871677992432256,20.469603731098147,2.6537234553789277,3.671393563481893,1.453520732406469,1.789442147763442,1.172592731610644,1.20201626162363,0.9374322889577142,0.6608748358855386,11.512942274649657,13.301247055483088,9.833509741586044,Horizontal,5,evaluation,0.03,0.0213675213675213,fixed_stride_5,0.0003125,,,,
HorizontalScanPath_6,physics mean + RBF,3.6109129986233175e-06,0.0,3.4305133895116966,0.1702227206133784,1,117,2,295.31752139540873,0.5149294336142027,0.548122747703945,314.4374668883787,304.57414490754746,9.863321980831245,3.419776035149128,False,0.998000799680128,0.9342105263157896,0.7389173875245354,1.4730974581738958,11.459809468217964,12.137848815189228,19.852110638718823,1.0,False,0.9342105263157896,12.137848815189228,19.852110638718823,2.7017099512497973,3.6994047223609,1.4730974581738958,1.706017928265563,1.230622207092818,1.2242334907599168,0.971575127339712,0.6414426822891705,11.734889077803189,13.246009522980842,6.71163234113095,Horizontal,6,evaluation,0.03,0.017094017094017,fixed_stride_5,0.0003125,,,,
HorizontalScanPath_6,physics mean + space-time,3.6109129986233175e-06,12.422901570529978,3.4305133895116966,0.1702227206133784,2,234,5,295.31752139540873,0.512261546003302,0.5339871353551785,314.4374668883787,304.6208055199846,9.816661368394136,3.400571012709825,False,0.998000799680128,0.9473684210526316,0.7316346234804352,1.3949328374737875,11.36073435143737,12.053196417155524,18.489073396371083,1.0,False,0.9473684210526316,12.053196417155524,18.489073396371083,2.488771225812674,3.440673352567569,1.3949328374737875,1.666025610769269,1.2041396481362423,1.3282986732619266,0.9617743308972614,0.7092846098912379,10.627263954920677,13.096881796046375,6.681011701542384,Horizontal,6,evaluation,0.03,0.0213675213675213,fixed_stride_5,0.0003125,,,,
HorizontalScanPath_6,physics mean + advective space-time,3.6109129986233175e-06,12.422901570529978,3.4305133895116966,0.1702227206133784,2,234,5,295.31752139540873,0.5254983335997062,0.5460979129712975,314.4374668883787,304.8295281008642,9.607938787514511,3.339375277992948,False,0.998000799680128,0.9473684210526316,0.7242985293989707,1.442147287653353,11.211474105142733,11.953435077879488,18.748773646748155,1.0,False,0.9473684210526316,11.953435077879488,18.748773646748155,2.5838902023191417,3.6436220593447177,1.442147287653353,1.7780247717398772,1.2095432443669174,1.3037962997243369,0.9526208910899584,0.7040829943269837,11.356477941788665,12.899720076911478,6.386469446311153,Horizontal,6,evaluation,0.03,0.0213675213675213,fixed_stride_5,0.0003125,,,,
HorizontalScanPath_7,physics mean + RBF,3.6109129986233175e-06,0.0,3.4305133895116966,0.1702227206133784,1,117,2,295.52522559779794,0.4969846224967711,0.5407238323975647,318.1194882121125,304.87674119580356,13.242747016308954,3.4196267389658237,False,0.9984006397441024,0.9473684210526316,0.7367694083473065,1.4810737418906712,11.443280065331049,12.124700193359974,20.082114214151535,1.0,False,0.9473684210526316,12.124700193359974,20.082114214151535,2.6736293723641995,3.693443762065571,1.4810737418906712,1.818772823120676,1.1969053708820798,1.1850242742804158,0.9503074403281516,0.6273606261484509,11.328185672489347,13.242747016308954,10.499806833626993,Horizontal,7,evaluation,0.03,0.017094017094017,fixed_stride_5,0.0003125,,,,
HorizontalScanPath_7,physics mean + space-time,3.6109129986233175e-06,12.422901570529978,3.4305133895116966,0.1702227206133784,2,234,5,295.52522559779794,0.4951097505146412,0.5330046742328259,318.1194882121125,305.03219155254595,13.087296659566562,3.399845732057406,False,0.9984006397441024,0.9473684210526316,0.7310540545066707,1.4768024008928289,11.35005775893969,12.130751009965511,20.391026709163143,1.0,False,0.9473684210526316,12.130751009965511,20.391026709163143,2.5273629254076173,3.4121178596234185,1.4768024008928289,1.8731943246329577,1.2099676370742465,1.329483604466275,0.9576763762215804,0.7063831625150737,11.72677267538402,13.087296659566562,10.557331742057569,Horizontal,7,evaluation,0.03,0.0213675213675213,fixed_stride_5,0.0003125,,,,
HorizontalScanPath_7,physics mean + advective space-time,3.6109129986233175e-06,12.422901570529978,3.4305133895116966,0.1702227206133784,2,234,5,295.52522559779794,0.494580195245877,0.5291779002832646,318.1194882121125,305.158502362667,12.960985849445535,3.341542236631437,False,0.9984006397441024,0.9473684210526316,0.7223679278738921,1.4527697371275496,11.19877392395123,11.885064930360151,19.06606201445541,1.0,False,0.9473684210526316,11.885064930360151,19.06606201445541,2.6252310400754615,3.6293672452321526,1.4527697371275496,1.7599674875610478,1.1799660250848876,1.186311705809986,0.9397606589780386,0.6489086159224948,11.384778519441706,12.960985849445535,10.599398514214474,Horizontal,7,evaluation,0.03,0.0213675213675213,fixed_stride_5,0.0003125,,,,
HorizontalScanPath_8,physics mean + RBF,3.6109129986233175e-06,0.0,3.4305133895116966,0.1702227206133784,1,117,2,295.71434881764065,0.4859357637692766,0.5286696623460346,316.75154527615916,303.3542112658891,13.397334010270072,3.4196267389679513,False,0.9988004798080768,0.9605263157894736,0.7360019611089269,1.496371775383708,11.436572402895113,12.1154314680952,19.194940079877505,1.0,False,0.9605263157894736,12.1154314680952,19.194940079877505,2.6743067885428977,3.7444659774797255,1.496371775383708,1.842250298904398,1.2203713757727548,1.2629844373815808,0.9705973914819492,0.6933253006132993,11.560137837399097,13.397334010270072,9.51329348258326,Horizontal,8,evaluation,0.03,0.017094017094017,fixed_stride_5,0.0003125,,,,
HorizontalScanPath_8,physics mean + space-time,3.6109129986233175e-06,12.422901570529978,3.4305133895116966,0.1702227206133784,2,234,5,295.71434881764065,0.4823005165265147,0.5184488043315971,316.75154527615916,303.4420891010071,13.309456175152036,3.3995259554213506,False,0.9988004798080768,0.9605263157894736,0.7292336811000447,1.452756138272614,11.35234835196108,12.36636709890827,19.241743085212384,1.0,False,0.9605263157894736,12.36636709890827,19.241743085212384,2.516792444362915,3.530748825926489,1.452756138272614,1.8123696778391636,1.2032769996069883,1.317234582394397,0.9635893969794668,0.7183285451774112,10.95945675324673,13.309456175152036,9.1039829562285,Horizontal,8,evaluation,0.03,0.0213675213675213,fixed_stride_5,0.0003125,,,,
HorizontalScanPath_8,physics mean + advective space-time,3.6109129986233175e-06,12.422901570529978,3.4305133895116966,0.1702227206133784,2,234,5,295.71434881764065,0.4797272081870078,0.5165154175967741,316.75154527615916,303.6533370901446,13.098208186014574,3.332331496530142,False,0.9984006397441024,0.9473684210526316,0.7192058755057577,1.4460597668362638,11.174976125069628,11.674394531667868,20.25880270527099,1.0,False,0.9473684210526316,11.674394531667868,20.25880270527099,2.6424083137814396,3.716787304980504,1.4460597668362638,1.7899250772541864,1.176038600749943,1.2227837355538655,0.9375579203098128,0.6817139798432602,11.467801884868573,13.098208186014574,9.394944073600817,Horizontal,8,evaluation,0.03,0.0213675213675213,fixed_stride_5,0.0003125,,,,
HorizontalScanPath_10,physics mean + RBF,3.6109129986233175e-06,0.0,3.4305133895116966,0.1702227206133784,1,117,2,296.06802208777685,0.457890528203134,0.5049003275776134,318.649993978916,305.41210893636907,13.237885042546909,3.4196267389658237,False,0.9984006397441024,0.9473684210526316,0.7349723974356451,1.5319635212626026,11.435034019673642,12.124292708547712,20.589154058893435,1.0,False,0.9473684210526316,12.124292708547712,20.589154058893435,2.8455536350133883,3.890213930874967,1.5319635212626026,1.892423399426206,1.2415150006224005,1.2569648503607966,0.9820533646736744,0.6630016691226873,11.19000331110943,13.237885042546909,10.397515835800434,Horizontal,10,evaluation,0.03,0.017094017094017,fixed_stride_5,0.0003125,,,,
HorizontalScanPath_10,physics mean + space-time,3.6109129986233175e-06,12.422901570529978,3.4305133895116966,0.1702227206133784,2,234,5,296.06802208777685,0.4516885160349699,0.4944961118607379,318.649993978916,305.5771909593538,13.072803019562173,3.3996845113170377,False,0.9984006397441024,0.9473684210526316,0.7284145670751013,1.481474884841142,11.331491328131865,11.931062766841723,19.621792471246348,1.0,False,0.9473684210526316,11.931062766841723,19.621792471246348,2.6098530382410923,3.672634351914516,1.481474884841142,1.8723459617398832,1.2126160769769163,1.3232809490052533,0.9616811112460456,0.6980824457289931,11.11373032287441,13.072803019562173,10.19118536331777,Horizontal,10,evaluation,0.03,0.0213675213675213,fixed_stride_5,0.0003125,,,,
HorizontalScanPath_10,physics mean + advective space-time,3.6109129986233175e-06,12.422901570529978,3.4305133895116966,0.1702227206133784,2,234,5,296.06802208777685,0.4539904344043418,0.4924172495258175,318.649993978916,305.84932668455474,12.800667294361231,3.3459470042474235,False,0.9984006397441024,0.9473684210526316,0.7204629243777666,1.4695319674115623,11.18206859929268,11.624980481908338,19.056814953409837,1.0,False,0.9473684210526316,11.624980481908338,19.056814953409837,2.700347378213503,3.839128745385284,1.4695319674115623,1.8514165446302475,1.1920298292973162,1.2596737208436284,0.9453397340397044,0.676061743636914,10.622895886790536,12.800667294361231,10.04872469284206,Horizontal,10,evaluation,0.03,0.0213675213675213,fixed_stride_5,0.0003125,,,,
HorizontalScanPath_11,physics mean + RBF,3.6109129986233175e-06,0.0,3.4305133895116966,0.1702227206133784,1,117,3,296.2091569703494,0.4519907364858148,0.4961548780230339,317.2636056084965,303.87714557054187,13.386460037954636,3.4197713821471845,False,0.998000799680128,0.9342105263157896,0.7388425749831682,1.577407758371926,11.455575406416076,12.050476290259605,21.214852912856244,1.0,False,0.9342105263157896,12.050476290259605,21.214852912856244,2.785930438472796,3.889260831582251,1.577407758371926,1.9916140849977195,1.289563538634204,1.4086054038583116,1.009078421553517,0.7493964385726279,11.60264612146325,13.386460037954636,9.330685215115544,Horizontal,11,evaluation,0.03,0.0256410256410256,fixed_stride_5,0.0003125,,,,
HorizontalScanPath_11,physics mean + space-time,3.6109129986233175e-06,12.422901570529978,3.4305133895116966,0.1702227206133784,2,234,6,296.2091569703494,0.4567016932564204,0.4952320574999675,317.2636056084965,303.929026821758,13.334578786738518,3.39938344387046,False,0.998000799680128,0.9342105263157896,0.7330564540553332,1.54936220988898,11.368531553076382,12.252385538251392,19.4721881705404,1.0,False,0.9342105263157896,12.252385538251392,19.4721881705404,2.622081618804025,3.6612741056829,1.54936220988898,2.0434120016506445,1.2840671826174386,1.5365556000792104,0.9980699851922756,0.8220418262737846,11.175072698567142,13.334578786738518,9.31292223974464,Horizontal,11,evaluation,0.03,0.0256410256410256,fixed_stride_5,0.0003125,,,,
HorizontalScanPath_11,physics mean + advective space-time,3.6109129986233175e-06,12.422901570529978,3.4305133895116966,0.1702227206133784,2,234,6,296.2091569703494,0.4619572078590358,0.490277836600262,317.2636056084965,304.2478052951314,13.015800313365103,3.3375358900133834,False,0.9988004798080768,0.9605263157894736,0.7242430616635395,1.5354189866833103,11.204377104043912,11.98903963869209,19.072220490366696,1.0,False,0.9605263157894736,11.98903963869209,19.072220490366696,2.719933316842855,3.829068528327442,1.5354189866833103,1.9927968513121088,1.2830653224612405,1.4840609768083315,0.9939288430547446,0.8227137787211797,10.884685767767609,13.015800313365103,9.049932137455654,Horizontal,11,evaluation,0.03,0.0256410256410256,fixed_stride_5,0.0003125,,,,
HorizontalScanPath_12,physics mean + RBF,3.6109129986233175e-06,0.0,3.4305133895116966,0.1702227206133784,1,117,3,296.3525815864646,0.4402946166343958,0.4799998776523295,315.46455223645467,305.6011833938258,9.86336884262886,3.419824650725866,False,0.998000799680128,0.9342105263157896,0.7391311892226777,1.5429346440764724,11.458547493215535,12.089080625280364,20.409424801414612,1.0,False,0.9342105263157896,12.089080625280364,20.409424801414612,2.798318283219462,3.967808394777231,1.5429346440764724,1.9845096888545195,1.259721135582181,1.4113117219904745,0.9887112130742678,0.7583476055309144,11.325960867620957,13.169529411285623,7.039460898941677,Horizontal,12,evaluation,0.03,0.0256410256410256,fixed_stride_5,0.0003125,,,,
HorizontalScanPath_12,physics mean + space-time,3.6109129986233175e-06,12.422901570529978,3.4305133895116966,0.1702227206133784,2,234,6,296.3525815864646,0.441838428639673,0.4771279136394596,315.46455223645467,305.605283036274,9.859269200180677,3.399709037021039,False,0.998000799680128,0.9342105263157896,0.7352551430343938,1.5758083539769154,11.35019383940369,12.011067993911832,20.547745227530108,1.0,False,0.9342105263157896,12.011067993911832,20.547745227530108,2.755253442454069,3.8113877313752047,1.5758083539769154,2.0017075271844655,1.302644962326208,1.4896543442879082,1.0078632931127645,0.8012086579913179,11.493696866793536,13.122705445166162,7.279231278608652,Horizontal,12,evaluation,0.03,0.0256410256410256,fixed_stride_5,0.0003125,,,,
HorizontalScanPath_12,physics mean + advective space-time,3.6109129986233175e-06,12.422901570529978,3.4305133895116966,0.1702227206133784,2,234,6,296.3525815864646,0.447201538502299,0.4794434028116165,315.46455223645467,305.7160290635206,9.748523172934084,3.337544760627284,False,0.998000799680128,0.9342105263157896,0.7248677582899156,1.53792473001033,11.197089358815324,11.991136012645802,20.55790336688355,1.0,False,0.9342105263157896,11.991136012645802,20.55790336688355,2.7591857006914133,3.971220465992456,1.53792473001033,2.0035638031126637,1.2622503122629638,1.4444467699908172,0.9818634030767464,0.7820668368172041,11.286885213533449,13.01764916453152,7.081592855649565,Horizontal,12,evaluation,0.03,0.0256410256410256,fixed_stride_5,0.0003125,,,,
HorizontalScanPath_13,physics mean + RBF,3.6109129986233175e-06,0.0,3.4305133895116966,0.1702227206133784,1,117,1,296.4959614680289,0.432480697004636,0.4819820359813112,319.1296936365724,305.8770444131363,13.252649223436151,3.4196267389679513,False,0.9984006397441024,0.9473684210526316,0.7394286669742994,1.5694170615910854,11.458629220669618,11.80989865457749,20.85440874210951,1.0,False,0.9473684210526316,11.80989865457749,20.85440874210951,2.975224056937567,4.207889620841852,1.5694170615910854,2.0070057722626644,1.2497879483308572,1.2492216068981905,0.9840833132536144,0.6749336240386041,11.480547192409812,13.252649223436151,10.868533666294944,Horizontal,13,calibration,0.03,0.0085470085470085,fixed_stride_5,0.0003125,,,,
HorizontalScanPath_13,physics mean + space-time,3.6109129986233175e-06,12.422901570529978,3.4305133895116966,0.1702227206133784,2,234,4,296.4959614680289,0.4179811851821321,0.463782146084097,319.1296936365724,305.99681420075245,13.132879435819971,3.3995787999825446,False,0.9984006397441024,0.9473684210526316,0.7314030647388041,1.4875079950683818,11.352961459535452,11.640704155310482,18.830121444945274,1.0,False,0.9473684210526316,11.640704155310482,18.830121444945274,2.7489817947661397,3.9340354300428086,1.4875079950683818,1.8776088085819824,1.2033536237684814,1.2688695852960206,0.9622647034770933,0.6929498068154527,11.018321046878825,13.132879435819971,10.43583732437042,Horizontal,13,calibration,0.03,0.017094017094017,fixed_stride_5,0.0003125,,,,
HorizontalScanPath_13,physics mean + advective space-time,3.6109129986233175e-06,12.422901570529978,3.4305133895116966,0.1702227206133784,2,234,4,296.4959614680289,0.4369537370629979,0.4767335397785035,319.1296936365724,306.05180671605217,13.077886920520257,3.3397645357142065,False,0.998000799680128,0.9473684210526316,0.7257044799043774,1.5636314957243236,11.213536558961918,11.58323668595167,19.47583385645912,1.0,False,0.9473684210526316,11.58323668595167,19.47583385645912,2.947336667444558,4.132386746403947,1.5636314957243236,1.9858622801053736,1.2484557262576277,1.2781329530426857,0.9737557073353588,0.705666069798849,10.886867199852812,13.077886920520257,10.383150487183883,Horizontal,13,calibration,0.03,0.017094017094017,fixed_stride_5,0.0003125,,,,
SpiralScanPath_1,physics mean + RBF,3.6109129986233175e-06,0.0,3.4305133895116966,0.1702227206133784,1,117,3,294.5644045668491,0.4048800578394794,0.388680341772873,333.10510445751316,339.54215799539446,6.437053537881297,3.292627719934295,False,0.998000799680128,0.9342105263157896,0.7338050994590803,1.3682518236784258,11.461495051391251,12.126699613408157,18.661874976680767,1.0,False,0.9342105263157896,12.126699613408157,18.661874976680767,2.406697832901757,3.1867541933588415,1.3682518236784258,1.4977235564579992,1.1320439225536765,1.042338148325982,0.926950753453268,0.5845304138469783,4.4282197898688676,6.437053537881297,4.428219789868837,Spiral,1,evaluation,0.03,0.0256410256410256,fixed_stride_5,0.0003125,,,,
SpiralScanPath_1,physics mean + space-time,3.6109129986233175e-06,12.422901570529978,3.4305133895116966,0.1702227206133784,2,234,6,294.5644045668491,0.4252876296378803,0.4049486276003714,333.10510445751316,339.4731739767139,6.368069519200731,3.2560386882940597,False,0.9976009596161536,0.9210526315789472,0.7293610586745203,1.423431066280938,11.359998658526852,11.867210344955012,17.717457031328884,1.0,False,0.9210526315789472,11.867210344955012,17.717457031328884,2.537910805318378,3.4010690209834573,1.423431066280938,1.586012428363984,1.1743833454558927,1.1433376863602909,0.9466083398154416,0.6506104374005482,5.09718778261924,6.368069519200731,5.097187782619296,Spiral,1,evaluation,0.03,0.0256410256410256,fixed_stride_5,0.0003125,,,,
SpiralScanPath_1,physics mean + advective space-time,3.6109129986233175e-06,12.422901570529978,3.4305133895116966,0.1702227206133784,2,234,6,294.5644045668491,0.4135367448522204,0.3964918213401975,333.10510445751316,340.10105280411415,6.995948346600983,3.172322982965264,False,0.9976009596161536,0.9210526315789472,0.7211167976333789,1.38029517236333,11.240137354842474,11.72794855809929,16.835261646291098,1.0,False,0.9210526315789472,11.72794855809929,16.835261646291098,2.453305915623765,3.422245521033392,1.38029517236333,1.5572656299905434,1.132063862772319,1.0392693205837429,0.9217251759421858,0.5933653667359504,5.359635507063851,6.995948346600983,5.359635507063837,Spiral,1,evaluation,0.03,0.0256410256410256,fixed_stride_5,0.0003125,,,,
SpiralScanPath_2,physics mean + RBF,3.6109129986233175e-06,0.0,3.4305133895116966,0.1702227206133784,1,117,4,294.77953556616137,0.4161795526994427,0.3982311878405341,329.2630123504799,325.6579823110123,3.605030039467635,3.358508419919825,True,0.998000799680128,0.9473684210526316,0.7333360853693502,1.357893135433425,11.470090340707111,12.204990140141277,16.617317188706952,1.0,True,0.9473684210526316,12.204990140141277,16.617317188706952,2.3220727375035306,3.1669138586738415,1.357893135433425,1.52728167722003,1.1466278537236878,1.0916736917061431,0.946957190120768,0.6491746546276085,2.442103865187535,3.605030039467635,2.0751031343915702,Spiral,2,evaluation,0.03,0.0341880341880341,fixed_stride_5,0.0003125,,,,
SpiralScanPath_2,physics mean + space-time,3.6109129986233175e-06,12.422901570529978,3.4305133895116966,0.1702227206133784,2,234,7,294.77953556616137,0.4328218161709002,0.4160731819135148,329.2630123504799,325.5812004646095,3.681811885870445,3.326156284286689,True,0.9984006397441024,0.9473684210526316,0.7296532895045565,1.4139664120087234,11.367742071041286,12.02989390872994,16.31025846409549,1.0,True,0.9473684210526316,12.02989390872994,16.31025846409549,2.399353158626245,3.330502069519912,1.4139664120087234,1.7157916208948756,1.1836107862224514,1.2727278164796534,0.9631086003467232,0.7565717100278457,2.450455554206048,3.681811885870445,2.093182802933569,Spiral,2,evaluation,0.03,0.0299145299145299,fixed_stride_5,0.0003125,,,,
SpiralScanPath_2,physics mean + advective space-time,3.6109129986233175e-06,12.422901570529978,3.4305133895116966,0.1702227206133784,2,234,7,294.77953556616137,0.4223022461826069,0.409074441933589,329.2630123504799,325.636787659335,3.6262246911448983,3.3051759369934373,True,0.998000799680128,0.9342105263157896,0.7153479790636708,1.3913204949367657,11.148684180440137,11.696652064076511,17.077669856153086,1.0,True,0.9342105263157896,11.696652064076511,17.077669856153086,2.5606689416905537,3.5713647853257138,1.3913204949367657,1.5369913339381214,1.1446152699547845,1.0835968135140497,0.930050006127916,0.6474848701586442,2.205082871890301,3.6262246911448983,1.9337908550264689,Spiral,2,evaluation,0.03,0.0299145299145299,fixed_stride_5,0.0003125,,,,
SpiralScanPath_3,physics mean + RBF,3.6109129986233175e-06,0.0,3.4305133895116966,0.1702227206133784,1,117,3,295.09034972544174,0.3834951173933931,0.3770795422386531,333.2341053416775,339.7593938696871,6.5252885280095825,3.292627719934295,True,0.998000799680128,0.9473684210526316,0.7340513260529472,1.3758440251405963,11.462290909923222,11.847413625271026,18.145840087984418,1.0,True,0.9473684210526316,11.847413625271026,18.145840087984418,2.5445057318874413,3.3757817717461,1.3758440251405963,1.5003330955511072,1.1416212647016717,1.0228969466273974,0.9480084618570672,0.6248412585602939,4.905407244235295,6.5252885280095825,4.9054072442352785,Spiral,3,evaluation,0.03,0.0256410256410256,fixed_stride_5,0.0003125,,,,
SpiralScanPath_3,physics mean + space-time,3.6109129986233175e-06,12.422901570529978,3.4305133895116966,0.1702227206133784,2,234,8,295.09034972544174,0.3991561895247524,0.3935691935344713,333.2341053416775,339.76521169012426,6.5311063484467695,3.256038818841867,False,0.998000799680128,0.9342105263157896,0.7308507416202744,1.44446341937074,11.368055503034,11.850544281658642,18.338652575454415,1.0,False,0.9342105263157896,11.850544281658642,18.338652575454415,2.5770132282673823,3.5199132469312464,1.44446341937074,1.701248647868791,1.1852913157557825,1.221740116582661,0.9744747926301868,0.7998173751945614,4.86884896635125,6.5311063484467695,4.868848966351258,Spiral,3,evaluation,0.03,0.0341880341880341,fixed_stride_5,0.0003125,,,,
SpiralScanPath_3,physics mean + advective space-time,3.6109129986233175e-06,12.422901570529978,3.4305133895116966,0.1702227206133784,2,234,8,295.09034972544174,0.4006417932477657,0.3776483508151257,333.2341053416775,339.76599161018515,6.531886268507662,3.202557204373906,False,0.9972011195521792,0.9210526315789472,0.7132322663891434,1.3632360547190463,11.071923753631838,11.530819846610552,18.5736962280084,1.0,False,0.9210526315789472,11.530819846610552,18.5736962280084,2.434036837783033,3.234331636669319,1.3632360547190463,1.5584542322327697,1.135497205252852,1.1201480956560934,0.9344939443196424,0.7216158079133927,4.799571212184374,6.531886268507662,4.79957121218445,Spiral,3,evaluation,0.03,0.0341880341880341,fixed_stride_5,0.0003125,,,,
SpiralScanPath_4,physics mean + RBF,3.6109129986233175e-06,0.0,3.4305133895116966,0.1702227206133784,1,117,2,295.3171456785458,0.3689124436218512,0.3820809181576028,330.1270426836271,325.7404499578938,4.386592725733294,3.358508432326943,True,0.998000799680128,0.9342105263157896,0.7306153992329371,1.370382302244139,11.452163458849748,11.986856950342984,16.348654087676994,1.0,True,0.9342105263157896,11.986856950342984,16.348654087676994,2.4538778987034493,3.4776101759260447,1.370382302244139,1.585340821572703,1.1023502992960277,1.0363430122164188,0.9178002535782688,0.567360262216205,2.587740282068617,4.386592725733294,2.0190867440820903,Spiral,4,evaluation,0.03,0.017094017094017,fixed_stride_5,0.0003125,,,,
SpiralScanPath_4,physics mean + space-time,3.6109129986233175e-06,12.422901570529978,3.4305133895116966,0.1702227206133784,2,234,6,295.3171456785458,0.375909426230352,0.386392398209771,330.1270426836271,325.72345410329615,4.403588580330961,3.326160660105118,True,0.9984006397441024,0.9473684210526316,0.7265704877530986,1.3994618529887266,11.36615891550602,12.039148827971989,16.669761667952635,1.0,True,0.9473684210526316,12.039148827971989,16.669761667952635,2.51414566868073,3.4980885435043376,1.3994618529887266,1.6150333635671943,1.126698832635628,1.12341435913889,0.9334073416755768,0.6510841129073875,2.6420236869552296,4.403588580330961,2.1544518845123024,Spiral,4,evaluation,0.03,0.0256410256410256,fixed_stride_5,0.0003125,,,,
SpiralScanPath_4,physics mean + advective space-time,3.6109129986233175e-06,12.422901570529978,3.4305133895116966,0.1702227206133784,2,234,6,295.3171456785458,0.4140897378458892,0.3957455485529603,330.1270426836271,325.6394278851152,4.487614798511913,3.2803166747774855,True,0.9976009596161536,0.9210526315789472,0.7149424716717154,1.4129979771847374,11.079591841451164,11.657529385576089,18.718340883652004,1.0,True,0.9210526315789472,11.657529385576089,18.718340883652004,2.585100556201916,3.605149628827258,1.4129979771847374,1.6988710372376143,1.1365202825645988,1.174425029522345,0.9507611202960858,0.7869411897141372,2.8577937336099666,4.487614798511913,1.997467095236263,Spiral,4,evaluation,0.03,0.0256410256410256,fixed_stride_5,0.0003125,,,,
SpiralScanPath_5,physics mean + RBF,3.6109129986233175e-06,0.0,3.4305133895116966,0.1702227206133784,1,117,4,295.5160834229293,0.3834762257386217,0.388808822578644,326.14461910118706,333.60081797510924,7.456198873922176,3.292627719934295,False,0.9976009596161536,0.9210526315789472,0.7363351707762764,1.4455644545666329,11.477603923589225,12.159398086020024,17.45798921991013,1.0,False,0.9210526315789472,12.159398086020024,17.45798921991013,2.6294461488558016,3.7343236545308094,1.4455644545666329,1.7235439601947282,1.1882968407846957,1.2444362313126882,0.9744564757822236,0.7194826441929342,5.478953249476203,7.456198873922176,5.478953249476224,Spiral,5,evaluation,0.03,0.0341880341880341,fixed_stride_5,0.0003125,,,,
SpiralScanPath_5,physics mean + space-time,3.6109129986233175e-06,12.422901570529978,3.4305133895116966,0.1702227206133784,2,234,8,295.5160834229293,0.4053012211283493,0.4026575917905631,326.14461910118706,333.6302897066757,7.485670605488622,3.256039485922511,False,0.9976009596161536,0.9210526315789472,0.7362076865784359,1.5398148943427696,11.384017887818592,12.019082205885844,19.14252717048333,1.0,False,0.9210526315789472,12.019082205885844,19.14252717048333,2.772569459518036,3.843263252279052,1.5398148943427696,1.9280256783730856,1.267665896011786,1.448159315892535,1.016900207790737,0.8856337836723193,5.466361437720236,7.485670605488622,5.466361437720198,Spiral,5,evaluation,0.03,0.0341880341880341,fixed_stride_5,0.0003125,,,,
SpiralScanPath_5,physics mean + advective space-time,3.6109129986233175e-06,12.422901570529978,3.4305133895116966,0.1702227206133784,2,234,8,295.5160834229293,0.3992237000593487,0.384393483187244,326.14461910118706,333.60464569084013,7.460026589653069,3.213953628424139,False,0.9972011195521792,0.9210526315789472,0.715957395210414,1.425650623632916,11.074924128994024,11.595817035837053,18.282149176223243,1.0,False,0.9210526315789472,11.595817035837053,18.282149176223243,2.5723374582398497,3.637865190743611,1.425650623632916,1.7294101106974684,1.1761424958225788,1.2755911231954782,0.961330514956346,0.8065938652914149,6.059337743992952,7.460026589653069,6.059337743992924,Spiral,5,evaluation,0.03,0.0341880341880341,fixed_stride_5,0.0003125,,,,
SpiralScanPath_6,physics mean + RBF,3.6109129986233175e-06,0.0,3.4305133895116966,0.1702227206133784,1,117,2,295.69040467376334,0.3507195472635577,0.3704821840655014,332.8537813167321,339.5798560492037,6.726074732471602,3.292627719934295,False,0.9976009596161536,0.9210526315789472,0.7344087676579547,1.4307533417284126,11.4588744873156,12.101025249673956,18.278996648132832,1.0,False,0.9210526315789472,12.101025249673956,18.278996648132832,2.6545589444768516,3.64500776928984,1.4307533417284126,1.6477715254075491,1.1441360699589815,1.0672084408946791,0.9376156222478336,0.5719553854939232,5.114921241529457,6.726074732471602,5.114921241529441,Spiral,6,evaluation,0.03,0.017094017094017,fixed_stride_5,0.0003125,,,,
SpiralScanPath_6,physics mean + space-time,3.6109129986233175e-06,12.422901570529978,3.4305133895116966,0.1702227206133784,2,234,6,295.69040467376334,0.3638725163356571,0.3808874405817812,332.8537813167321,339.5448188968702,6.691037580138072,3.256038900552398,False,0.998000799680128,0.9342105263157896,0.7307037219805386,1.4848631528306102,11.366272711166346,12.040859962913595,17.613454825838037,1.0,False,0.9342105263157896,12.040859962913595,17.613454825838037,2.6436869992532093,3.7455527188802344,1.4848631528306102,1.7772979974274048,1.178990028743113,1.2329106388178863,0.9556739267624128,0.7153133776599979,4.6288607898345235,6.691037580138072,4.628860789834551,Spiral,6,evaluation,0.03,0.0256410256410256,fixed_stride_5,0.0003125,,,,
SpiralScanPath_6,physics mean + advective space-time,3.6109129986233175e-06,12.422901570529978,3.4305133895116966,0.1702227206133784,2,234,6,295.69040467376334,0.3807875206623482,0.3755270124602373,332.8537813167321,339.58317281688943,6.7293915001573055,3.2209003384216244,False,0.9972011195521792,0.9078947368421052,0.7157770103394945,1.456941757899277,11.057998641768332,11.63093638737323,19.48818762663963,1.0,False,0.9078947368421052,11.63093638737323,19.48818762663963,2.6436897012219003,3.614861906101676,1.456941757899277,1.7387518233274448,1.1542801549932014,1.174122102156983,0.9445844601204152,0.7501943696660653,4.941116618379188,6.7293915001573055,4.941116618379175,Spiral,6,evaluation,0.03,0.0256410256410256,fixed_stride_5,0.0003125,,,,
SpiralScanPath_7,physics mean + RBF,3.6109129986233175e-06,0.0,3.4305133895116966,0.1702227206133784,1,117,3,295.8140795498944,0.3448363504960954,0.3597198567641282,334.45555342383483,332.91995577154705,1.5355976522877768,3.358508408927383,True,0.9984006397441024,0.9473684210526316,0.7356967412597527,1.3786599297516522,11.446460100874551,12.044675969285231,15.591869501946803,1.0,True,0.9473684210526316,12.044675969285231,15.591869501946803,2.4364113506903973,3.4526137373186714,1.3786599297516522,1.6347875792404447,1.1292146560999912,1.1474821568877946,0.9412636372521396,0.6502020065972532,1.024206376524809,1.5355976522877768,1.024206376524713,Spiral,7,evaluation,0.03,0.0256410256410256,fixed_stride_5,0.0003125,,,,
SpiralScanPath_7,physics mean + space-time,3.6109129986233175e-06,12.422901570529978,3.4305133895116966,0.1702227206133784,2,234,7,295.8140795498944,0.3579911822798451,0.3686143140416221,334.45555342383483,332.90916748793074,1.546385935904084,3.3261544526925775,True,0.9976009596161536,0.9342105263157896,0.7312383577037068,1.4102826696181825,11.34703442115908,12.014616906259567,17.219017985396025,1.0,True,0.9342105263157896,12.014616906259567,17.219017985396025,2.5065725774846563,3.5802732939851714,1.4102826696181825,1.7043188782506251,1.163243382726711,1.2532523128197812,0.9581510011102362,0.7560008791631398,0.8651748049806895,1.546385935904084,0.8651748049806816,Spiral,7,evaluation,0.03,0.0299145299145299,fixed_stride_5,0.0003125,,,,
SpiralScanPath_7,physics mean + advective space-time,3.6109129986233175e-06,12.422901570529978,3.4305133895116966,0.1702227206133784,2,234,7,295.8140795498944,0.363746226934302,0.3654514776908265,334.45555342383483,332.94136416684586,1.5141892569889706,3.276184200085688,True,0.9984006397441024,0.9473684210526316,0.7147117874622871,1.388952261369121,11.06001858782094,11.55361962833748,17.758308056620738,1.0,True,0.9473684210526316,11.55361962833748,17.758308056620738,2.525101980563192,3.5877377846867353,1.388952261369121,1.6724382541448932,1.1222445660094322,1.1517620031863185,0.9241251594520038,0.6980878925020975,1.2420880798213436,1.5141892569889706,1.2420880798213003,Spiral,7,evaluation,0.03,0.0299145299145299,fixed_stride_5,0.0003125,,,,
SpiralScanPath_8,physics mean + RBF,3.6109129986233175e-06,0.0,3.4305133895116966,0.1702227206133784,1,117,3,295.9806504909343,0.3437307880403631,0.3588541346277117,332.0671634791022,328.1147974671204,3.952366011981781,3.358508432164461,True,0.998000799680128,0.9342105263157896,0.7365347193437439,1.4073957854857184,11.466104925879266,12.220515644456247,16.754168032505515,1.0,True,0.9342105263157896,12.220515644456247,16.754168032505515,2.464140723794051,3.449685798302351,1.4073957854857184,1.6665466180224349,1.1620702445804174,1.196041440846193,0.9565282085417096,0.6702995693625442,2.183847176337208,3.952366011981781,2.059658385022753,Spiral,8,evaluation,0.03,0.0256410256410256,fixed_stride_5,0.0003125,,,,
SpiralScanPath_8,physics mean + space-time,3.6109129986233175e-06,12.422901570529978,3.4305133895116966,0.1702227206133784,2,234,6,295.9806504909343,0.3721113440385309,0.378475022726953,332.0671634791022,328.11397266695553,3.9531908121466586,3.326153759450193,True,0.9968012794882048,0.9078947368421052,0.7346376162482308,1.484506165808983,11.36168427314218,11.95619829369393,17.623328699702764,1.0,True,0.9078947368421052,11.95619829369393,17.623328699702764,2.6071651915888716,3.715564411633314,1.484506165808983,1.8285159038103505,1.239077455382761,1.3962023097916774,0.9938745568346152,0.8158779774175493,2.9205507009274077,3.9531908121466586,2.8625496408225697,Spiral,8,evaluation,0.03,0.0256410256410256,fixed_stride_5,0.0003125,,,,
SpiralScanPath_8,physics mean + advective space-time,3.6109129986233175e-06,12.422901570529978,3.4305133895116966,0.1702227206133784,2,234,6,295.9806504909343,0.3731759684686725,0.3775715401009734,332.0671634791022,328.0176853655318,4.0494781135703874,3.258135348842679,True,0.9972011195521792,0.9078947368421052,0.7169944585092957,1.4549719933947258,11.053640695577435,11.498853098685052,17.72649155780596,1.0,True,0.9078947368421052,11.498853098685052,17.72649155780596,2.6250514885728795,3.7389183292823063,1.4549719933947258,1.8163576420910552,1.1994142828628005,1.3185755715447849,0.9635408282441442,0.800254590728102,2.5320112286126983,4.0494781135703874,2.3706996180213284,Spiral,8,evaluation,0.03,0.0256410256410256,fixed_stride_5,0.0003125,,,,
SpiralScanPath_9,physics mean + RBF,3.6109129986233175e-06,0.0,3.4305133895116966,0.1702227206133784,1,117,2,296.12811830237854,0.3317237032157805,0.3630462349045613,329.66153916113313,328.31271970346853,1.3488194576646038,3.3585084147030733,True,0.9976009596161536,0.9210526315789472,0.7325227233265763,1.4251508214941038,11.435328728298222,12.106011238248197,17.814376680396464,1.0,True,0.9210526315789472,12.106011238248197,17.814376680396464,2.5980308912003043,3.699250076380366,1.4251508214941038,1.6346845831050176,1.1411034202118062,1.0430958843999978,0.9322178128619087,0.5542125336748067,4.527124456710763,6.17525522883966,0.8049318251898305,Spiral,9,evaluation,0.03,0.017094017094017,fixed_stride_5,0.0003125,,,,
SpiralScanPath_9,physics mean + space-time,3.6109129986233175e-06,12.422901570529978,3.4305133895116966,0.1702227206133784,2,234,4,296.12811830237854,0.3402880949126777,0.3725215653641158,329.66153916113313,328.34317588039147,1.3183632807416643,3.3261519442281293,True,0.9976009596161536,0.9210526315789472,0.7280246009890335,1.4625359355199474,11.338590529097951,11.8160163335888,16.463090178477863,1.0,True,0.9210526315789472,11.8160163335888,16.463090178477863,2.644906401128187,3.800258611775473,1.4625359355199474,1.7427344042211568,1.1567709635510866,1.1324419598465283,0.939388657329795,0.6156762499508021,4.085641549465136,6.145777040077519,0.8654307754628792,Spiral,9,evaluation,0.03,0.017094017094017,fixed_stride_5,0.0003125,,,,
SpiralScanPath_9,physics mean + advective space-time,3.6109129986233175e-06,12.422901570529978,3.4305133895116966,0.1702227206133784,2,234,4,296.12811830237854,0.3401662439273453,0.3630881643785035,329.66153916113313,328.327440354756,1.334098806377142,3.230111179014623,False,0.9972011195521792,0.9078947368421052,0.7103443943595339,1.4342245208724762,11.033091409252036,11.71007571419849,18.283222468206493,1.0,False,0.9078947368421052,11.71007571419849,18.283222468206493,2.651790805819706,3.62257132156833,1.4342245208724762,1.6877531212088697,1.128702475742542,1.0880491221407247,0.9181608424345692,0.6440468344612397,4.5309749531785855,6.167459135232377,0.8864607251632239,Spiral,9,evaluation,0.03,0.017094017094017,fixed_stride_5,0.0003125,,,,
SpiralScanPath_10,physics mean + RBF,3.6109129986233175e-06,0.0,3.4305133895116966,0.1702227206133784,1,117,3,296.24464913741537,0.3351079994981075,0.361225181958511,327.4312034644041,333.610463944718,6.1792604803138715,3.3585084124261604,False,0.9968012794882048,0.9078947368421052,0.7372203668496319,1.4650941663203143,11.46365876389923,12.13641304756101,18.991471980029424,1.0,False,0.9078947368421052,12.13641304756101,18.991471980029424,2.697054252119808,3.655413597733048,1.4650941663203143,1.6844100083996,1.2018906049357294,1.207807108490399,0.9636980150117622,0.6687739917513911,6.02502552443871,7.962036716745501,4.603649642807552,Spiral,10,evaluation,0.03,0.0256410256410256,fixed_stride_5,0.0003125,,,,
SpiralScanPath_10,physics mean + space-time,3.6109129986233175e-06,12.422901570529978,3.4305133895116966,0.1702227206133784,2,234,5,296.24464913741537,0.3440788790069489,0.3707499532955127,327.4312034644041,333.59414361419516,6.162940149791041,3.326155430182666,False,0.998000799680128,0.9342105263157896,0.7320937903556474,1.4894109964309,11.361569103318493,12.051494640518024,18.741109619008704,1.0,False,0.9342105263157896,12.051494640518024,18.741109619008704,2.769683019915521,3.859912390718123,1.4894109964309,1.754845270838322,1.2159860881620153,1.2668936157007973,0.9772254269179192,0.7055595212514156,6.244145437818847,7.977836397230192,4.6909469686145115,Spiral,10,evaluation,0.03,0.0213675213675213,fixed_stride_5,0.0003125,,,,
SpiralScanPath_10,physics mean + advective space-time,3.6109129986233175e-06,12.422901570529978,3.4305133895116966,0.1702227206133784,2,234,5,296.24464913741537,0.3465295183777363,0.3709416810557902,327.4312034644041,333.62644357102283,6.195240106618712,3.206330223831774,False,0.9972011195521792,0.9078947368421052,0.7133347835328153,1.469017946611611,11.04951778258871,11.534174834516788,19.204621729147497,1.0,False,0.9078947368421052,11.534174834516788,19.204621729147497,2.760262105426579,3.823878485277585,1.469017946611611,1.7416838102909395,1.1849209750133605,1.2135689700530232,0.9533020536457404,0.7493883529627403,6.38641963579964,8.0614021846024,4.432413732269422,Spiral,10,evaluation,0.03,0.0213675213675213,fixed_stride_5,0.0003125,,,,
SpiralScanPath_11,physics mean + RBF,3.6109129986233175e-06,0.0,3.4305133895116966,0.1702227206133784,1,117,2,296.3525026623504,0.3212433611662156,0.3564369929489078,330.9114233717931,337.88013705112627,6.968713679333177,3.292627719934295,False,0.9976009596161536,0.9210526315789472,0.734750010033754,1.4764755125523514,11.483643179915568,12.165679550311127,18.385285936282923,1.0,False,0.9210526315789472,12.165679550311127,18.385285936282923,2.669977837957998,3.640897706309405,1.4764755125523514,1.6989962284790068,1.17987156935779,1.111921161092548,0.9558485936912496,0.6244052876980336,5.075033757000513,6.968713679333177,5.075033757000435,Spiral,11,evaluation,0.03,0.017094017094017,fixed_stride_5,0.0003125,,,,
SpiralScanPath_11,physics mean + space-time,3.6109129986233175e-06,12.422901570529978,3.4305133895116966,0.1702227206133784,2,234,4,296.3525026623504,0.3250044899158936,0.3601554241203263,330.9114233717931,337.97099260567086,7.059569233877767,3.25603864103665,False,0.9976009596161536,0.9210526315789472,0.7284141365984071,1.4740454803736602,11.363759146784302,11.994411453725856,18.8358094199292,1.0,False,0.9210526315789472,11.994411453725856,18.8358094199292,2.6946798596708317,3.76378433120356,1.4740454803736602,1.7359764731246103,1.184773380768264,1.1634703507306103,0.9584635901734953,0.6593087744633974,5.287901140095214,7.059569233877767,5.287901140095185,Spiral,11,evaluation,0.03,0.017094017094017,fixed_stride_5,0.0003125,,,,
SpiralScanPath_11,physics mean + advective space-time,3.6109129986233175e-06,12.422901570529978,3.4305133895116966,0.1702227206133784,2,234,4,296.3525026623504,0.3273076535223818,0.3532126337672447,330.9114233717931,337.8315269476552,6.920103575862129,3.2224567887954896,True,0.9976009596161536,0.9210526315789472,0.7104500443789703,1.432852783861221,11.061445246348503,11.622170595281606,19.286162103655226,1.0,True,0.9210526315789472,11.622170595281606,19.286162103655226,2.6348146744178105,3.6078709500174857,1.432852783861221,1.6484441730245458,1.140069794213899,1.0845446986211051,0.9234442482503158,0.6552034060154508,5.180134788700985,6.920103575862129,5.180134788700945,Spiral,11,evaluation,0.03,0.017094017094017,fixed_stride_5,0.0003125,,,,
SpiralScanPath_12,physics mean + RBF,3.6109129986233175e-06,0.0,3.4305133895116966,0.1702227206133784,1,117,3,296.4285472031083,0.3204650805377861,0.3488787253912323,334.51052576547374,340.88503362337093,6.374507857897186,3.292627719934295,True,0.9984006397441024,0.9473684210526316,0.733181466519683,1.4410082577848131,11.453575945703518,12.15650527262138,17.65022415423435,1.0,True,0.9473684210526316,12.15650527262138,17.65022415423435,2.6144681053453502,3.686657559685286,1.4410082577848131,1.6826608558714178,1.18258892307148,1.225663073430231,0.9609402993397616,0.6873863807987318,4.249696720036939,6.374507857897186,4.249696720036883,Spiral,12,evaluation,0.03,0.0256410256410256,fixed_stride_5,0.0003125,,,,
SpiralScanPath_12,physics mean + space-time,3.6109129986233175e-06,12.422901570529978,3.4305133895116966,0.1702227206133784,2,234,5,296.4285472031083,0.3357606653046682,0.3580891288888472,334.51052576547374,340.8256124396136,6.315086674139877,3.2560387515601725,False,0.9976009596161536,0.9342105263157896,0.7310162850018694,1.490046116522638,11.359329735181426,11.965170844088414,18.976185892757407,1.0,False,0.9342105263157896,11.965170844088414,18.976185892757407,2.699396704908428,3.820531411632067,1.490046116522638,1.781980979042653,1.2417137755208878,1.3625941095893177,0.9936597036047354,0.7714697599502189,3.835562268691539,6.315086674139877,3.835562268691561,Spiral,12,evaluation,0.03,0.0213675213675213,fixed_stride_5,0.0003125,,,,
SpiralScanPath_12,physics mean + advective space-time,3.6109129986233175e-06,12.422901570529978,3.4305133895116966,0.1702227206133784,2,234,5,296.4285472031083,0.3302217124696502,0.3511993707554163,334.51052576547374,340.8608271127544,6.350301347280663,3.2224893306474187,True,0.9984006397441024,0.9473684210526316,0.7103963791367993,1.4182580521625074,11.043866425395253,11.630649005075774,18.580913533235435,1.0,True,0.9473684210526316,11.630649005075774,18.580913533235435,2.61527485970598,3.6940678854953566,1.4182580521625074,1.7092439064220255,1.1620430172100538,1.2273678408493778,0.9415164244914108,0.7585241039726552,4.488873415191891,6.350301347280663,4.48887341519192,Spiral,12,evaluation,0.03,0.0213675213675213,fixed_stride_5,0.0003125,,,,
SpiralScanPath_13,physics mean + RBF,3.6109129986233175e-06,0.0,3.4305133895116966,0.1702227206133784,1,117,2,296.4901280292387,0.3068313750206295,0.3454243749357367,335.7083806056465,334.4406225585519,1.26775804709456,3.358508407575534,True,0.9976009596161536,0.9210526315789472,0.7327972199084822,1.419846343817092,11.43892966643519,11.955993164859436,16.939192163487814,1.0,True,0.9210526315789472,11.955993164859436,16.939192163487814,2.5253933654606735,3.542227844876882,1.419846343817092,1.7003767718044347,1.1447583905606595,1.105488933423286,0.9370352262442724,0.5985511548266935,0.9698607578998504,1.26775804709456,0.9698607578998576,Spiral,13,calibration,0.03,0.017094017094017,fixed_stride_5,0.0003125,,,,
SpiralScanPath_13,physics mean + space-time,3.6109129986233175e-06,12.422901570529978,3.4305133895116966,0.1702227206133784,2,234,4,296.4901280292387,0.3044110700047724,0.3427238847035298,335.7083806056465,334.4160018002242,1.2923788054222882,3.3261540078516187,True,0.998000799680128,0.9342105263157896,0.727162964212442,1.4343357511987065,11.34249270569673,11.800893346421214,16.97757196224133,1.0,True,0.9342105263157896,11.800893346421214,16.97757196224133,2.54034176450142,3.503624560914329,1.4343357511987065,1.6648671551046157,1.1562814748138868,1.1089067566351407,0.9432148874395292,0.6037821913700515,1.036303584167961,1.2923788054222882,1.0363035841679318,Spiral,13,calibration,0.03,0.017094017094017,fixed_stride_5,0.0003125,,,,
SpiralScanPath_13,physics mean + advective space-time,3.6109129986233175e-06,12.422901570529978,3.4305133895116966,0.1702227206133784,2,234,4,296.4901280292387,0.312670692734476,0.3398927533623219,335.7083806056465,334.41954539086487,1.2888352147816136,3.2634440364075172,True,0.998000799680128,0.9342105263157896,0.711816919981854,1.4027496508422213,11.04957543932502,11.671860343853178,18.348869168688267,1.0,True,0.9342105263157896,11.671860343853178,18.348869168688267,2.522353488786238,3.502519855909926,1.4027496508422213,1.6534764507788275,1.1280793044118804,1.071930842442539,0.9233142120106907,0.6390655330470989,0.9312913547504142,1.2888352147816136,0.931291354750363,Spiral,13,calibration,0.03,0.017094017094017,fixed_stride_5,0.0003125,,,,
