trajectory,method,diffusivity_m2_s,cooling_rate_1_s,signal_sd_K,source_coupling,n_frames,n_observations,n_saturated,threshold_K,excess_field_rel_l2,hot_region_rel_l2,peak_true_K,peak_predicted_K,peak_absolute_error_K,posterior_sd_at_true_peak_K,true_peak_in_95,pointwise_95_coverage,hot_region_95_coverage,mean_crps_K,hot_region_crps_K,mean_95_interval_width_K,hot_region_95_interval_width_K,hot_region_interval_score_K,interval_calibration_scale,calibrated_true_peak_in_95,calibrated_hot_region_95_coverage,calibrated_hot_region_95_interval_width_K,calibrated_hot_region_interval_score_K,fixed_top_01_crps_K,fixed_top_01_mae_K,fixed_top_03_crps_K,fixed_top_03_mae_K,fixed_top_05_crps_K,fixed_top_05_mae_K,fixed_top_10_crps_K,fixed_top_10_mae_K,true_peak_location_crps_K,true_peak_location_mae_K,field_maximum_crps_K,forcing_multiplier,forcing_marginal_variance_K2
DiagonalScanPath_8,diffusive stochastic forecast,3.6109129986233175e-06,12.422901570529978,3.4305133895116966,0.17022272061337845,2,117,2,296.12149833303096,0.37163367003392933,0.374204092591178,336.214847986714,342.6425433083092,6.427695321595195,0.6439175848062055,False,0.9904038384646141,0.7236842105263158,0.18456080085988402,1.4951246928661737,1.8403765717793588,2.9384456629024527,38.43822716268953,1.0,False,0.7236842105263158,2.9384456629024527,38.43822716268953,3.654247221980463,4.1077677734345635,1.4951246928661737,1.7527659972639185,0.9952669664514383,1.181427296462927,0.5819326008905471,0.7005442848717455,6.073124159732745,6.427695321595195,6.073124159732734,0.5,0.25819952199733276
DiagonalScanPath_8,diffusive stochastic forecast,3.6109129986233175e-06,12.422901570529978,3.4305133895116966,0.17022272061337845,2,117,2,296.12149833303096,0.3701928297177266,0.3707101273494835,336.214847986714,342.6263931772561,6.4115451905420855,0.8198689136667321,False,0.9944022391043582,0.8157894736842105,0.21911227183075327,1.456418952461764,2.5241303570976514,3.510869654040457,36.13090898038636,1.0,False,0.8157894736842105,3.510869654040457,36.13090898038636,3.512122600435871,4.00782056942291,1.456418952461764,1.724843708225072,0.9852192901707648,1.1685325377237807,0.5927060264301878,0.6959773726269212,5.959741092187023,6.4115451905420855,5.959741092186986,1.0,0.5163990439946655
DiagonalScanPath_8,diffusive stochastic forecast,3.6109129986233175e-06,12.422901570529978,3.4305133895116966,0.17022272061337845,2,117,2,296.12149833303096,0.3694194810374424,0.3677169335535467,336.214847986714,342.61312971085516,6.398281724141157,1.0890498047871247,False,0.9948020791683326,0.8289473684210527,0.27046661638173874,1.4241417995772538,3.4783427623177876,4.440747057032099,33.42907441843297,1.0,False,0.8289473684210527,4.440747057032099,33.42907441843297,3.3431480338367714,3.9055590554429043,1.4241417995772538,1.7086441069084686,0.990599195101638,1.1656559307031906,0.6178957605216225,0.6961291487314462,5.8608510991041936,6.398281724141157,5.8608510991042735,2.0,1.032798087989331
DiagonalScanPath_8,diffusive stochastic forecast,3.6109129986233175e-06,12.422901570529978,3.4305133895116966,0.17022272061337845,2,117,2,296.12149833303096,0.36821834551606386,0.36473174888203946,336.214847986714,342.60889617210586,6.394048185391853,1.4870025193881513,False,0.9956017592962815,0.8552631578947368,0.34638798023856765,1.3801797325974154,4.823006674318186,5.677851910220482,29.762015973171646,1.0,False,0.8552631578947368,5.677851910220482,29.762015973171646,3.1302852973631357,3.7891521167334474,1.3801797325974154,1.6822606931915247,0.987860465250379,1.1545896584883608,0.65496951451765,0.6916829425406623,5.663089793435411,6.394048185391853,5.663089793435364,4.0,2.065596175978662
DiagonalScanPath_8,diffusive stochastic forecast,3.6109129986233175e-06,12.422901570529978,3.4305133895116966,0.17022272061337845,2,117,2,296.12149833303096,0.36774763896720647,0.36246616486322014,336.214847986714,342.59893566901485,6.384087682300844,2.0648764763773064,False,0.9968012794882047,0.8947368421052632,0.45875990323543253,1.4136007417824474,6.735420030002878,7.598637845084325,25.72421139867351,1.0,False,0.8947368421052632,7.598637845084325,25.72421139867351,2.9657146851226517,3.6529062503896492,1.4136007417824474,1.69392544884462,1.0527261836102746,1.1782625981883916,0.746582992376812,0.7043447325977402,5.106295049310898,6.384087682300844,5.1062950493109245,8.0,4.131192351957324
DiagonalScanPath_8,diffusive stochastic forecast,3.6109129986233175e-06,12.422901570529978,3.4305133895116966,0.17022272061337845,2,117,2,296.12149833303096,0.3691093660627941,0.36219634402885315,336.214847986714,342.5988690239165,6.384021037202501,2.891923002965702,False,0.9968012794882047,0.8947368421052632,0.622859239093239,1.5028030819341704,9.439218778195976,10.316273159716127,22.119511743140368,1.0,False,0.8947368421052632,10.316273159716127,22.119511743140368,2.8872327608599586,3.559397378746212,1.5028030819341704,1.7472127535650552,1.1820469673510825,1.2316079528658355,0.8879674323487972,0.7316880851236998,5.267898104915617,6.384021037202501,5.26789810491558,16.0,8.262384703914648
DiagonalScanPath_8,diffusive stochastic forecast,3.6109129986233175e-06,12.422901570529978,3.4305133895116966,0.17022272061337845,2,117,2,296.12149833303096,0.37358469810374934,0.3662089508031097,336.214847986714,342.61447181537454,6.399623828660538,4.0696398978458435,True,0.9988004798080767,0.9605263157894737,0.8548468631048667,1.5907733983756664,13.292426376645814,14.188032387132449,20.41078631516499,1.0,True,0.9605263157894737,14.188032387132449,20.41078631516499,2.7814080463674253,3.6052091224411984,1.5907733983756664,1.7831857815584868,1.3229535795781007,1.266927711904694,1.0849173315683696,0.7497530082706838,4.799821728366101,6.399623828660538,4.7998217283661635,32.0,16.524769407829297
DiagonalScanPath_8,diffusive stochastic forecast,3.6109129986233175e-06,12.422901570529978,3.4305133895116966,0.17022272061337845,2,117,2,296.12149833303096,0.3864410425838902,0.37568463038703714,336.214847986714,342.6197946948385,6.404946708124498,5.740914036810044,True,0.9996001599360256,0.9868421052631579,1.1898510299197602,1.8780106769065226,18.748913701477708,20.036019958838732,20.679303293410058,1.0,True,0.9868421052631579,20.036019958838732,20.679303293410058,2.765284234011704,3.546539437452874,1.8780106769065226,1.972592128440909,1.6467312324745025,1.434760969786109,1.413473336218003,0.8343942715252574,3.587757415169984,6.404946708124498,3.5877574151699307,64.0,33.04953881565859
DiagonalScanPath_8,diffusive stochastic forecast,3.6109129986233175e-06,12.422901570529978,3.4305133895116966,0.17022272061337845,2,117,2,296.12149833303096,0.4202695369004633,0.4045993709047778,336.214847986714,342.6314844047741,6.4166364180600794,8.108601842662734,True,0.9996001599360256,0.9868421052631579,1.6659803992809357,2.2654488934280255,26.450033514472747,28.26669742541477,28.431607607222258,1.0,True,0.9868421052631579,28.26669742541477,28.431607607222258,2.8270443943087744,3.661904585589092,2.2654488934280255,2.2564496797716673,2.0854979908503575,1.6787888113997873,1.875281291479649,0.957400315159232,3.4189861074290544,6.4166364180600794,3.41898610742909,128.0,66.09907763131719
DiagonalScanPath_8,diffusive stochastic forecast,3.6109129986233175e-06,12.422901570529978,3.4305133895116966,0.17022272061337845,2,117,2,296.12149833303096,0.4802639750291011,0.4549562355918798,336.214847986714,342.6418406081344,6.426992621420368,11.46000201887892,True,0.9996001599360256,0.9868421052631579,2.341599195448682,3.00329548933905,37.365016656761384,39.78077131526341,40.18073021449441,1.0,True,0.9868421052631579,39.78077131526341,40.18073021449441,3.5313217782671873,3.759200960534514,3.00329548933905,2.5904341370949453,2.8283755115511187,1.985699514330232,2.5740928210667184,1.112178061952919,4.379834727473401,6.426992621420368,4.477881186368406,256.0,132.19815526263437
HorizontalScanPath_13,diffusive stochastic forecast,3.6109129986233175e-06,12.422901570529978,3.4305133895116966,0.17022272061337845,2,117,3,296.4959614680289,0.3866911546325278,0.4066901252135298,319.1296936365724,306.96078915601987,12.168904480552555,0.6148221973414824,False,0.991203518592563,0.7368421052631579,0.17707480893383154,1.2678304569550802,1.8339216973263825,2.7303101832840744,31.03426379799772,1.0,False,0.7368421052631579,2.7303101832840744,31.03426379799772,2.835692203287484,3.1913218208442995,1.2678304569550802,1.5335809868127992,0.8368849880582554,1.0204703371419879,0.5002965164246331,0.6113580729619964,11.777413060809188,12.168904480552555,11.77741306080924,0.5,0.25819952199733276
HorizontalScanPath_13,diffusive stochastic forecast,3.6109129986233175e-06,12.422901570529978,3.4305133895116966,0.17022272061337845,2,117,3,296.4959614680289,0.3880529657088493,0.40572890465881367,319.1296936365724,306.9616404293802,12.168053207192202,0.7965818655447591,False,0.9924030387844862,0.7631578947368421,0.21260879961305393,1.2655044868244785,2.519294225075668,3.3368828973472318,27.351673031781274,1.0,False,0.7631578947368421,3.3368828973472318,27.351673031781274,2.7119249522176365,3.1158590804719606,1.2655044868244785,1.562480566393651,0.8501536005695496,1.03795838205198,0.523584334157939,0.6208361311251963,11.772215162319295,12.168053207192202,11.772215162319334,1.0,0.5163990439946655
HorizontalScanPath_13,diffusive stochastic forecast,3.6109129986233175e-06,12.422901570529978,3.4305133895116966,0.17022272061337845,2,117,3,296.4959614680289,0.3915266869109549,0.4069225423271656,319.1296936365724,306.96007938128406,12.169614255288366,1.071433402898699,False,0.9940023990403839,0.8026315789473685,0.26546987322578025,1.2430763379032925,3.474711264707614,4.268854393072872,25.356505019604892,1.0,False,0.8026315789473685,4.268854393072872,25.356505019604892,2.6501965670076526,3.1296242055362464,1.2430763379032925,1.5799533829888481,0.8604672756383281,1.0521902411971868,0.5551183286347425,0.628776675868319,11.712265006288096,12.169614255288366,11.712265006288064,2.0,1.032798087989331
HorizontalScanPath_13,diffusive stochastic forecast,3.6109129986233175e-06,12.422901570529978,3.4305133895116966,0.17022272061337845,2,117,3,296.4959614680289,0.3964192587814827,0.40981868704352964,319.1296936365724,307.0048589495508,12.124834687021632,1.4750422579504936,False,0.9968012794882047,0.8947368421052632,0.34318709927672775,1.2600602372966325,4.826125573151452,5.556767872731894,21.84075215693009,1.0,False,0.8947368421052632,5.556767872731894,21.84075215693009,2.439918785822757,3.0075948527459127,1.2600602372966325,1.6717243767111878,0.9077213501417173,1.125272274792136,0.6141298398452077,0.6661020161002563,11.398410521800141,12.124834687021632,11.39841052180012,4.0,2.065596175978662
HorizontalScanPath_13,diffusive stochastic forecast,3.6109129986233175e-06,12.422901570529978,3.4305133895116966,0.17022272061337845,2,117,3,296.4959614680289,0.4027221456883239,0.41390403112728064,319.1296936365724,307.0093144265154,12.120379210057024,2.055511878913866,False,0.9976009596161536,0.9210526315789473,0.45579833350699633,1.274042489095494,6.750364985962463,7.599093460997107,20.18601612659557,1.0,False,0.9210526315789473,7.599093460997107,20.18601612659557,2.3507638146818133,3.0044497978347784,1.274042489095494,1.731583449840089,0.9743247107525281,1.1887088954453697,0.7050723693043771,0.6986202544194493,11.050624608549256,12.120379210057024,11.033272533109749,8.0,4.131192351957324
HorizontalScanPath_13,diffusive stochastic forecast,3.6109129986233175e-06,12.422901570529978,3.4305133895116966,0.17022272061337845,2,117,3,296.4959614680289,0.4136624976325626,0.425992395437224,319.1296936365724,307.01605251318176,12.113641123390664,2.88529418760279,False,0.998000799680128,0.9342105263157895,0.6206815271395698,1.399068279861296,9.474654024222193,10.512733320269431,18.522647601460857,1.0,False,0.9342105263157895,10.512733320269431,18.522647601460857,2.274585791181216,2.9389398755908256,1.399068279861296,1.8596326784601243,1.122894251935432,1.2859535080229434,0.864620889876271,0.7477520346846348,10.046770854348281,12.113641123390664,9.814731790860181,16.0,8.262384703914648
HorizontalScanPath_13,diffusive stochastic forecast,3.6109129986233175e-06,12.422901570529978,3.4305133895116966,0.17022272061337845,2,117,3,296.4959614680289,0.4282747731136874,0.4409136081438234,319.1296936365724,307.02116297515295,12.10853066141948,4.064776125062926,False,0.9984006397441023,0.9473684210526315,0.8555699926259198,1.551337199641928,13.322216755092853,14.242436888135046,17.36062463872604,1.0,False,0.9473684210526315,14.242436888135046,17.36062463872604,2.267283912708631,2.900674890225625,1.551337199641928,1.9724012660935655,1.322265744030881,1.393008006660539,1.0821642295760425,0.80240811244636,9.712112186003814,12.10853066141948,8.159443829793059,32.0,16.524769407829297
HorizontalScanPath_13,diffusive stochastic forecast,3.6109129986233175e-06,12.422901570529978,3.4305133895116966,0.17022272061337845,2,117,3,296.4959614680289,0.46356169520852636,0.4717526894283231,319.1296936365724,307.05766121967315,12.072032416899276,5.737701653267551,False,0.9996001599360256,0.9868421052631579,1.1928945785540814,1.8598405915771412,18.782919759460928,20.028949087802083,21.411448683176065,1.0,False,0.9868421052631579,20.028949087802083,21.411448683176065,2.384649335685008,2.768573937588063,1.8598405915771412,2.196559163976994,1.6776811378359437,1.6311294483001593,1.4272105170523692,0.9233174400974704,9.767073177948339,12.072032416899276,3.8301444594441336,64.0,33.04953881565859
HorizontalScanPath_13,diffusive stochastic forecast,3.6109129986233175e-06,12.422901570529978,3.4305133895116966,0.17022272061337845,2,117,3,296.4959614680289,0.5484931682301856,0.554162833891796,319.1296936365724,307.0891483264876,12.040545310084838,8.106700887433787,True,0.9996001599360256,0.9868421052631579,1.6743683754696266,2.372769066942138,26.50912271108875,28.446505369463054,28.565312197740283,1.0,True,0.9868421052631579,28.446505369463054,28.565312197740283,2.6304974322250585,2.665158587874478,2.372769066942138,2.6459703440144873,2.2284838793559065,2.0706438462062713,1.947569723101682,1.1485242946901253,7.9957104398105034,12.040545310084838,1.2444862004257597,128.0,66.09907763131719
HorizontalScanPath_13,diffusive stochastic forecast,3.6109129986233175e-06,12.422901570529978,3.4305133895116966,0.17022272061337845,2,117,3,296.4959614680289,0.6139194279398232,0.6230457516685982,319.1296936365724,307.10535030989763,12.024343326674796,11.458642849426317,True,0.9992003198720512,0.9736842105263158,2.3465740386147242,3.0364472314402056,37.41351270400169,40.27053083944851,40.46738354323818,1.0,True,0.9736842105263158,40.27053083944851,40.46738354323818,3.1992237701698913,2.629350016098709,3.0364472314402056,3.0004485297422256,2.9086076623486674,2.3749400893869073,2.6303563494518496,1.3036032546381775,7.404918292008536,12.024343326674796,10.850850545642775,256.0,132.19815526263437
SpiralScanPath_13,diffusive stochastic forecast,3.6109129986233175e-06,12.422901570529978,3.4305133895116966,0.17022272061337845,2,117,3,296.4901280292387,0.3108260408419834,0.3336992836983191,335.7083806056465,334.82780241812833,0.8805781875181538,0.5650165643046773,True,0.9904038384646141,0.6842105263157895,0.1757763616363308,1.2581115970558459,1.8163553105309276,2.164621660126424,36.502905095558695,1.0,True,0.6842105263157895,2.164621660126424,36.502905095558695,3.1784708894285387,3.4951126023874965,1.2581115970558459,1.4131839780317212,0.8216681156509636,0.9233007168460349,0.49025508643529264,0.5504332203461041,0.5456097552972176,0.8805781875181538,0.5456097552971721,0.5,0.25819952199733276
SpiralScanPath_13,diffusive stochastic forecast,3.6109129986233175e-06,12.422901570529978,3.4305133895116966,0.17022272061337845,2,117,3,296.4901280292387,0.31229328298819103,0.33368947509863445,335.7083806056465,334.8139538210066,0.8944267846399043,0.7530495969115549,True,0.991203518592563,0.7105263157894737,0.21133112953237418,1.2444662378649283,2.503728885363043,2.8564983255109277,33.05694028185482,1.0,True,0.7105263157894737,2.8564983255109277,33.05694028185482,3.091474511366829,3.495573299253043,1.2444662378649283,1.4133883516492205,0.8276400509878648,0.9235021885717954,0.5094166080870721,0.5523626719252271,0.5762539898826725,0.8944267846399043,0.5762539898826908,1.0,0.5163990439946655
SpiralScanPath_13,diffusive stochastic forecast,3.6109129986233175e-06,12.422901570529978,3.4305133895116966,0.17022272061337845,2,117,3,296.4901280292387,0.31137730853251583,0.33046088947101354,335.7083806056465,334.8066211224861,0.9017594831603901,1.0298424873981775,True,0.9936025589764095,0.7894736842105263,0.2625242659762708,1.2129525024895944,3.4626512578569493,3.8082323277681156,28.401836986277413,1.0,True,0.7894736842105263,3.8082323277681156,28.401836986277413,2.947773492496912,3.4418226294097476,1.2129525024895944,1.3951433237557624,0.8303548210711805,0.9152523674043231,0.5352685966674188,0.5497939862312569,0.5462016468947846,0.9017594831603901,0.5462016468947621,2.0,1.032798087989331
SpiralScanPath_13,diffusive stochastic forecast,3.6109129986233175e-06,12.422901570529978,3.4305133895116966,0.17022272061337845,2,117,3,296.4901280292387,0.3100203276600952,0.3266477992930284,335.7083806056465,334.8006587990551,0.9077218065913826,1.4301015831572053,True,0.995201919232307,0.8421052631578947,0.340815018865477,1.1775446181833973,4.812921625777,5.178995780516097,24.440280055603747,1.0,True,0.8421052631578947,5.178995780516097,24.440280055603747,2.71323741131634,3.3725603950536014,1.1775446181833973,1.380175921407063,0.849334798753129,0.9206909674411161,0.586070292988588,0.5539582265736901,0.44561900401893384,0.9077218065913826,0.4456190040189466,4.0,2.065596175978662
SpiralScanPath_13,diffusive stochastic forecast,3.6109129986233175e-06,12.422901570529978,3.4305133895116966,0.17022272061337845,2,117,3,296.4901280292387,0.30862815338204513,0.32090869787397386,335.7083806056465,334.79836748745765,0.9100131181888287,2.003232972334307,True,0.9968012794882047,0.8947368421052632,0.45354420644531634,1.1879423126489743,6.732644474769147,7.381212664640893,20.29754782344691,1.0,True,0.8947368421052632,7.381212664640893,20.29754782344691,2.478090933006539,3.2229594967307267,1.1879423126489743,1.4041978966482769,0.9107217705790037,0.9855066741628716,0.6734348137309794,0.591714444985884,0.7304494553019063,0.9100131181888287,0.7304494553019256,8.0,4.131192351957324
SpiralScanPath_13,diffusive stochastic forecast,3.6109129986233175e-06,12.422901570529978,3.4305133895116966,0.17022272061337845,2,117,3,296.4901280292387,0.31144932065459735,0.32061297640778347,335.7083806056465,334.79247546835904,0.9159051372874387,2.8191259732366105,True,0.9976009596161536,0.9210526315789473,0.6161615775438581,1.2582914465544044,9.449876125778857,10.112275592695106,17.532886574578008,1.0,True,0.9210526315789473,10.112275592695106,17.532886574578008,2.406960221048221,3.204318853963822,1.2582914465544044,1.4130698028304434,1.0362424991005634,1.0270053272700028,0.8228024179150564,0.6168849740377557,0.7542605441372356,0.9159051372874387,0.7542605441372427,16.0,8.262384703914648
SpiralScanPath_13,diffusive stochastic forecast,3.6109129986233175e-06,12.422901570529978,3.4305133895116966,0.17022272061337845,2,117,3,296.4901280292387,0.31833480883671056,0.317842352911651,335.7083806056465,334.7912080601097,0.9171725455368005,3.9769408786896308,True,0.9988004798080767,0.9605263157894737,0.8533787400425239,1.3838904200299453,13.322742050473025,14.304788143956575,16.77348128757688,1.0,True,0.9605263157894737,14.304788143956575,16.77348128757688,2.1884590265592596,2.9551004225477757,1.3838904200299453,1.4637222359770665,1.2356269565439386,1.1479942611935166,1.046808556591194,0.6899342660746006,0.9872342468440083,0.9171725455368005,0.9872342468439985,32.0,16.524769407829297
SpiralScanPath_13,diffusive stochastic forecast,3.6109129986233175e-06,12.422901570529978,3.4305133895116966,0.17022272061337845,2,117,3,296.4901280292387,0.329872076299909,0.3183515843900195,335.7083806056465,334.78849838846753,0.9198822171789516,5.617200051356845,True,0.9996001599360256,1.0,1.1874904137826736,1.6127559995026288,18.765540330870714,19.733418654998413,19.733418654998413,1.0,True,1.0,19.733418654998413,19.733418654998413,2.2516120890866715,2.942616629264021,1.6127559995026288,1.4758056176390255,1.5134214162903457,1.2264509144764584,1.35928823411248,0.7370695149320178,1.4423075911629173,0.9198822171789516,1.4423075911628822,64.0,33.04953881565859
SpiralScanPath_13,diffusive stochastic forecast,3.6109129986233175e-06,12.422901570529978,3.4305133895116966,0.17022272061337845,2,117,3,296.4901280292387,0.38728854532950063,0.338319364253099,335.7083806056465,334.78879897949327,0.9195816261532173,7.938927578414475,True,1.0,1.0,1.6679735236581787,2.06343970021087,26.506035634437072,28.21474964278705,28.21474964278705,1.0,True,1.0,28.21474964278705,28.21474964278705,2.4571212011943855,2.648467296144975,2.06343970021087,1.6529103121740463,2.0392006513035104,1.5574981212088084,1.872507197334941,0.9324226439376848,1.9360108869874795,0.9195816261532173,1.80051470120479,128.0,66.09907763131719
SpiralScanPath_13,diffusive stochastic forecast,3.6109129986233175e-06,12.422901570529978,3.4305133895116966,0.17022272061337845,2,117,3,296.4901280292387,0.4470045944461246,0.38984314960065247,335.7083806056465,334.7894102878498,0.9189703177966635,11.223803411900494,True,1.0,1.0,2.3466215773079298,2.8242332274100144,37.44746037977767,39.52832827095888,39.52832827095888,1.0,True,1.0,39.52832827095888,39.52832827095888,3.06441694198344,2.658444976810599,2.8242332274100144,1.9684656979532118,2.7892174204147815,1.8788577770310173,2.6149522313468094,1.1174702935182197,2.491822570548562,0.9189703177966635,2.114051025534984,256.0,132.19815526263437
