trajectory,method,diffusivity_m2_s,cooling_rate_1_s,signal_sd_K,source_coupling,n_frames,n_observations,n_saturated,threshold_K,excess_field_rel_l2,hot_region_rel_l2,peak_true_K,peak_predicted_K,peak_absolute_error_K,posterior_sd_at_true_peak_K,true_peak_in_95,pointwise_95_coverage,hot_region_95_coverage,mean_crps_K,hot_region_crps_K,mean_95_interval_width_K,hot_region_95_interval_width_K,hot_region_interval_score_K,interval_calibration_scale,calibrated_true_peak_in_95,calibrated_hot_region_95_coverage,calibrated_hot_region_95_interval_width_K,calibrated_hot_region_interval_score_K,fixed_top_01_crps_K,fixed_top_01_mae_K,fixed_top_03_crps_K,fixed_top_03_mae_K,fixed_top_05_crps_K,fixed_top_05_mae_K,fixed_top_10_crps_K,fixed_top_10_mae_K,true_peak_location_crps_K,true_peak_location_mae_K,field_maximum_crps_K,stage,forcing_length_multiplier,forcing_lengthscale_m,base_forcing_intensity_K2_per_s,forcing_amplitude_multiplier,forcing_marginal_variance_K2
DiagonalScanPath_8,sequential diffusive SPDE,3.6109129986233175e-06,12.422901570529978,3.4305133895116966,0.17022272061337845,1,117,2,296.12149833303096,0.37374697517570643,0.3727357448603461,336.214847986714,344.24048616095854,8.025638174244534,1.9722572003558279,False,0.995201919232307,0.8421052631578947,0.3301759041420497,1.4736821278339942,4.524999653441166,5.490751966639598,31.678595121808467,1.0,False,0.8421052631578947,5.490751966639598,31.678595121808467,3.274449477738304,3.836688042175198,1.4736821278339942,1.8470010128784464,1.0461039738074935,1.277977931973205,0.6739071804805139,0.7510784041543913,6.718949546877501,8.025638174244534,6.718949546877508,lengthscale,0.5,0.000125,3702.393201358145,1.0,1.5129207286347728
DiagonalScanPath_8,sequential advective SPDE,3.6109129986233175e-06,12.422901570529978,3.4305133895116966,0.17022272061337845,1,117,2,296.12149833303096,0.36657636566689644,0.3696178128779182,336.214847986714,343.9785994666172,7.763751479903192,1.7849617462443208,False,0.9940023990403839,0.8026315789473685,0.3263671969722063,1.43646924517292,4.522505322648372,5.2175086190408635,30.89791552911545,1.0,False,0.8026315789473685,5.2175086190408635,30.89791552911545,3.1921521432679887,3.7787321495776167,1.43646924517292,1.776340628452205,1.0269521944910613,1.2439897808308178,0.6680994554355891,0.7164219017449001,6.467427631677266,7.763751479903192,6.467427631677306,lengthscale,0.5,0.000125,3702.393201358145,1.0,1.5129207286347728
HorizontalScanPath_13,sequential diffusive SPDE,3.6109129986233175e-06,12.422901570529978,3.4305133895116966,0.17022272061337845,1,117,1,296.4959614680289,0.3813895792599353,0.3997744300975149,319.1296936365724,307.07817365525693,12.051519981315494,1.2975436609956779,False,0.9972011195521792,0.9078947368421053,0.31922293706659777,1.1891405103684505,4.517511549083453,5.484305960112192,20.633093027251302,1.0,False,0.9078947368421053,5.484305960112192,20.633093027251302,2.3227782971013307,2.8543480053942245,1.1891405103684505,1.5285623758167743,0.8524862540943162,1.0258559221819894,0.5756834414482908,0.6098484836053126,11.370991041793904,12.051519981315494,11.370991041793921,lengthscale,0.5,0.000125,3702.393201358145,1.0,1.5129207286347728
HorizontalScanPath_13,sequential advective SPDE,3.6109129986233175e-06,12.422901570529978,3.4305133895116966,0.17022272061337845,1,117,1,296.4959614680289,0.3731168064880752,0.3984077908640674,319.1296936365724,307.01792942244685,12.111764214125571,1.2854348836305123,False,0.9972011195521792,0.9078947368421053,0.31618667218396135,1.175361659790039,4.5140524776564215,5.377969077361705,20.802530048027023,1.0,False,0.9078947368421053,5.377969077361705,20.802530048027023,2.340722156038284,2.8758730571352067,1.175361659790039,1.5021344678500927,0.8383374220555877,1.000029249045355,0.5667583426837854,0.5851124243803927,11.437864026477357,12.111764214125571,11.437864026477365,lengthscale,0.5,0.000125,3702.393201358145,1.0,1.5129207286347728
SpiralScanPath_13,sequential diffusive SPDE,3.6109129986233175e-06,12.422901570529978,3.4305133895116966,0.17022272061337845,1,117,2,296.4901280292387,0.28971484533849406,0.3022056619290065,335.7083806056465,335.83538359193915,0.12700298629266626,1.4160988669191343,True,0.9960015993602559,0.868421052631579,0.3173828432470674,1.1096608102371788,4.514675222337018,5.310858546029041,20.370513865542147,1.0,True,0.868421052631579,5.310858546029041,20.370513865542147,2.1843106077503815,2.677531592418483,1.1096608102371788,1.4055339701019935,0.8017236078290909,0.9687428153888568,0.5546818813697446,0.5990806469629535,0.2968733374732556,0.12700298629266626,0.29687333747325106,lengthscale,0.5,0.000125,3702.393201358145,1.0,1.5129207286347728
SpiralScanPath_13,sequential advective SPDE,3.6109129986233175e-06,12.422901570529978,3.4305133895116966,0.17022272061337845,1,117,2,296.4901280292387,0.28439730276621955,0.30217214270988574,335.7083806056465,335.66482524143356,0.04355536421292072,1.343871883615515,True,0.9968012794882047,0.8947368421052632,0.3157433174586302,1.1267972232866637,4.510827567323529,5.15521412121534,20.28981710605899,1.0,True,0.8947368421052632,5.15521412121534,20.28981710605899,2.223182701130297,2.7438808837267894,1.1267972232866637,1.4771697436876132,0.8276293667210733,1.0453409877693656,0.5687051919569662,0.636498259864546,0.3533382270563137,0.04355536421292072,0.35333822705634366,lengthscale,0.5,0.000125,3702.393201358145,1.0,1.5129207286347728
DiagonalScanPath_8,sequential diffusive SPDE,3.6109129986233175e-06,12.422901570529978,3.4305133895116966,0.17022272061337845,1,117,2,296.12149833303096,0.3743869695634383,0.37200574672894443,336.214847986714,344.2865287122223,8.071680725508315,1.7469282631635925,False,0.9920031987205118,0.7763157894736842,0.24212186753547726,1.4805343751558497,2.916828354459092,4.012752923568244,33.78650436966922,1.0,False,0.7763157894736842,4.012752923568244,33.78650436966922,3.3668127837165267,3.825642932733532,1.4805343751558497,1.8172514608799177,1.0336439409377376,1.2656362828592775,0.6266537778005467,0.7431139203728151,7.026579999135897,8.071680725508315,7.026579999135869,lengthscale,1.0,0.00025,1396.580702657806,1.0,0.6567947557846122
DiagonalScanPath_8,sequential advective SPDE,3.6109129986233175e-06,12.422901570529978,3.4305133895116966,0.17022272061337845,1,117,2,296.12149833303096,0.367932172707158,0.3710796908554066,336.214847986714,343.9195166156787,7.704668628964669,1.4480794825438341,False,0.9928028788484606,0.7894736842105263,0.23633416303247454,1.4711808503416814,2.9118790747448564,3.9106135627917458,35.55759336021714,1.0,False,0.7894736842105263,3.9106135627917458,35.55759336021714,3.3614870946859834,3.80561272805455,1.4711808503416814,1.7818352121071563,1.0280797297971287,1.2496322025957376,0.6217060425433127,0.7224310587628952,6.823692334446716,7.704668628964669,6.823692334446719,lengthscale,1.0,0.00025,1396.580702657806,1.0,0.6567947557846122
HorizontalScanPath_13,sequential diffusive SPDE,3.6109129986233175e-06,12.422901570529978,3.4305133895116966,0.17022272061337845,1,117,1,296.4959614680289,0.3824990105101418,0.39919835297868905,319.1296936365724,307.07471214551424,12.054981491058186,0.9093405142086766,False,0.9948020791683326,0.8289473684210527,0.22925852292237064,1.1874002626939884,2.912646208846634,4.107205644857023,23.503237978927807,1.0,False,0.8289473684210527,4.107205644857023,23.503237978927807,2.5069960223317946,2.983790947644079,1.1874002626939884,1.4998520180183081,0.8208342450702876,1.0184752815956328,0.5183815952362992,0.6128805757285716,11.530459667215686,12.054981491058186,11.53045966721562,lengthscale,1.0,0.00025,1396.580702657806,1.0,0.6567947557846122
HorizontalScanPath_13,sequential advective SPDE,3.6109129986233175e-06,12.422901570529978,3.4305133895116966,0.17022272061337845,1,117,1,296.4959614680289,0.37473348895859987,0.3987461790609984,319.1296936365724,307.011232640135,12.11846099643742,0.891993713536825,False,0.9948020791683326,0.8289473684210527,0.22465393543469606,1.1765037837283905,2.9077143052277052,3.956375873713808,23.78378712330786,1.0,False,0.8289473684210527,3.956375873713808,23.78378712330786,2.5357725047112916,3.0129437621268753,1.1765037837283905,1.4792420200949206,0.8071452001540059,0.9955205678157728,0.5076488119306826,0.5885407282343389,11.603028736521438,12.11846099643742,11.603028736521438,lengthscale,1.0,0.00025,1396.580702657806,1.0,0.6567947557846122
SpiralScanPath_13,sequential diffusive SPDE,3.6109129986233175e-06,12.422901570529978,3.4305133895116966,0.17022272061337845,1,117,2,296.4901280292387,0.2906987212368424,0.3013747612497799,335.7083806056465,335.59453453421634,0.11384607143014591,1.0448278192958182,True,0.995201919232307,0.8421052631578947,0.22988284082870783,1.119366434056374,2.9109010180427686,3.9221962126187235,23.33455393659268,1.0,True,0.8421052631578947,3.9221962126187235,23.33455393659268,2.374629184253209,2.806726917783484,1.119366434056374,1.388941113799056,0.7776470659834136,0.9637462840923173,0.501710089355864,0.5993368485011847,0.2161177281553136,0.11384607143014591,0.2161177281552693,lengthscale,1.0,0.00025,1396.580702657806,1.0,0.6567947557846122
SpiralScanPath_13,sequential advective SPDE,3.6109129986233175e-06,12.422901570529978,3.4305133895116966,0.17022272061337845,1,117,2,296.4901280292387,0.28438007435122387,0.3022675914230954,335.7083806056465,335.58385286153737,0.12452774410911616,0.9681375319930692,True,0.9936025589764095,0.8026315789473685,0.22499360283219377,1.144341605931708,2.905012191715058,3.815562490591005,22.56577647765217,1.0,True,0.8026315789473685,3.815562490591005,22.56577647765217,2.3829421606814667,2.812852460829895,1.144341605931708,1.465672559515882,0.8075240557860798,1.0390110644117638,0.5201013635348761,0.6349076655831524,0.23370525262456643,0.12452774410911616,0.2337052526245853,lengthscale,1.0,0.00025,1396.580702657806,1.0,0.6567947557846122
DiagonalScanPath_8,sequential diffusive SPDE,3.6109129986233175e-06,12.422901570529978,3.4305133895116966,0.17022272061337845,1,117,2,296.12149833303096,0.37901290310736,0.3738207158640544,336.214847986714,344.2252218175498,8.010373830835817,1.5936049240096117,False,0.9900039984006398,0.75,0.19501618241551272,1.5150187678932276,1.8755835009917217,3.354336710866636,36.76675524741506,1.0,False,0.75,3.354336710866636,36.76675524741506,3.465534857905012,3.867925654688255,1.5150187678932276,1.813585112277104,1.0388945645357597,1.2635937592774242,0.6095561973554328,0.7465305715841828,6.985680571289365,8.010373830835817,6.985680571289333,lengthscale,2.0,0.0005,675.7088947482928,1.0,0.3310160546316755
DiagonalScanPath_8,sequential advective SPDE,3.6109129986233175e-06,12.422901570529978,3.4305133895116966,0.17022272061337845,1,117,2,296.12149833303096,0.37685017781190394,0.3791221176021142,336.214847986714,343.70285895254335,7.488010965829346,1.267638816366921,False,0.9888044782087165,0.7236842105263158,0.1859656478960989,1.5323968998810968,1.8636522589530373,2.961496940337946,39.75583408538785,1.0,False,0.7236842105263158,2.961496940337946,39.75583408538785,3.593709405856017,3.9791236771778027,1.5323968998810968,1.8054498605571474,1.0452593688378704,1.2588394774099383,0.6085336591778782,0.7367040889257198,6.863470656186648,7.488010965829346,6.863470656186692,lengthscale,2.0,0.0005,675.7088947482928,1.0,0.3310160546316755
HorizontalScanPath_13,sequential diffusive SPDE,3.6109129986233175e-06,12.422901570529978,3.4305133895116966,0.17022272061337845,1,117,1,296.4959614680289,0.3889188159509392,0.4006190191612821,319.1296936365724,307.10394850678136,12.025745129791062,0.6783619918358529,False,0.9908036785285885,0.7368421052631579,0.1819433423350908,1.206936618549679,1.8690952267668672,3.3210773007147973,27.091154379882052,1.0,False,0.7368421052631579,3.3210773007147973,27.091154379882052,2.6766939681994737,3.111481336471638,1.206936618549679,1.484477323944928,0.8216976924799729,1.0224304741536514,0.5004440818598623,0.626386345741064,11.630824342500746,12.025745129791062,11.630824342500715,lengthscale,2.0,0.0005,675.7088947482928,1.0,0.3310160546316755
HorizontalScanPath_13,sequential advective SPDE,3.6109129986233175e-06,12.422901570529978,3.4305133895116966,0.17022272061337845,1,117,1,296.4959614680289,0.3811885694758577,0.4014793582672705,319.1296936365724,307.03219259082937,12.097501045743059,0.6541641017901723,False,0.9908036785285885,0.7236842105263158,0.17438007250793586,1.2046333005090464,1.8624754577218037,3.116715606439197,27.61082296125982,1.0,False,0.7236842105263158,3.116715606439197,27.61082296125982,2.7284544539446265,3.154351194572021,1.2046333005090464,1.4736263941151264,0.8117505271814869,1.004175365140075,0.4882913733064686,0.6010777886397417,11.715297544404066,12.097501045743059,11.715297544404065,lengthscale,2.0,0.0005,675.7088947482928,1.0,0.3310160546316755
SpiralScanPath_13,sequential diffusive SPDE,3.6109129986233175e-06,12.422901570529978,3.4305133895116966,0.17022272061337845,1,117,2,296.4901280292387,0.29658286875976186,0.3035785593453721,335.7083806056465,335.5470842810498,0.16129632459666254,0.8121896168514705,True,0.991203518592563,0.7631578947368421,0.18332785191356102,1.1376770430462262,1.8685155995267397,3.167078338294997,25.546945582986563,1.0,True,0.7631578947368421,3.167078338294997,25.546945582986563,2.4657643696908687,2.8826094800395414,1.1376770430462262,1.4032510388042694,0.7775523283146678,0.9727818602821274,0.4816569049754029,0.607219982905355,0.1786192167710844,0.16129632459666254,0.17861921677108844,lengthscale,2.0,0.0005,675.7088947482928,1.0,0.3310160546316755
SpiralScanPath_13,sequential advective SPDE,3.6109129986233175e-06,12.422901570529978,3.4305133895116966,0.17022272061337845,1,117,2,296.4901280292387,0.28902185366769684,0.3056798629495083,335.7083806056465,335.5256410427446,0.18273956290187243,0.729777702536252,True,0.9896041583366654,0.7236842105263158,0.17450149444187044,1.1991338880073332,1.8630984459676667,2.956395984612841,26.695310544217147,1.0,True,0.7236842105263158,2.956395984612841,26.695310544217147,2.562909121518979,2.9613971920303928,1.1991338880073332,1.493849834660167,0.8283111963763607,1.052018514462707,0.5119103691402601,0.6455617900966228,0.20328807954134875,0.18273956290187243,0.2032880795413401,lengthscale,2.0,0.0005,675.7088947482928,1.0,0.3310160546316755
DiagonalScanPath_8,sequential diffusive SPDE,3.6109129986233175e-06,12.422901570529978,3.4305133895116966,0.17022272061337845,1,117,2,296.12149833303096,0.38302708086495374,0.37865226822615833,336.214847986714,344.01565548236175,7.800807495647746,1.4667142594105003,False,0.9628148740503798,0.6710526315789473,0.17242551983571594,1.542346377092246,1.205955450527937,2.9042429566096417,39.87426659423847,1.0,False,0.6710526315789473,2.9042429566096417,39.87426659423847,3.6234456120400087,4.0303241187128025,1.542346377092246,1.820411232694818,1.0509410494553928,1.2625184137095862,0.6104635492592492,0.7529162087904959,6.935764620395396,7.800807495647746,6.9357646203953855,lengthscale,4.0,0.001,419.63516062776745,1.0,0.20777189572522792
DiagonalScanPath_8,sequential advective SPDE,3.6109129986233175e-06,12.422901570529978,3.4305133895116966,0.17022272061337845,1,117,2,296.12149833303096,0.38431037009493046,0.3883976053783716,336.214847986714,343.37807434620936,7.163226359495354,1.1452858078808048,False,0.9816073570571772,0.631578947368421,0.15925229661886928,1.5904683441861833,1.1944744281830826,2.5543737048081807,44.95780499570645,1.0,False,0.631578947368421,2.5543737048081807,44.95780499570645,3.851450347470924,4.22562684627995,1.5904683441861833,1.8304754102293304,1.0738215324932607,1.2661156548927985,0.6109134517832329,0.7370555255560057,6.4391805407897555,7.163226359495354,6.439180540789681,lengthscale,4.0,0.001,419.63516062776745,1.0,0.20777189572522792
HorizontalScanPath_13,sequential diffusive SPDE,3.6109129986233175e-06,12.422901570529978,3.4305133895116966,0.17022272061337845,1,117,1,296.4959614680289,0.39172555445148227,0.4017140283330923,319.1296936365724,307.1471802197859,11.982513416786503,0.5182898417226073,False,0.9696121551379449,0.7236842105263158,0.1609362339936247,1.2242077594109675,1.2014669737526524,2.877782646825029,29.69294298088922,1.0,False,0.7236842105263158,2.877782646825029,29.69294298088922,2.820279178744493,3.2140618655570257,1.2242077594109675,1.4636437930452113,0.8348888436788818,1.0199914810247375,0.4962677370035095,0.6206767497182527,11.675532192874375,11.982513416786503,11.675532192874348,lengthscale,4.0,0.001,419.63516062776745,1.0,0.20777189572522792
HorizontalScanPath_13,sequential advective SPDE,3.6109129986233175e-06,12.422901570529978,3.4305133895116966,0.17022272061337845,1,117,1,296.4959614680289,0.3828779549318516,0.40270474821669255,319.1296936365724,307.07940072271583,12.050292913856595,0.4850721054673754,False,0.9808076769292283,0.6842105263157895,0.14875252232512232,1.22543562780185,1.1941875512233784,2.6506056933092887,30.48848118566247,1.0,False,0.6842105263157895,2.6506056933092887,30.48848118566247,2.8813843900641456,3.256405032821065,1.22543562780185,1.4514108280106282,0.8252754948028218,1.0014372039362058,0.4814176216167376,0.5936031986548771,11.761188139227343,12.050292913856595,11.761188139227409,lengthscale,4.0,0.001,419.63516062776745,1.0,0.20777189572522792
SpiralScanPath_13,sequential diffusive SPDE,3.6109129986233175e-06,12.422901570529978,3.4305133895116966,0.17022272061337845,1,117,2,296.4901280292387,0.2974350933478447,0.3042563336432234,335.7083806056465,335.45209078851815,0.25628981712833365,0.6697236721938782,True,0.9720111955217913,0.7368421052631579,0.16216838875778325,1.168344263834411,1.2011732974119025,2.7315821930790722,27.928670631701607,1.0,True,0.7368421052631579,2.7315821930790722,27.928670631701607,2.542902627345988,2.9124464957521465,1.168344263834411,1.410930359782256,0.7894607855714223,0.9741232683347752,0.47958556045501766,0.6058100477517233,0.19860832011714458,0.25628981712833365,0.19860832011709156,lengthscale,4.0,0.001,419.63516062776745,1.0,0.20777189572522792
SpiralScanPath_13,sequential advective SPDE,3.6109129986233175e-06,12.422901570529978,3.4305133895116966,0.17022272061337845,1,117,2,296.4901280292387,0.2912084003606901,0.3082078253256611,335.7083806056465,335.4435735162396,0.26480708940687236,0.5976018452103635,True,0.9804078368652539,0.631578947368421,0.14858153518048867,1.2461115345200375,1.1932000807769034,2.4049508004409463,29.93096942658159,1.0,True,0.631578947368421,2.4049508004409463,29.93096942658159,2.687182326459688,3.0468678691647777,1.2461115345200375,1.50734996753796,0.8531437228509883,1.0551249767684567,0.5129140846466669,0.6438416933024862,0.2055829726171971,0.26480708940687236,0.20558297261718078,lengthscale,4.0,0.001,419.63516062776745,1.0,0.20777189572522792
