region,n_pixels,rmse_K,mae_K,signed_error_K,posterior_sd_K,coverage_95,interval_width_95_K,positive_sd_fraction,zero_sd_nonzero_error_fraction,mean_z,rms_z,mean_abs_error_over_sd,median_abs_error_over_sd,fraction_abs_z_gt_1_96,crps_K,trajectory,family,run_index,role,state_representation,stage,region_basis
overall,2501,0.999733131554537,0.26431919441592344,-0.04506826366326952,0.01838579580122515,0.01599360255897641,0.06592677032136685,0.03398640543782487,0.9660135945621752,2.865401163798472,13.677111201249984,4.624053894832737,1.7887071845086837,0.4588235294117647,0.2564286559239317,DiagonalScanPath_1,Diagonal,1,evaluation,hybrid previous state,previous posterior,previous-frame truth
unsaturated,2416,0.2505451697362181,0.2010184232389737,-0.0063260452130369975,6.997370322709851e-13,0.0,0.0,0.0,1.0,,,,,,0.20101842323897917,DiagonalScanPath_1,Diagonal,1,evaluation,hybrid previous state,previous posterior,previous-frame truth
saturated,85,5.255815847625786,2.0635505257513413,-1.1462588492604668,0.5409750034961591,0.47058823529411764,1.939798265573394,1.0,0.0,2.865401163798472,13.677111201249984,4.624053894832737,1.7887071845086837,0.4588235294117647,1.8313830343574062,DiagonalScanPath_1,Diagonal,1,evaluation,hybrid previous state,previous posterior,previous-frame truth
previous_top_1pct,26,9.397880124768948,4.893511158342848,-4.893511158342848,0.4962931096791073,0.19230769230769232,1.7898332665772723,1.0,0.0,11.359498540634915,24.54926199273094,11.359498540634915,4.649602549826545,0.8076923076923077,4.652154952324097,DiagonalScanPath_1,Diagonal,1,evaluation,hybrid previous state,previous posterior,previous-frame truth
overall,2501,1.0251029818838506,0.30396602791901267,-0.02870494572710395,2.810301030432398,0.9792083166733306,10.733948452129994,1.0,0.0,0.0860193538710212,2.6369911348298443,0.27985270049118555,0.06553229993763506,0.01759296281487405,0.7303827547762981,DiagonalScanPath_1,Diagonal,1,evaluation,coherent latent previous state,previous posterior,previous-frame truth
unsaturated,2416,0.337723245139615,0.2418903965159757,0.01063026915673504,2.889907858565201,0.9975165562913907,11.042819268910865,1.0,0.0,-0.015270414533862917,0.26151901086688517,0.12483304618085901,0.06325410308793852,0.0016556291390728477,0.6914859825103414,DiagonalScanPath_1,Diagonal,1,evaluation,coherent latent previous state,previous posterior,previous-frame truth
saturated,85,5.260931986554712,2.0683745628571,-1.1467505828959863,0.5475940096223617,0.4588235294117647,1.9547497069230624,1.0,0.0,2.965032065238081,14.23583869996753,4.68605840418235,1.7941183081832586,0.47058823529411764,1.8359663053004314,DiagonalScanPath_1,Diagonal,1,evaluation,coherent latent previous state,previous posterior,previous-frame truth
previous_top_1pct,26,9.406003354028057,4.901180532372627,-4.901180532372627,0.4977252362886734,0.19230769230769232,1.7907952148459922,1.0,0.0,11.605051719495709,25.571371445266276,11.605051719495709,4.911494467912383,0.8076923076923077,4.660765616781639,DiagonalScanPath_1,Diagonal,1,evaluation,coherent latent previous state,previous posterior,previous-frame truth
overall,2501,1.0562189291844244,0.256731697358738,-0.05259139078033728,0.0123137458509963,0.01719312275089964,0.04477501239296082,0.030387844862055178,0.9696121551379449,5.394185006684207,16.97383271076052,6.254303018375628,1.5285805378792197,0.42105263157894735,0.25205059799891755,DiagonalScanPath_2,Diagonal,2,evaluation,hybrid previous state,previous posterior,previous-frame truth
unsaturated,2425,0.24454628773062823,0.19612638103930136,0.0032302702759541943,6.871735386402448e-13,0.0,0.0,0.0,1.0,,,,,,0.19612638103929028,DiagonalScanPath_2,Diagonal,2,evaluation,hybrid previous state,previous posterior,previous-frame truth
saturated,76,5.899475516107157,2.190519750972342,-1.833743075800164,0.4052194522588863,0.5657894736842105,1.4734513946683554,1.0,0.0,5.394185006684207,16.97383271076052,6.254303018375628,1.5285805378792197,0.42105263157894735,2.036474625987022,DiagonalScanPath_2,Diagonal,2,evaluation,hybrid previous state,previous posterior,previous-frame truth
previous_top_1pct,26,10.061344539344086,5.6023217009238255,-5.6023217009238255,0.40393077835440994,0.07692307692307693,1.4646894179061314,1.0,0.0,16.19496037419721,28.959132395617925,16.19496037419721,7.475241654922194,0.9230769230769231,5.379689497636069,DiagonalScanPath_2,Diagonal,2,evaluation,hybrid previous state,previous posterior,previous-frame truth
overall,2501,1.0805686193846884,0.303991170007256,-0.05828919595827839,2.8415755762688137,0.984406237504998,10.872182674432553,1.0,0.0,0.15051352899014506,2.8363576548818767,0.3003272878421205,0.0674892660081082,0.01479408236705318,0.7379763893608041,DiagonalScanPath_2,Diagonal,2,evaluation,coherent latent previous state,previous posterior,previous-frame truth
unsaturated,2425,0.3363482434256135,0.24490918467197212,-0.002591804053339982,2.917912334876694,0.9975257731958763,11.167228076039574,1.0,0.0,-0.008334979154683389,0.2499900608645594,0.11929305670635121,0.06442372961666755,0.002061855670103093,0.6972969320258281,DiagonalScanPath_2,Diagonal,2,evaluation,coherent latent previous state,previous posterior,previous-frame truth
saturated,76,5.900377318403093,2.189172938929144,-1.8354757139776947,0.40583031805684094,0.5657894736842105,1.457905057366322,1.0,0.0,5.219035005979737,16.209486477517334,6.076748478687391,1.527378230793724,0.42105263157894735,2.03597223195708,DiagonalScanPath_2,Diagonal,2,evaluation,coherent latent previous state,previous posterior,previous-frame truth
previous_top_1pct,26,10.06313337995799,5.600230222650422,-5.600230222650422,0.4069696541529074,0.07692307692307693,1.477631932861243,1.0,0.0,15.65291436362317,27.64745680311224,15.65291436362317,7.216825711803074,0.8846153846153846,5.375540246643082,DiagonalScanPath_2,Diagonal,2,evaluation,coherent latent previous state,previous posterior,previous-frame truth
overall,2501,1.0510006385093138,0.2558002045262962,-0.050870756047800884,0.020526525258870203,0.022391043582566973,0.0767644153229788,0.03198720511795282,0.9680127948820472,1.9394145803081284,7.097211263541382,2.9909334332574615,1.0602651060697936,0.2375,0.2494014398349934,DiagonalScanPath_3,Diagonal,3,evaluation,hybrid previous state,previous posterior,previous-frame truth
unsaturated,2421,0.24666342320344445,0.19708559106718485,-0.005520812292770499,6.894861338758592e-13,0.0,0.0,0.0,1.0,,,,,,0.19708559106723156,DiagonalScanPath_3,Diagonal,3,evaluation,hybrid previous state,previous posterior,previous-frame truth
saturated,80,5.71763711198393,2.032651194332652,-1.423273428934408,0.6417104958845641,0.7,2.399847534034625,1.0,0.0,1.9394145803081284,7.097211263541382,2.9909334332574615,1.0602651060697936,0.2375,1.8326098131693875,DiagonalScanPath_3,Diagonal,3,evaluation,hybrid previous state,previous posterior,previous-frame truth
previous_top_1pct,26,9.977466230623342,5.149009345287423,-5.149009345287423,0.7138475331619472,0.4230769230769231,2.562575839632733,1.0,0.0,7.3097126632445555,12.326931592083005,7.3097126632445555,3.03744565221461,0.5769230769230769,4.845496609411453,DiagonalScanPath_3,Diagonal,3,evaluation,hybrid previous state,previous posterior,previous-frame truth
overall,2501,1.0855276290174924,0.3177157196619632,-0.06612359378687079,2.844893399485753,0.9888044782087165,10.892954704211036,1.0,0.0,0.06543968873929878,1.336395083066947,0.21832455032664017,0.07129007470195158,0.009596161535385846,0.7378005013676938,DiagonalScanPath_3,Diagonal,3,evaluation,coherent latent previous state,previous posterior,previous-frame truth
unsaturated,2421,0.3702012209368408,0.26092457659807783,-0.021109427548807493,2.917765566088601,0.9983477901693515,11.173439151168468,1.0,0.0,0.0011881295721047312,0.2516658783447213,0.12451144112769327,0.06897915527886586,0.0020652622883106154,0.7015187899844033,DiagonalScanPath_3,Diagonal,3,evaluation,coherent latent previous state,previous posterior,previous-frame truth
saturated,80,5.717635503697151,2.0363576866327953,-1.4283647995662612,0.6395994576670541,0.7,2.404794128161714,1.0,0.0,2.0098524980365093,7.342793859080304,3.0573437674597708,1.0348108966447374,0.2375,1.8357757921045228,DiagonalScanPath_3,Diagonal,3,evaluation,coherent latent previous state,previous posterior,previous-frame truth
previous_top_1pct,26,9.977928227874742,5.15958864566724,-5.15958864566724,0.7090321176688532,0.4230769230769231,2.523745472591252,1.0,0.0,7.512414037972781,12.762114013721169,7.512414037972781,3.0667815230142828,0.5769230769230769,4.858520709831518,DiagonalScanPath_3,Diagonal,3,evaluation,coherent latent previous state,previous posterior,previous-frame truth
overall,2501,0.9965246080410801,0.2582150354230127,-0.03523844142345116,0.02297473444150412,0.021191523390643743,0.08119518061000322,0.02958816473410636,0.9704118352658937,0.9914407767357107,4.494708114639962,2.3851776730992844,1.269294588623555,0.2702702702702703,0.24915217894893282,DiagonalScanPath_4,Diagonal,4,evaluation,hybrid previous state,previous posterior,previous-frame truth
unsaturated,2427,0.24719959622968135,0.19859325250564575,0.0006921952804086023,7.007461978118532e-13,0.0,0.0,0.0,1.0,,,,,,0.1985932525056613,DiagonalScanPath_4,Diagonal,4,evaluation,hybrid previous state,previous posterior,previous-frame truth
saturated,74,5.617706146977253,2.2136483751588187,-1.213666215481122,0.7764839302229877,0.7162162162162162,2.7441776581840274,1.0,0.0,0.9914407767357107,4.494708114639962,2.3851776730992844,1.269294588623555,0.2702702702702703,1.9073483205410968,DiagonalScanPath_4,Diagonal,4,evaluation,hybrid previous state,previous posterior,previous-frame truth
previous_top_1pct,26,9.38227709343212,4.804786697766555,-4.804786697766555,0.9558254043162301,0.5,3.4102258566394337,1.0,0.0,4.647896771260322,7.367896819905055,4.647896771260322,1.930887006098828,0.5,4.419356650105145,DiagonalScanPath_4,Diagonal,4,evaluation,hybrid previous state,previous posterior,previous-frame truth
overall,2501,1.0487380826989465,0.340364665856026,-0.09490153309831231,2.868336581266361,0.9880047980807677,10.97201034108238,1.0,0.0,0.03960831490256917,0.8213576777769525,0.2013005994131031,0.07091814813606213,0.009596161535385846,0.7435437530379548,DiagonalScanPath_4,Diagonal,4,evaluation,coherent latent previous state,previous posterior,previous-frame truth
unsaturated,2427,0.41371936426826666,0.2832938440045192,-0.060841360618328996,2.9321369931770067,0.9975278121137207,11.223296639539537,1.0,0.0,0.010702708987845925,0.2741767388970433,0.13425766871761163,0.06862825547210667,0.0008240626287597857,0.708027303052964,DiagonalScanPath_4,Diagonal,4,evaluation,coherent latent previous state,previous posterior,previous-frame truth
saturated,74,5.6176777409671335,2.212133377120987,-1.2119831359215487,0.7758555041429008,0.6756756756756757,2.7304989038456036,1.0,0.0,0.9876340656462627,4.509451224635728,2.4001275291152364,1.2938261552920045,0.2972972972972973,1.908387322140289,DiagonalScanPath_4,Diagonal,4,evaluation,coherent latent previous state,previous posterior,previous-frame truth
previous_top_1pct,26,9.38200340497848,4.801067283120377,-4.801067283120377,0.9577193710875507,0.5,3.396751402233242,1.0,0.0,4.6606735468282485,7.38479012347566,4.6606735468282485,1.9130881030765057,0.5,4.4143766513886895,DiagonalScanPath_4,Diagonal,4,evaluation,coherent latent previous state,previous posterior,previous-frame truth
overall,2501,1.0867658219843672,0.26387514285418545,-0.05017380022314694,0.021624245624173623,0.021991203518592562,0.07577157582247832,0.03318672530987605,0.9668132746901239,2.5500732262725196,10.628427530452685,3.7402835534645975,1.100440156807621,0.26506024096385544,0.2560018373453449,DiagonalScanPath_5,Diagonal,5,evaluation,hybrid previous state,previous posterior,previous-frame truth
unsaturated,2418,0.24970833613708987,0.19986170402404965,-0.0037023316949548945,6.891157267353841e-13,0.0,0.0,0.0,1.0,,,,,,0.1998617040240554,DiagonalScanPath_5,Diagonal,5,evaluation,hybrid previous state,previous posterior,previous-frame truth
saturated,83,5.811349878907532,2.128748577688744,-1.4040052568637298,0.6515932325830355,0.6626506024096386,2.283189290747208,1.0,0.0,2.5500732262725196,10.628427530452685,3.7402835534645975,1.100440156807621,0.26506024096385544,1.8915059622956791,DiagonalScanPath_5,Diagonal,5,evaluation,hybrid previous state,previous posterior,previous-frame truth
previous_top_1pct,26,10.328610969908668,5.498251603116207,-5.498251603116207,0.7396771453356522,0.38461538461538464,2.5752256783736414,1.0,0.0,9.723308779492811,18.9002405454501,9.723308779492811,2.4585285487382156,0.6153846153846154,5.148823639553332,DiagonalScanPath_5,Diagonal,5,evaluation,hybrid previous state,previous posterior,previous-frame truth
overall,2501,1.1173278022103676,0.3254691052817832,-0.09239308999215654,2.8464704454470557,0.9872051179528188,10.89871481440472,1.0,0.0,0.08768464976624013,1.9771544910753922,0.24555253563564047,0.07193907933535665,0.010795681727309077,0.7394199124762506,DiagonalScanPath_5,Diagonal,5,evaluation,coherent latent previous state,previous posterior,previous-frame truth
unsaturated,2418,0.36293034973248794,0.26361825691073315,-0.04741356690133468,2.921738418866381,0.9975186104218362,11.193704428008196,1.0,0.0,0.002862014948740339,0.25465216756656417,0.12529625961847618,0.06892229127499389,0.0020678246484698098,0.6998571599302702,DiagonalScanPath_5,Diagonal,5,evaluation,coherent latent previous state,previous posterior,previous-frame truth
saturated,83,5.812125651097338,2.127340808428759,-1.4027604012404367,0.6537239427009216,0.6867469879518072,2.3049210108721288,1.0,0.0,2.558782613485692,10.765830060098997,3.7489221188826654,1.171223662167189,0.26506024096385544,1.891982992671201,DiagonalScanPath_5,Diagonal,5,evaluation,coherent latent previous state,previous posterior,previous-frame truth
previous_top_1pct,26,10.330348481715761,5.496938612647697,-5.496938612647697,0.7406615325125864,0.38461538461538464,2.5913470807471892,1.0,0.0,9.757122787910346,19.146837516907784,9.757122787910346,2.5301468716435993,0.6153846153846154,5.148067614257837,DiagonalScanPath_5,Diagonal,5,evaluation,coherent latent previous state,previous posterior,previous-frame truth
overall,2501,1.1241082479680564,0.2656390842341716,-0.04486418818346205,0.02946696700185665,0.023590563774490203,0.10566264697456175,0.03158736505397841,0.9684126349460216,2.3577387759993744,10.164651066636276,3.457799380621908,0.9701742677256345,0.22784810126582278,0.25771990955337515,DiagonalScanPath_6,Diagonal,6,evaluation,hybrid previous state,previous posterior,previous-frame truth
unsaturated,2422,0.25041875226406657,0.1998191243022358,-0.0011354960453176378,6.91131334569475e-13,0.0,0.0,0.0,1.0,,,,,,0.19981912430222998,DiagonalScanPath_6,Diagonal,6,evaluation,hybrid previous state,previous posterior,previous-frame truth
saturated,79,6.171011722367144,2.283562412780356,-1.385508395254168,0.9328719553160707,0.7468354430379747,3.3450921529541637,1.0,0.0,2.3577387759993744,10.164651066636276,3.457799380621908,0.9701742677256345,0.22784810126582278,2.0328553763669657,DiagonalScanPath_6,Diagonal,6,evaluation,hybrid previous state,previous posterior,previous-frame truth
previous_top_1pct,26,10.69904957732492,5.595634487847397,-5.46170050449605,0.9634362502976199,0.46153846153846156,3.5753417380338703,1.0,0.0,8.737332448899494,17.65539984559899,8.817826423998728,3.0114946355024035,0.6153846153846154,5.331261035905943,DiagonalScanPath_6,Diagonal,6,evaluation,hybrid previous state,previous posterior,previous-frame truth
overall,2501,1.1610621516386161,0.3311403548351001,-0.09148604130012246,2.878512002585163,0.9884046381447421,10.99910114726363,1.0,0.0,0.07920126971794095,1.8221914075477903,0.23362483891332014,0.07058268910916703,0.009996001599360257,0.749654877335918,DiagonalScanPath_6,Diagonal,6,evaluation,coherent latent previous state,previous posterior,previous-frame truth
unsaturated,2422,0.38846685643959783,0.26764078759800886,-0.049116964443490625,2.942031318472648,0.9962840627580511,11.248755216684962,1.0,0.0,0.004938992036178137,0.27916057924426524,0.12853839476862694,0.06780475021798454,0.002890173410404624,0.7078933965933909,DiagonalScanPath_6,Diagonal,6,evaluation,coherent latent previous state,previous posterior,previous-frame truth
saturated,79,6.168535744995926,2.277924555445671,-1.3904468532844554,0.9311223433511254,0.7468354430379747,3.34514980373876,1.0,0.0,2.3559510994043906,10.135491103256136,3.4553889872480914,0.9535081486145005,0.22784810126582278,2.029987869214405,DiagonalScanPath_6,Diagonal,6,evaluation,coherent latent previous state,previous posterior,previous-frame truth
previous_top_1pct,26,10.696005373568928,5.598111729553162,-5.462876986562857,0.9667057087863637,0.46153846153846156,3.6027515287927656,1.0,0.0,8.73479971021761,17.60358181623226,8.815536457206019,3.0062238972779993,0.6153846153846154,5.334458112696852,DiagonalScanPath_6,Diagonal,6,evaluation,coherent latent previous state,previous posterior,previous-frame truth
overall,2501,1.1584981991616743,0.2768625223814371,-0.06554146776119299,0.01573355137314278,0.015593762495002,0.05779264154205991,0.03198720511795282,0.9680127948820472,4.05051741361606,11.85814216653357,5.175102650214948,2.1137625941186187,0.5375,0.269892849144701,DiagonalScanPath_7,Diagonal,7,evaluation,hybrid previous state,previous posterior,previous-frame truth
unsaturated,2421,0.2541741268869825,0.20267977815573557,-0.0037925152724317458,6.826581397895322e-13,0.0,0.0,0.0,1.0,,,,,,0.20267977815570493,DiagonalScanPath_7,Diagonal,7,evaluation,hybrid previous state,previous posterior,previous-frame truth
saturated,80,6.324782455980392,2.5218178195117296,-1.93421914245233,0.49187014978221716,0.4875,1.806742456208648,1.0,0.0,4.05051741361606,11.85814216653357,5.175102650214948,2.1137625941186187,0.5375,2.303928409949195,DiagonalScanPath_7,Diagonal,7,evaluation,hybrid previous state,previous posterior,previous-frame truth
previous_top_1pct,26,11.031626705165838,6.309535662135466,-6.309535662135466,0.5025766675771973,0.038461538461538464,1.804254005143983,1.0,0.0,12.741087651517235,20.62940609029823,12.741087651517235,7.998243884938483,0.9615384615384616,6.027762085475398,DiagonalScanPath_7,Diagonal,7,evaluation,hybrid previous state,previous posterior,previous-frame truth
overall,2501,1.1990771169320296,0.36298197610911553,-0.13057408309646418,2.8551431861928793,0.9808076769292283,10.918231536717235,1.0,0.0,0.14468712599760195,2.1809900359954804,0.29915602822885135,0.07954352950513231,0.01879248300679728,0.7581942117928948,DiagonalScanPath_7,Diagonal,7,evaluation,coherent latent previous state,previous posterior,previous-frame truth
unsaturated,2421,0.4049602111380651,0.2917399284162687,-0.07085121619250469,2.9331172854032017,0.9975216852540273,11.219094426443743,1.0,0.0,0.0130283680462392,0.270407775765035,0.1364328808726351,0.0765489072732008,0.0028913672036348617,0.7071625892877377,DiagonalScanPath_7,Diagonal,7,evaluation,coherent latent previous state,previous posterior,previous-frame truth
saturated,80,6.323444585756591,2.518944444413892,-1.9379373427775384,0.49545200884049406,0.475,1.8133683363687745,1.0,0.0,4.129010288500718,12.103473755590214,5.223565275096346,2.0036587440132108,0.5,2.302538687855212,DiagonalScanPath_7,Diagonal,7,evaluation,coherent latent previous state,previous posterior,previous-frame truth
previous_top_1pct,26,11.030458722588902,6.31375110571784,-6.31375110571784,0.4971291559293045,0.07692307692307693,1.790897270026208,1.0,0.0,12.977449435628957,21.072899155052585,12.977449435628957,8.004702603939014,0.9615384615384616,6.035135943394873,DiagonalScanPath_7,Diagonal,7,evaluation,coherent latent previous state,previous posterior,previous-frame truth
overall,2501,1.1147625117349091,0.27668253603211457,-0.040298178885351504,0.02614485318087645,0.01719312275089964,0.08707270045110375,0.03078768492602959,0.9692123150739704,1.6422016629814524,6.907209215758371,3.1950215534277446,1.5255774988618995,0.35064935064935066,0.2666174228351392,DiagonalScanPath_8,Diagonal,8,development,hybrid previous state,previous posterior,previous-frame truth
unsaturated,2424,0.2544603034182518,0.203064257089199,0.003867541516452199,6.906551568647431e-13,0.0,0.0,0.0,1.0,,,,,,0.2030642570892064,DiagonalScanPath_8,Diagonal,8,development,hybrid previous state,previous posterior,previous-frame truth
saturated,77,6.190721196514822,2.5942242004168845,-1.4306580003655098,0.849198413035037,0.5584415584415584,2.828166543223513,1.0,0.0,1.6422016629814524,6.907209215758371,3.1950215534277446,1.5255774988618995,0.35064935064935066,2.2673040951486594,DiagonalScanPath_8,Diagonal,8,development,hybrid previous state,previous posterior,previous-frame truth
previous_top_1pct,26,10.537316189890904,5.845570394783751,-5.845570394783751,0.9700103290674537,0.3076923076923077,3.11686163763942,1.0,0.0,6.95457817268974,11.703511172097489,6.95457817268974,4.078036402670479,0.6923076923076923,5.4186660061952905,DiagonalScanPath_8,Diagonal,8,development,hybrid previous state,previous posterior,previous-frame truth
overall,2501,1.1721631328957804,0.3581008660052243,-0.10908607924568842,2.8773065354484046,0.9832067173130747,10.995887363432702,1.0,0.0,0.06359121088397755,1.2112363485882927,0.22492163902300327,0.07164096445037914,0.013594562175129948,0.7606130773974231,DiagonalScanPath_8,Diagonal,8,development,coherent latent previous state,previous posterior,previous-frame truth
unsaturated,2424,0.4460652341695769,0.28710335078461946,-0.06697164605162474,2.941619466161312,0.9962871287128713,11.254537370454683,1.0,0.0,0.014325746811546804,0.27106506198600666,0.13213393563770642,0.06850321156861333,0.0024752475247524753,0.7128566768112817,DiagonalScanPath_8,Diagonal,8,development,coherent latent previous state,previous posterior,previous-frame truth
saturated,77,6.193813993524854,2.593139526975954,-1.434870313822446,0.852702067291431,0.5714285714285714,2.8534507787407035,1.0,0.0,1.614493612332966,6.733415750604117,3.1459267429965037,1.54753951467327,0.36363636363636365,2.2640093763689375,DiagonalScanPath_8,Diagonal,8,development,coherent latent previous state,previous posterior,previous-frame truth
previous_top_1pct,26,10.543736505964146,5.849428404201481,-5.849428404201481,0.9728569783334853,0.3076923076923077,3.141229650146014,1.0,0.0,6.841540477829706,11.403680270657437,6.841540477829706,4.123006996731109,0.7307692307692307,5.42096547989395,DiagonalScanPath_8,Diagonal,8,development,coherent latent previous state,previous posterior,previous-frame truth
overall,2501,0.991862153348045,0.2624882863668184,-0.04101615282852382,0.020739329323223046,0.01879248300679728,0.07546248194635763,0.032387045181927226,0.9676129548180727,2.171815692958237,9.44441028523327,3.501466095797939,1.424456174646969,0.3950617283950617,0.2545408165397893,HorizontalScanPath_1,Horizontal,1,evaluation,hybrid previous state,previous posterior,previous-frame truth
unsaturated,2420,0.2515248908748183,0.20189559339247398,-0.0010863982135827547,6.80419894529427e-13,0.0,0.0,0.0,1.0,,,,,,0.20189559339246282,HorizontalScanPath_1,Horizontal,1,evaluation,hybrid previous state,previous posterior,previous-frame truth
saturated,81,5.337220080815862,2.072788496217603,-1.233979191941578,0.6403587979720274,0.5802469135802469,2.3300205845412396,1.0,0.0,2.171815692958237,9.44441028523327,3.501466095797939,1.424456174646969,0.3950617283950617,1.827398100694483,HorizontalScanPath_1,Horizontal,1,evaluation,hybrid previous state,previous posterior,previous-frame truth
previous_top_1pct,26,9.321315607235471,4.847056047629026,-4.847056047629026,0.6517840367269645,0.38461538461538464,2.3873550367558405,1.0,0.0,8.138195433051447,16.497145500826964,8.138195433051447,3.3066787273197127,0.7307692307692307,4.549181927810662,HorizontalScanPath_1,Horizontal,1,evaluation,hybrid previous state,previous posterior,previous-frame truth
overall,2501,1.0161520922904856,0.3100515945481086,-0.03525587194206387,2.8357745082569537,0.9836065573770492,10.855670163806439,1.0,0.0,0.0655855893821626,1.79873898852327,0.23859605521774482,0.07044393493250237,0.015193922431027589,0.7318712044494637,HorizontalScanPath_1,Horizontal,1,evaluation,coherent latent previous state,previous posterior,previous-frame truth
unsaturated,2420,0.33929464345127214,0.2511015180649622,0.004825814572709011,2.90922371262722,0.9971074380165289,11.140076689933396,1.0,0.0,-0.006693027382947449,0.26910629675940634,0.1275142405204524,0.06747262576347085,0.0024793388429752068,0.6952107990235455,HorizontalScanPath_1,Horizontal,1,evaluation,coherent latent previous state,previous posterior,previous-frame truth
saturated,81,5.333162939939713,2.0712761018223564,-1.2327581110254018,0.6413661801576477,0.5802469135802469,2.3585862968035385,1.0,0.0,2.2250208063150803,9.886165850156388,3.5573366918529006,1.459736204551985,0.3950617283950617,1.827157391248501,HorizontalScanPath_1,Horizontal,1,evaluation,coherent latent previous state,previous posterior,previous-frame truth
previous_top_1pct,26,9.314163588423064,4.843449563396164,-4.843449563396164,0.6519117834425654,0.34615384615384615,2.423683508327713,1.0,0.0,8.274936800617407,17.27751867221385,8.274936800617407,3.3310287265627423,0.7307692307692307,4.545355656176852,HorizontalScanPath_1,Horizontal,1,evaluation,coherent latent previous state,previous posterior,previous-frame truth
overall,2501,0.9801763384990112,0.25737848195875995,-0.04374582483884764,0.01872569303060204,0.021991203518592562,0.06405691443780527,0.03278688524590164,0.9672131147540983,3.619644301122009,15.657827405443639,4.449403439688681,1.0359642151810133,0.2682926829268293,0.25158636223696895,HorizontalScanPath_2,Horizontal,2,evaluation,hybrid previous state,previous posterior,previous-frame truth
unsaturated,2419,0.25176987239968984,0.20147494349801218,0.0036727110376258876,7.046660424175856e-13,0.0,0.0,0.0,1.0,,,,,,0.2014749434980054,HorizontalScanPath_2,Horizontal,2,evaluation,hybrid previous state,previous posterior,previous-frame truth
saturated,82,5.237632522309665,1.90653286655082,-1.4425926331948167,0.5711336374125746,0.6707317073170732,1.9537358903530606,1.0,0.0,3.619644301122009,15.657827405443639,4.449403439688681,1.0359642151810133,0.2682926829268293,1.7298732150363945,HorizontalScanPath_2,Horizontal,2,evaluation,hybrid previous state,previous posterior,previous-frame truth
previous_top_1pct,26,9.256681427032875,4.967348608000441,-4.894354572824218,0.7014689371998165,0.34615384615384615,2.3400724474511296,1.0,0.0,11.896977416992456,27.753034290418146,11.950978223007931,4.470610574336901,0.6923076923076923,4.716800754118791,HorizontalScanPath_2,Horizontal,2,evaluation,hybrid previous state,previous posterior,previous-frame truth
overall,2501,1.0031258153418343,0.2945853358584142,-0.06704918928306977,2.8351943223347287,0.9868052778888444,10.859679353543143,1.0,0.0,0.11198161632669293,2.5535539920116075,0.25705395400791653,0.06662807956899205,0.011195521791283487,0.7296734399414265,HorizontalScanPath_2,Horizontal,2,evaluation,coherent latent previous state,previous posterior,previous-frame truth
unsaturated,2419,0.33499731502663466,0.240092009997085,-0.020386095691046952,2.911951525653925,0.9975196362133113,11.161455216909923,1.0,0.0,0.000619661322999012,0.26441105299103795,0.12296952411640408,0.06357678579750586,0.0024803637866887144,0.6959446814559288,HorizontalScanPath_2,Horizontal,2,evaluation,coherent latent previous state,previous posterior,previous-frame truth
saturated,82,5.232627285708882,1.9021384487676258,-1.4436104502477427,0.5708568244184329,0.6707317073170732,1.9572913842231983,1.0,0.0,3.3971592889356628,14.029148910492353,4.212544635807535,1.0428252109817406,0.2682926829268293,1.7246718152636091,HorizontalScanPath_2,Horizontal,2,evaluation,coherent latent previous state,previous posterior,previous-frame truth
previous_top_1pct,26,9.248271047655589,4.963399459064804,-4.8895015396052965,0.7082616779849109,0.3076923076923077,2.3551573947237308,1.0,0.0,11.17365594070471,24.856014762539434,11.227668070518355,4.465273659523746,0.6923076923076923,4.708487382946066,HorizontalScanPath_2,Horizontal,2,evaluation,coherent latent previous state,previous posterior,previous-frame truth
overall,2501,1.0187689604064132,0.25783299738332094,-0.0660382946287794,0.0134619486844342,0.01719312275089964,0.05072851372040243,0.03198720511795282,0.9680127948820472,4.201041840251449,11.471871393809447,5.125016936904467,1.6151882645734115,0.4625,0.2526849420549971,HorizontalScanPath_3,Horizontal,3,evaluation,hybrid previous state,previous posterior,previous-frame truth
unsaturated,2421,0.2470960097016858,0.19668407342996533,-0.010314819617967281,7.020826057247728e-13,0.0,0.0,0.0,1.0,,,,,,0.19668407342992572,HorizontalScanPath_3,Horizontal,3,evaluation,hybrid previous state,previous posterior,previous-frame truth
saturated,80,5.531665369138604,2.108352308521746,-1.7523699571434812,0.42085417072587755,0.5375,1.585900160184081,1.0,0.0,4.201041840251449,11.471871393809447,5.125016936904467,1.6151882645734115,0.4625,1.9474112288212204,HorizontalScanPath_3,Horizontal,3,evaluation,hybrid previous state,previous posterior,previous-frame truth
previous_top_1pct,26,9.662738619674016,5.40853465479626,-5.40853465479626,0.3992478246098019,0.038461538461538464,1.4983902738149197,1.0,0.0,12.965273606565145,19.977570287665856,12.965273606565145,7.0827252993087875,0.9615384615384616,5.197683008559296,HorizontalScanPath_3,Horizontal,3,evaluation,hybrid previous state,previous posterior,previous-frame truth
overall,2501,1.0410754847637715,0.30299461404951894,-0.07029450390141884,2.820327197334836,0.9820071971211516,10.798377449347862,1.0,0.0,0.1270435618519829,2.0350181630024555,0.28392840636791145,0.06796167244729469,0.01799280287884846,0.7336495425011426,HorizontalScanPath_3,Horizontal,3,evaluation,coherent latent previous state,previous posterior,previous-frame truth
unsaturated,2421,0.3285998735047987,0.24326182743961047,-0.014680950691991872,2.899611534737121,0.9962825278810409,11.102880629840273,1.0,0.0,-0.005754686728782855,0.2724883512863211,0.12568095936351115,0.06461168217165546,0.003304419661296985,0.6935435181537724,HorizontalScanPath_3,Horizontal,3,evaluation,coherent latent previous state,previous posterior,previous-frame truth
saturated,80,5.533155531328144,2.110658068831873,-1.7532996579017024,0.42098493669819803,0.55,1.583349949696246,1.0,0.0,4.145850559527409,11.279200767650263,5.0728917713385755,1.4953639383535036,0.4625,1.9473581043134367,HorizontalScanPath_3,Horizontal,3,evaluation,coherent latent previous state,previous posterior,previous-frame truth
previous_top_1pct,26,9.665046087657394,5.409785425542404,-5.409785425542404,0.40115379479315155,0.07692307692307693,1.536410387665934,1.0,0.0,12.779128790057419,19.634843190239696,12.779128790057419,6.799903769098136,0.9615384615384616,5.198133235032712,HorizontalScanPath_3,Horizontal,3,evaluation,coherent latent previous state,previous posterior,previous-frame truth
overall,2501,1.0019297420727888,0.2601873441106419,-0.044909372397388306,0.018361121648884957,0.022790883646541384,0.06741150137743956,0.03598560575769692,0.9640143942423031,3.32589645034243,14.26567844646204,4.401920475530369,1.221030637903933,0.3111111111111111,0.253618823199093,HorizontalScanPath_4,Horizontal,4,evaluation,hybrid previous state,previous posterior,previous-frame truth
unsaturated,2411,0.25023124880743913,0.20209424009814783,0.002656481554838779,6.927005225162645e-13,0.0,0.0,0.0,1.0,,,,,,0.20209424009816412,HorizontalScanPath_4,Horizontal,4,evaluation,hybrid previous state,previous posterior,previous-frame truth
saturated,90,5.1204334494966055,1.8164370527120122,-1.3191457488287162,0.5102351693576797,0.6333333333333333,1.8732907216108483,1.0,0.0,3.32589645034243,14.26567844646204,4.401920475530369,1.221030637903933,0.3111111111111111,1.6339051549361991,HorizontalScanPath_4,Horizontal,4,evaluation,hybrid previous state,previous posterior,previous-frame truth
previous_top_1pct,26,9.482243600806465,5.072711067346358,-5.072711067346358,0.5697692866998114,0.19230769230769232,2.121497592629324,1.0,0.0,12.635035306687097,26.46928783119115,12.635035306687097,3.9456563904762207,0.7692307692307693,4.805424356599414,HorizontalScanPath_4,Horizontal,4,evaluation,hybrid previous state,previous posterior,previous-frame truth
overall,2501,1.0272922438515326,0.31341385658461846,-0.09127702333522082,2.820579435535993,0.9848060775689724,10.800329404930798,1.0,0.0,0.12958560133333785,2.76245374141242,0.28116650925446585,0.07388726623356247,0.011195521791283487,0.7274296688323167,HorizontalScanPath_4,Horizontal,4,evaluation,coherent latent previous state,previous posterior,previous-frame truth
unsaturated,2411,0.3441569283517691,0.25740113006440957,-0.04556274203508104,2.9068327101121056,0.9979261717129821,11.133314927584593,1.0,0.0,0.008618005342981941,0.24763323175310908,0.12555508933167436,0.07141338668500559,0.0008295313148071339,0.6936528870432438,HorizontalScanPath_4,Horizontal,4,evaluation,coherent latent previous state,previous posterior,previous-frame truth
saturated,90,5.114044118292024,1.8139325636982144,-1.3159118257200766,0.5099500466136775,0.6333333333333333,1.8800172369497488,1.0,0.0,3.3701730894749833,14.50580725394167,4.449823547408357,1.2264296772835679,0.28888888888888886,1.632272123204043,HorizontalScanPath_4,Horizontal,4,evaluation,coherent latent previous state,previous posterior,previous-frame truth
previous_top_1pct,26,9.47069870489087,5.065776486388116,-5.065776486388116,0.5642709317362322,0.19230769230769232,2.1093923208557395,1.0,0.0,12.802276944253691,26.917365010098575,12.802276944253691,4.042690900734321,0.7307692307692307,4.801300430751744,HorizontalScanPath_4,Horizontal,4,evaluation,coherent latent previous state,previous posterior,previous-frame truth
overall,2501,0.9762269068378304,0.25891118854814105,-0.04695829408105694,0.016200524909052747,0.019592163134746102,0.059682022095995886,0.03318672530987605,0.9668132746901239,3.7884833878705546,12.785127192493219,4.740037039059035,1.3748277090991683,0.3493975903614458,0.2528309917513842,HorizontalScanPath_5,Horizontal,5,evaluation,hybrid previous state,previous posterior,previous-frame truth
unsaturated,2418,0.250096820181334,0.19978183358410673,0.003560997916087732,6.877248596076684e-13,0.0,0.0,0.0,1.0,,,,,,0.19978183358413484,HorizontalScanPath_5,Horizontal,5,evaluation,hybrid previous state,previous posterior,previous-frame truth
saturated,83,5.186008022976323,1.981498903042539,-1.5187130898532955,0.48816280476961454,0.5903614457831325,1.798370328458864,1.0,0.0,3.7884833878705546,12.785127192493219,4.740037039059035,1.3748277090991683,0.3493975903614458,1.7982871899249837,HorizontalScanPath_5,Horizontal,5,evaluation,hybrid previous state,previous posterior,previous-frame truth
previous_top_1pct,26,9.220469517603567,5.227993611661038,-5.227993611661038,0.4768799322674031,0.07692307692307693,1.7519514167206909,1.0,0.0,12.866655321141252,22.773601128794112,12.866655321141252,5.600259847843816,0.9615384615384616,4.979932106093646,HorizontalScanPath_5,Horizontal,5,evaluation,hybrid previous state,previous posterior,previous-frame truth
overall,2501,0.9985980119994381,0.3050280521195876,-0.09783944529243285,2.823996185147805,0.984406237504998,10.815489204296023,1.0,0.0,0.13194074396543976,2.343205561352934,0.27705603751549357,0.07169476932045236,0.01479408236705318,0.7286713820149527,HorizontalScanPath_5,Horizontal,5,evaluation,coherent latent previous state,previous posterior,previous-frame truth
unsaturated,2418,0.3308402951864951,0.2474553165991754,-0.04902998027485483,2.90406409734773,0.9966914805624483,11.12392819054697,1.0,0.0,0.008043386250594168,0.26914780287238393,0.12558322198338073,0.06905009044115556,0.0033085194375516956,0.6919072064764099,HorizontalScanPath_5,Horizontal,5,evaluation,coherent latent previous state,previous posterior,previous-frame truth
saturated,83,5.182604423058653,1.982267503786537,-1.5197826550816338,0.49141532129937826,0.6265060240963856,1.829881147009387,1.0,0.0,3.7413842494413023,12.78028420596573,4.689842398438973,1.392500624148214,0.3493975903614458,1.7997048332462378,HorizontalScanPath_5,Horizontal,5,evaluation,coherent latent previous state,previous posterior,previous-frame truth
previous_top_1pct,26,9.214074991181326,5.229640431858432,-5.229640431858432,0.4797639014343603,0.07692307692307693,1.7598746341246065,1.0,0.0,12.716576068202256,22.765485892666508,12.716576068202256,5.8088894379354965,0.9615384615384616,4.979215434751973,HorizontalScanPath_5,Horizontal,5,evaluation,coherent latent previous state,previous posterior,previous-frame truth
overall,2501,0.9903578845257073,0.2558239609430799,-0.062444173913746195,0.011644945880562432,0.01599360255897641,0.0443948754384141,0.031187524990004,0.968812475009996,4.497319055297118,11.475765489162024,5.064340090062362,1.7943381030339247,0.47435897435897434,0.25101529844908355,HorizontalScanPath_6,Horizontal,6,evaluation,hybrid previous state,previous posterior,previous-frame truth
unsaturated,2423,0.24865325857105827,0.1979372641057094,-0.005583818378978243,6.882818310778331e-13,0.0,0.0,0.0,1.0,,,,,,0.19793726410572862,HorizontalScanPath_6,Horizontal,6,evaluation,hybrid previous state,previous posterior,previous-frame truth
saturated,78,5.4339770815283295,2.0540222485962705,-1.8287600900771146,0.3733847390463967,0.5128205128205128,1.4234818393778674,1.0,0.0,4.497319055297118,11.475765489162024,5.064340090062362,1.7943381030339247,0.47435897435897434,1.89983680119202,HorizontalScanPath_6,Horizontal,6,evaluation,hybrid previous state,previous posterior,previous-frame truth
previous_top_1pct,26,9.373398922469288,5.214490167426048,-5.214490167426048,0.4111040255441382,0.07692307692307693,1.5720890934085066,1.0,0.0,12.386832154174686,19.71233642077687,12.386832154174686,5.932033585753791,0.9230769230769231,4.987101990827306,HorizontalScanPath_6,Horizontal,6,evaluation,hybrid previous state,previous posterior,previous-frame truth
overall,2501,1.0236327317131948,0.31696298896993796,-0.11579437746975298,2.845448037939517,0.9828068772491003,10.902506317756822,1.0,0.0,0.15598625645218225,2.0556358319247243,0.27580425679615267,0.07081701393452204,0.01679328268692523,0.7368261626390276,HorizontalScanPath_6,Horizontal,6,evaluation,coherent latent previous state,previous posterior,previous-frame truth
unsaturated,2423,0.3611980046633677,0.2611044466103092,-0.060654420975232264,2.925034544891232,0.9979364424267437,11.207535176462871,1.0,0.0,0.01575202493001525,0.24451818317025553,0.12117966561028538,0.06794588500767262,0.0020635575732562937,0.6994162859870817,HorizontalScanPath_6,Horizontal,6,evaluation,coherent latent previous state,previous posterior,previous-frame truth
saturated,78,5.435511769142654,2.052158477910714,-1.8286676413956975,0.37316462327278954,0.5128205128205128,1.4270585659009594,1.0,0.0,4.512236807454881,11.560017983960252,5.079078416326363,1.8300845290933168,0.47435897435897434,1.8989304078655005,HorizontalScanPath_6,Horizontal,6,evaluation,coherent latent previous state,previous posterior,previous-frame truth
previous_top_1pct,26,9.376194360540731,5.215351613746459,-5.215351613746459,0.40999777011840605,0.11538461538461539,1.572622522846053,1.0,0.0,12.47070721896752,19.864290482988874,12.47070721896752,5.56795235342558,0.9230769230769231,4.988194059637541,HorizontalScanPath_6,Horizontal,6,evaluation,coherent latent previous state,previous posterior,previous-frame truth
overall,2501,0.945482147714477,0.2629135026912865,-0.01607354885504608,0.030607619269246725,0.021591363454618154,0.10680269014397607,0.032387045181927226,0.9676129548180727,0.7729346457624431,4.324562705254261,2.210047066187059,1.1825618536904994,0.20987654320987653,0.25182789257410815,HorizontalScanPath_7,Horizontal,7,evaluation,hybrid previous state,previous posterior,previous-frame truth
unsaturated,2420,0.25169546435351925,0.2001083960457762,0.009457913156560338,7.003705869054587e-13,0.0,0.0,0.0,1.0,,,,,,0.20010839604578184,HorizontalScanPath_7,Horizontal,7,evaluation,hybrid previous state,previous posterior,previous-frame truth
saturated,81,5.070401519652876,2.139312985186778,-0.7788653768561267,0.945057478897422,0.6666666666666666,3.2976978771615326,1.0,0.0,0.7729346457624431,4.324562705254261,2.210047066187059,1.1825618536904994,0.20987654320987653,1.7970276653957082,HorizontalScanPath_7,Horizontal,7,evaluation,hybrid previous state,previous posterior,previous-frame truth
previous_top_1pct,26,8.7556335023665,4.3792717379338955,-4.299084822792491,0.9811411541979125,0.6153846153846154,3.2997018228353716,1.0,0.0,4.232535422099634,7.340739991872249,4.329478820333493,1.3329727495222157,0.4230769230769231,4.045311009641116,HorizontalScanPath_7,Horizontal,7,evaluation,hybrid previous state,previous posterior,previous-frame truth
overall,2501,0.9951393863985568,0.3359804692615277,-0.08686054811883617,2.86730879293547,0.9860055977608957,10.99691635852748,1.0,0.0,0.033012849734606255,0.8169476409264588,0.19670521461888726,0.07070940864624586,0.008796481407437025,0.7405169133894753,HorizontalScanPath_7,Horizontal,7,evaluation,coherent latent previous state,previous posterior,previous-frame truth
unsaturated,2420,0.40384032476799614,0.27569639546241864,-0.06354257803558462,2.9317050693390394,0.9975206611570248,11.254692090544507,1.0,0.0,0.008655348105291696,0.26767712372616126,0.12969693497562346,0.0685351348238053,0.002066115702479339,0.7052308026376032,HorizontalScanPath_7,Horizontal,7,evaluation,coherent latent previous state,previous posterior,previous-frame truth
saturated,81,5.069974236138179,2.137060204987996,-0.7835208888777097,0.9433706584090827,0.6419753086419753,3.2954685624632525,1.0,0.0,0.760730799647461,4.2972579549987575,2.1986809768003504,1.1836746341309266,0.20987654320987653,1.7947439259762736,HorizontalScanPath_7,Horizontal,7,evaluation,coherent latent previous state,previous posterior,previous-frame truth
previous_top_1pct,26,8.756144931421975,4.379029269999358,-4.3031674840345335,0.9824653228595627,0.6153846153846154,3.293159477895863,1.0,0.0,4.204260063462509,7.294883684922906,4.296936028618896,1.2776710377766598,0.4230769230769231,4.042751977196191,HorizontalScanPath_7,Horizontal,7,evaluation,coherent latent previous state,previous posterior,previous-frame truth
overall,2501,0.9407355706363907,0.2613587198333862,-0.028243837060803554,0.0217551050103862,0.020791683326669332,0.07988775196346064,0.03318672530987605,0.9668132746901239,1.5200978336765503,8.47330736040959,3.2468504429050564,1.4187234944171445,0.3132530120481928,0.2527951404667549,HorizontalScanPath_8,Horizontal,8,evaluation,hybrid previous state,previous posterior,previous-frame truth
unsaturated,2418,0.25365295879145805,0.20221225416819655,0.002226812247075156,6.901765575955063e-13,0.0,0.0,0.0,1.0,,,,,,0.20221225416821906,HorizontalScanPath_8,Horizontal,8,evaluation,hybrid previous state,previous posterior,previous-frame truth
saturated,83,4.979197478320558,1.984444912344575,-0.9159309458132219,0.6555363569796028,0.6265060240963856,2.407220092296567,1.0,0.0,1.5200978336765503,8.47330736040959,3.2468504429050564,1.4187234944171445,0.3132530120481928,1.726402599139761,HorizontalScanPath_8,Horizontal,8,evaluation,hybrid previous state,previous posterior,previous-frame truth
previous_top_1pct,26,8.765671102219759,4.497256694207716,-4.475263084794316,0.6795227037139122,0.38461538461538464,2.437717655820644,1.0,0.0,7.3960176847702614,14.937983166284484,7.419086247408478,2.4621459428471555,0.6923076923076923,4.189105540379051,HorizontalScanPath_8,Horizontal,8,evaluation,hybrid previous state,previous posterior,previous-frame truth
overall,2501,0.9868451147781985,0.330981694292919,-0.10180300900613756,2.851543699756021,0.9852059176329468,10.929209124022435,1.0,0.0,0.07070184089826646,1.5759895591675377,0.23990766517354012,0.06793729138188412,0.011995201919232307,0.7403410809357678,HorizontalScanPath_8,Horizontal,8,evaluation,coherent latent previous state,previous posterior,previous-frame truth
unsaturated,2418,0.39463507875749143,0.27414700815190624,-0.07409797044018415,2.9269043770040444,0.9983457402812241,11.221580675480835,1.0,0.0,0.02067428198408362,0.27700751457364414,0.1363557103433936,0.06480931763517395,0.0012406947890818859,0.7064113161893778,HorizontalScanPath_8,Horizontal,8,evaluation,coherent latent previous state,previous posterior,previous-frame truth
saturated,83,4.980758606445322,1.9867199001841105,-0.9089208795178886,0.6560964999280655,0.6024096385542169,2.4116860947885486,1.0,0.0,1.528131207819882,8.520917339293016,3.2566381082975657,1.4349615634285096,0.3253012048192771,1.728800974390837,HorizontalScanPath_8,Horizontal,8,evaluation,coherent latent previous state,previous posterior,previous-frame truth
previous_top_1pct,26,8.76660144715965,4.493103871449445,-4.470568689171774,0.6783248128220843,0.34615384615384615,2.431479400588122,1.0,0.0,7.426801208375806,15.026338310475191,7.450235227813473,2.477268582016312,0.6923076923076923,4.188441244528717,HorizontalScanPath_8,Horizontal,8,evaluation,coherent latent previous state,previous posterior,previous-frame truth
overall,2501,0.9721761697043502,0.2593722366963208,-0.043587536185884394,0.025238768606131057,0.020791683326669332,0.08514830078206542,0.029188324670131948,0.970811675329868,1.8055678749126043,6.979077377065737,2.6139013479721,1.138680974745311,0.273972602739726,0.25006899569698227,HorizontalScanPath_10,Horizontal,10,evaluation,hybrid previous state,previous posterior,previous-frame truth
unsaturated,2428,0.2504060380514338,0.20181738359009932,-0.00046659708068354987,6.882965392804123e-13,0.0,0.0,0.0,1.0,,,,,,0.20181738359010035,HorizontalScanPath_10,Horizontal,10,evaluation,hybrid previous state,previous posterior,previous-frame truth
saturated,73,5.504068306518821,2.1736624194621537,-1.4778017847807838,0.864687127154282,0.7123287671232876,2.917204113095145,1.0,0.0,1.8055678749126043,6.979077377065737,2.6139013479721,1.138680974745311,0.273972602739726,1.8549308339916304,HorizontalScanPath_10,Horizontal,10,evaluation,hybrid previous state,previous posterior,previous-frame truth
previous_top_1pct,26,9.145818375624431,4.810398858602302,-4.810398858602302,0.873954855364069,0.34615384615384615,3.0292204672999503,1.0,0.0,5.761148318086239,11.61101895809871,5.761148318086239,2.7171018730456873,0.6538461538461539,4.365049213060288,HorizontalScanPath_10,Horizontal,10,evaluation,hybrid previous state,previous posterior,previous-frame truth
overall,2501,1.027598986142949,0.34039517162180055,-0.11009100673276769,2.8629392850825757,0.9884046381447421,10.972382027738412,1.0,0.0,0.07323515809962378,1.2290448761500439,0.2073240998740922,0.0735226719572329,0.010795681727309077,0.7389901053318322,HorizontalScanPath_10,Horizontal,10,evaluation,coherent latent previous state,previous posterior,previous-frame truth
unsaturated,2428,0.4212195997162027,0.28541445703305185,-0.06894604273699728,2.9230010419048895,0.9962932454695222,11.214200538264372,1.0,0.0,0.021146545967584456,0.27286604770780665,0.1352552602184412,0.07119808275397392,0.002471169686985173,0.705542211659179,HorizontalScanPath_10,Horizontal,10,evaluation,coherent latent previous state,previous posterior,previous-frame truth
saturated,73,5.502384216732587,2.1690688020530584,-1.478583781824967,0.8652687978965683,0.726027397260274,2.929432115998266,1.0,0.0,1.805716668463891,7.0196494699048495,2.6043534517086218,1.148889727131162,0.2876712328767123,1.8514762126907645,HorizontalScanPath_10,Horizontal,10,evaluation,coherent latent previous state,previous posterior,previous-frame truth
previous_top_1pct,26,9.144330252615722,4.8085021976317295,-4.8085021976317295,0.8748054022643326,0.34615384615384615,3.0269272315224387,1.0,0.0,5.7517432294202555,11.681036145231113,5.7517432294202555,2.6497200150650406,0.6538461538461539,4.3643726594845305,HorizontalScanPath_10,Horizontal,10,evaluation,coherent latent previous state,previous posterior,previous-frame truth
overall,2501,0.9161878948199974,0.25638560388802806,-0.0463472410707666,0.016523630465916685,0.01759296281487405,0.05997294870414338,0.031187524990004,0.968812475009996,2.4149582594151573,8.519392481196688,3.7979247734540467,1.4552570717822837,0.41025641025641024,0.24918623072316093,HorizontalScanPath_11,Horizontal,11,evaluation,hybrid previous state,previous posterior,previous-frame truth
unsaturated,2423,0.24989981162618363,0.19912858643927173,-0.006149769713295657,6.937161921872763e-13,0.0,0.0,0.0,1.0,,,,,,0.19912858643929202,HorizontalScanPath_11,Horizontal,11,evaluation,hybrid previous state,previous posterior,previous-frame truth
saturated,78,4.9974658971769905,2.035023466430805,-1.2950456141368192,0.5298153819689329,0.5641025641025641,1.9229787783213153,1.0,0.0,2.4149582594151573,8.519392481196688,3.7979247734540467,1.4552570717822837,0.41025641025641024,1.8041820268746274,HorizontalScanPath_11,Horizontal,11,evaluation,hybrid previous state,previous posterior,previous-frame truth
previous_top_1pct,26,8.57197639280755,4.696538524479745,-4.665691386838826,0.5276449377112706,0.19230769230769232,1.96157263055327,1.0,0.0,8.602893032407842,14.563425032324357,8.637401836344653,4.2025594127007855,0.7692307692307693,4.425263963661984,HorizontalScanPath_11,Horizontal,11,evaluation,hybrid previous state,previous posterior,previous-frame truth
overall,2501,0.9707402603498065,0.34016826044678145,-0.1302964948228162,2.8555677347516455,0.9840063974410236,10.923834743495375,1.0,0.0,0.10560103706378893,1.5606319694866924,0.24750220986502283,0.07379058552907217,0.01479408236705318,0.7397101097681801,HorizontalScanPath_11,Horizontal,11,evaluation,coherent latent previous state,previous posterior,previous-frame truth
unsaturated,2423,0.41085246270605036,0.2857109325895449,-0.09278085057296244,2.93052346522836,0.9975237309120925,11.213795011219759,1.0,0.0,0.02983001165615737,0.2595419667406203,0.13175552446510533,0.07125067813099897,0.0020635575732562937,0.7054111630699923,HorizontalScanPath_11,Horizontal,11,evaluation,coherent latent previous state,previous posterior,previous-frame truth
saturated,78,4.997155837849318,2.031836278370936,-1.295686315558658,0.5271352354557546,0.5641025641025641,1.9164792473904602,1.0,0.0,2.459359941713676,8.717906511708561,3.843069116582972,1.453840124314826,0.41025641025641024,1.8051761078413733,HorizontalScanPath_11,Horizontal,11,evaluation,coherent latent previous state,previous posterior,previous-frame truth
previous_top_1pct,26,8.571510743186119,4.69506145881051,-4.66456293669355,0.523341978693441,0.19230769230769232,1.9530426044500604,1.0,0.0,8.72405657912408,14.905563847478383,8.758405959127602,4.339979513478032,0.7692307692307693,4.425506539355682,HorizontalScanPath_11,Horizontal,11,evaluation,coherent latent previous state,previous posterior,previous-frame truth
overall,2501,1.002060840016103,0.26951334446025593,-0.0662182788425685,0.012526724652787383,0.014394242303078768,0.04954630848378952,0.03438624550179928,0.9656137544982007,4.258482191711774,11.08019135856974,5.210617003803203,2.2941197151860484,0.5581395348837209,0.2642102198865143,HorizontalScanPath_12,Horizontal,12,evaluation,hybrid previous state,previous posterior,previous-frame truth
unsaturated,2415,0.25301956262345054,0.20436990546877284,-0.005732650992629905,7.084531578427546e-13,0.0,0.0,0.0,1.0,,,,,,0.2043699054687961,HorizontalScanPath_12,Horizontal,12,evaluation,hybrid previous state,previous posterior,previous-frame truth
saturated,86,5.234848904337671,2.09883200916295,-1.7647391074193328,0.36429463203384105,0.4186046511627907,1.44087578509253,1.0,0.0,4.258482191711774,11.08019135856974,5.210617003803203,2.2941197151860484,0.5581395348837209,1.9446097468491816,HorizontalScanPath_12,Horizontal,12,evaluation,hybrid previous state,previous posterior,previous-frame truth
previous_top_1pct,26,9.456692452463985,5.610575932014836,-5.610575932014836,0.3798378110629502,0.0,1.5378742261992215,1.0,0.0,13.389534118360228,19.899845588325483,13.389534118360228,8.555058856540949,1.0,5.40324503195926,HorizontalScanPath_12,Horizontal,12,evaluation,hybrid previous state,previous posterior,previous-frame truth
overall,2501,1.0575121363685076,0.3481040516943945,-0.1722677317305681,2.845298430605014,0.9772091163534586,10.88494432116719,1.0,0.0,0.17915026492125,2.0585488181396063,0.3064129755280276,0.06930220015240464,0.021191523390643743,0.7526686018498233,HorizontalScanPath_12,Horizontal,12,evaluation,coherent latent previous state,previous posterior,previous-frame truth
unsaturated,2415,0.42685846850262926,0.2857741924640474,-0.11546035358620364,2.9335415103179967,0.9979296066252588,11.221036096957663,1.0,0.0,0.03411590036075772,0.2657521307037009,0.13264864418460653,0.06676661550784979,0.0016563146997929607,0.710286546760409,HorizontalScanPath_12,Horizontal,12,evaluation,coherent latent previous state,previous posterior,previous-frame truth
saturated,86,5.235073399604833,2.09841347077914,-1.767498176133361,0.3673096223857902,0.3953488372093023,1.4470182917022087,1.0,0.0,4.251917595311819,11.011483585085085,5.185957861508979,2.2471241660366887,0.5697674418604651,1.9428158465118628,HorizontalScanPath_12,Horizontal,12,evaluation,coherent latent previous state,previous posterior,previous-frame truth
previous_top_1pct,26,9.456880600739883,5.60928130720678,-5.60928130720678,0.38031937070545496,0.0,1.5287470973490913,1.0,0.0,13.371280589367258,19.78205287000387,13.371280589367258,8.251586267514234,1.0,5.399834909655545,HorizontalScanPath_12,Horizontal,12,evaluation,coherent latent previous state,previous posterior,previous-frame truth
overall,2501,0.9932838287488703,0.26137375853823336,-0.03464743871204708,0.028133413920870255,0.019592163134746102,0.09443655537906917,0.03078768492602959,0.9692123150739704,2.2544870575390483,11.515632014865167,3.655750885946942,1.2964455832430493,0.2987012987012987,0.2502746670273454,HorizontalScanPath_13,Horizontal,13,development,hybrid previous state,previous posterior,previous-frame truth
unsaturated,2424,0.24717088258374034,0.19413157186782032,-0.0035026456126245674,6.859990546836324e-13,0.0,0.0,0.0,1.0,,,,,,0.1941315718678067,HorizontalScanPath_13,Horizontal,13,development,hybrid previous state,previous posterior,previous-frame truth
saturated,77,5.488391542511753,2.3781927259288977,-1.015101704595166,0.9137878988887487,0.6363636363636364,3.067348376663013,1.0,0.0,2.2544870575390483,11.515632014865167,3.655750885946942,1.2964455832430493,0.2987012987012987,2.017688467893862,HorizontalScanPath_13,Horizontal,13,development,hybrid previous state,previous posterior,previous-frame truth
previous_top_1pct,26,9.263606504585857,4.83826352838156,-4.801465420770429,0.8758710576304056,0.34615384615384615,2.971558396511588,1.0,0.0,8.365006134327041,19.71304059060388,8.385249877384311,2.654795051165598,0.6538461538461539,4.521800966484844,HorizontalScanPath_13,Horizontal,13,development,hybrid previous state,previous posterior,previous-frame truth
overall,2501,1.0711371074565077,0.3795488177096113,-0.10657418098766543,2.885589527618371,0.9856057576969213,11.037495663196731,1.0,0.0,0.08327532334476823,2.026061962877765,0.24987756722907406,0.07538389407311294,0.012395041983206718,0.7580614963262494,HorizontalScanPath_13,Horizontal,13,development,coherent latent previous state,previous posterior,previous-frame truth
unsaturated,2424,0.47891203983599373,0.31620793831759053,-0.07762004877892972,2.9483094666153358,0.9966996699669967,11.29133495098626,1.0,0.0,0.01468887461283621,0.28388131129340166,0.14217736934769395,0.07284100138781313,0.0028877887788778876,0.7182408250043842,HorizontalScanPath_13,Horizontal,13,development,coherent latent previous state,previous posterior,previous-frame truth
saturated,77,5.481401079024892,2.373552605323356,-1.0180653040263061,0.9111332662074351,0.6363636363636364,3.046503019017322,1.0,0.0,2.2424123587500047,11.43648516575893,3.640335744689664,1.3169132618873727,0.3116883116883117,2.011636915601587,HorizontalScanPath_13,Horizontal,13,development,coherent latent previous state,previous posterior,previous-frame truth
previous_top_1pct,26,9.253040767249706,4.837329323661991,-4.80037282914704,0.8768400949183112,0.34615384615384615,2.9941111439726367,1.0,0.0,8.333459836522307,19.578280071360645,8.354147951010976,2.6388521649261403,0.6538461538461539,4.516335920716558,HorizontalScanPath_13,Horizontal,13,development,coherent latent previous state,previous posterior,previous-frame truth
overall,2501,0.9256605463688148,0.25278677247156506,-0.055102247913427924,0.01963784543996535,0.02039184326269492,0.07062602147958945,0.028788484606157537,0.9712115153938424,2.2724816287603176,7.0811306626256005,3.028190388769209,0.7583941278647861,0.2361111111111111,0.24794288824612587,SpiralScanPath_1,Spiral,1,evaluation,hybrid previous state,previous posterior,previous-frame truth
unsaturated,2429,0.25056236892508293,0.1984678713874814,-0.007312847978057303,6.820290213781171e-13,0.0,0.0,0.0,1.0,,,,,,0.19846787138746858,SpiralScanPath_1,Spiral,1,evaluation,hybrid previous state,previous posterior,previous-frame truth
saturated,72,5.2579030462544845,2.085295254877664,-1.6673307540664173,0.6821423811624541,0.7083333333333334,2.453273329450739,1.0,0.0,2.2724816287603176,7.0811306626256005,3.028190388769209,0.7583941278647861,0.2361111111111111,1.9170375542138816,SpiralScanPath_1,Spiral,1,evaluation,hybrid previous state,previous posterior,previous-frame truth
previous_top_1pct,26,8.728947968973426,5.129822986674812,-5.127700526473494,0.8052308762255542,0.34615384615384615,2.8129838108201435,1.0,0.0,7.228096680452996,11.732860836755519,7.229975309701697,5.384673147643845,0.6538461538461539,4.833434791601457,SpiralScanPath_1,Spiral,1,evaluation,hybrid previous state,previous posterior,previous-frame truth
overall,2501,0.9404079982641274,0.2723356684380897,-0.026196874057320782,2.874311485758368,0.9888044782087165,10.998855415563014,1.0,0.0,0.05199269127907828,1.2084127427685671,0.19562083798828594,0.05970482484129003,0.009996001599360257,0.7345825352067823,SpiralScanPath_1,Spiral,1,evaluation,coherent latent previous state,previous posterior,previous-frame truth
unsaturated,2429,0.3008029739914934,0.21847764283970394,0.02248524938401711,2.939365052104155,0.9975298476739399,11.252212824500614,1.0,0.0,-0.013176642205491647,0.25176514168637526,0.11188493023059538,0.05800694371698379,0.002881844380403458,0.6994999203036455,SpiralScanPath_1,Spiral,1,evaluation,coherent latent previous state,previous posterior,previous-frame truth
saturated,72,5.25993841689532,2.0892960042502966,-1.6685423995991226,0.6796571433428513,0.6944444444444444,2.4515617168209607,1.0,0.0,2.2505525667515833,6.9703238216822205,3.020544726091485,0.7856379586492336,0.25,1.9181335296473319,SpiralScanPath_1,Spiral,1,evaluation,coherent latent previous state,previous posterior,previous-frame truth
previous_top_1pct,26,8.731876588826204,5.1300590766200465,-5.1300590766200465,0.8066724621244331,0.34615384615384615,2.8032751711914576,1.0,0.0,7.180755476882703,11.545078834512346,7.180755476882703,5.419377349815443,0.6538461538461539,4.833465731170355,SpiralScanPath_1,Spiral,1,evaluation,coherent latent previous state,previous posterior,previous-frame truth
overall,2501,0.9946917400353323,0.2664651834379615,-0.07154694519641833,0.01006483563799039,0.018392642942822873,0.038894876199258126,0.03558576569372251,0.9644142343062775,5.75124559815937,16.600636695785088,6.807077472911175,1.7285397489139722,0.48314606741573035,0.26198827979599076,SpiralScanPath_2,Spiral,2,evaluation,hybrid previous state,previous posterior,previous-frame truth
unsaturated,2412,0.25239036176130564,0.20207080934358715,-0.010571039932710507,7.085780733363604e-13,0.0,0.0,0.0,1.0,,,,,,0.20207080934358618,SpiralScanPath_2,Spiral,2,evaluation,hybrid previous state,previous posterior,previous-frame truth
saturated,89,5.106585303216588,2.011625074624826,-1.7240624900960055,0.28283319021241426,0.5168539325842697,1.0929897233072423,1.0,0.0,5.75124559815937,16.600636695785088,6.807077472911175,1.7285397489139722,0.48314606741573035,1.8858190520566636,SpiralScanPath_2,Spiral,2,evaluation,hybrid previous state,previous posterior,previous-frame truth
previous_top_1pct,26,9.413251538173252,5.848533298396621,-5.848533298396621,0.29887739037880895,0.0,1.1505232895188224,1.0,0.0,19.456355713891792,30.560073633184313,19.456355713891792,10.270441059421014,1.0,5.6803108282012955,SpiralScanPath_2,Spiral,2,evaluation,hybrid previous state,previous posterior,previous-frame truth
overall,2501,1.0055905564262324,0.2881491521379651,-0.05041743412189618,2.816121896120094,0.9820071971211516,10.79827302750884,1.0,0.0,0.19442323023185962,3.0935932683250496,0.35139238769235287,0.06708178208736501,0.01799280287884846,0.7321268073791298,SpiralScanPath_2,Spiral,2,evaluation,coherent latent previous state,previous posterior,previous-frame truth
unsaturated,2412,0.2929107999578857,0.22465897107133428,0.011389561772959,2.9095589221781024,0.9983416252072969,11.156577738603811,1.0,0.0,-0.009720793833984658,0.23929634266109406,0.11551892110855172,0.06490892840802998,0.0012437810945273632,0.6896911468455925,SpiralScanPath_2,Spiral,2,evaluation,coherent latent previous state,previous posterior,previous-frame truth
saturated,89,5.107936544729735,2.008804396325758,-1.7254564689352747,0.283873504525532,0.5393258426966292,1.0878127672721567,1.0,0.0,5.7269556577241785,16.351906347281403,6.743828358480313,1.8539930641083493,0.47191011235955055,1.8821808883554436,SpiralScanPath_2,Spiral,2,evaluation,coherent latent previous state,previous posterior,previous-frame truth
previous_top_1pct,26,9.416030775208274,5.846603428568452,-5.846603428568452,0.2937107708251623,0.0,1.1304209627358086,1.0,0.0,19.344680169071868,30.107489995393372,19.344680169071868,10.686575426746586,1.0,5.680813528198775,SpiralScanPath_2,Spiral,2,evaluation,coherent latent previous state,previous posterior,previous-frame truth
overall,2501,1.0091569422484588,0.26873546227223266,-0.0593614306494239,0.009275549640348064,0.011995201919232307,0.03532714597091834,0.032387045181927226,0.9676129548180727,6.907145603409211,20.26242658277727,7.94475901995262,2.4415865185636982,0.6049382716049383,0.26450138555902997,SpiralScanPath_3,Spiral,3,evaluation,hybrid previous state,previous posterior,previous-frame truth
unsaturated,2420,0.2560779898232451,0.2047933385092014,0.0007375858460452134,6.960365521980327e-13,0.0,0.0,0.0,1.0,,,,,,0.20479333850918302,SpiralScanPath_3,Spiral,3,evaluation,hybrid previous state,previous posterior,previous-frame truth
saturated,81,5.4300478202254014,2.17910508580971,-1.85491229384739,0.2863969092447667,0.37037037037037035,1.090780149052676,1.0,0.0,6.907145603409211,20.26242658277727,7.94475901995262,2.4415865185636982,0.6049382716049383,2.048371433221124,SpiralScanPath_3,Spiral,3,evaluation,hybrid previous state,previous posterior,previous-frame truth
previous_top_1pct,26,9.549726554830201,5.774093809980434,-5.774093809980434,0.2711720586342135,0.0,1.04025924884666,1.0,0.0,21.260495900523345,35.652907478031395,21.260495900523345,12.34692981705939,1.0,5.620721272051531,SpiralScanPath_3,Spiral,3,evaluation,hybrid previous state,previous posterior,previous-frame truth
overall,2501,1.021745011674298,0.29177863504754264,-0.05080387922394519,2.8164780724811993,0.9760095961615354,10.78400516177763,1.0,0.0,0.20751504625731426,3.535204659134459,0.3663563360423448,0.06464453230906145,0.022790883646541384,0.7334824020682028,SpiralScanPath_3,Spiral,3,evaluation,coherent latent previous state,previous posterior,previous-frame truth
unsaturated,2420,0.30251071597748075,0.2285598622122535,0.009487719020128065,2.9012575229826214,0.996694214876033,11.108484594626612,1.0,0.0,-0.013688316053534452,0.24740958472338687,0.11529065293140572,0.06183639944987191,0.003305785123966942,0.6894686046199915,SpiralScanPath_3,Spiral,3,evaluation,coherent latent previous state,previous posterior,previous-frame truth
saturated,81,5.431379244758238,2.1805370333364276,-1.8521084193555164,0.2835611562658923,0.35802469135802467,1.0896813655488082,1.0,0.0,6.816306858507365,19.59734984305984,7.867331066023487,2.3894343910306004,0.6049382716049383,2.0484625233604428,SpiralScanPath_3,Spiral,3,evaluation,coherent latent previous state,previous posterior,previous-frame truth
previous_top_1pct,26,9.552088841650114,5.772563336605705,-5.772563336605705,0.26971973442498587,0.0,1.0393508300931187,1.0,0.0,20.969171972257588,34.47368938324873,20.969171972257588,12.190649244256207,1.0,5.620239822367706,SpiralScanPath_3,Spiral,3,evaluation,coherent latent previous state,previous posterior,previous-frame truth
overall,2501,0.9905456971508204,0.2658305435408791,-0.040858325942094716,0.019935884140449243,0.01719312275089964,0.06984551550935801,0.03198720511795282,0.9680127948820472,2.3077630248282226,11.39225408368738,4.3957167970183315,1.6539971398396083,0.4125,0.25676582072799137,SpiralScanPath_4,Spiral,4,evaluation,hybrid previous state,previous posterior,previous-frame truth
unsaturated,2421,0.24744592430654053,0.19748652095721897,-0.007908547416114948,6.994926769334074e-13,0.0,0.0,0.0,1.0,,,,,,0.19748652095723193,SpiralScanPath_4,Spiral,4,evaluation,hybrid previous state,previous posterior,previous-frame truth
saturated,80,5.368538606838664,2.3340915269788938,-1.0380009985845575,0.6232455779196261,0.5375,2.1835454286113047,1.0,0.0,2.3077630248282226,11.39225408368738,4.3957167970183315,1.6539971398396083,0.4125,2.0507056300405986,SpiralScanPath_4,Spiral,4,evaluation,hybrid previous state,previous posterior,previous-frame truth
previous_top_1pct,26,9.287567938163642,5.145018634304406,-5.0256771328273455,0.587678545834386,0.3076923076923077,2.086383515327797,1.0,0.0,10.032661484271639,19.816181529347528,10.19423065132504,5.47823703928807,0.6923076923076923,4.898666153895915,SpiralScanPath_4,Spiral,4,evaluation,hybrid previous state,previous posterior,previous-frame truth
overall,2501,1.0174214153669003,0.3091594980900966,-0.04590423622044887,2.8177453701992943,0.9824070371851259,10.793355366662478,1.0,0.0,0.07335000570955531,2.073381347849731,0.25946828198318816,0.06584251367378094,0.015193922431027589,0.7359740561081867,SpiralScanPath_4,Spiral,4,evaluation,coherent latent previous state,previous posterior,previous-frame truth
unsaturated,2421,0.34101351219483494,0.24217090100099323,-0.013152803078973199,2.8902334125776252,0.9975216852540273,11.077468385387832,1.0,0.0,-0.0006797420981729945,0.26023872915198915,0.12207992266720934,0.06360439646515284,0.0024783147459727386,0.6924722097077658,SpiralScanPath_4,Spiral,4,evaluation,coherent latent previous state,previous posterior,previous-frame truth
saturated,80,5.370477604145451,2.336401917499085,-1.0370444816643563,0.6240759877250511,0.525,2.1953851374864763,1.0,0.0,2.313675248740933,11.504137389087907,4.417183505782996,1.6558247225412872,0.4,2.0524486828009243,SpiralScanPath_4,Spiral,4,evaluation,coherent latent previous state,previous posterior,previous-frame truth
previous_top_1pct,26,9.289866451456422,5.144983063189368,-5.024176705595664,0.5887760014377655,0.34615384615384615,2.0980410091442163,1.0,0.0,10.068192086891369,20.0094517605235,10.234958524270176,5.583424980433525,0.6923076923076923,4.8984797485406695,SpiralScanPath_4,Spiral,4,evaluation,coherent latent previous state,previous posterior,previous-frame truth
overall,2501,0.9885656046373706,0.2551391810711962,-0.03520376180755039,0.027111791096520135,0.023590563774490203,0.091213116496873,0.03358656537385046,0.9664134346261496,1.1135258076726278,7.254141301647668,2.4150680529386412,1.0904911907607526,0.2261904761904762,0.24517492456019288,SpiralScanPath_5,Spiral,5,evaluation,hybrid previous state,previous posterior,previous-frame truth
unsaturated,2417,0.24893126459092857,0.19623456899984137,-0.0013403584448830944,6.95744873556721e-13,0.0,0.0,0.0,1.0,,,,,,0.1962345689998399,SpiralScanPath_5,Spiral,5,evaluation,hybrid previous state,previous posterior,previous-frame truth
saturated,84,5.226259764618206,1.9500492688862512,-1.00958287999287,0.807221303937086,0.7023809523809523,2.7157619566509448,1.0,0.0,1.1135258076726278,7.254141301647668,2.4150680529386412,1.0904911907607526,0.2261904761904762,1.6533753934813031,SpiralScanPath_5,Spiral,5,evaluation,hybrid previous state,previous posterior,previous-frame truth
previous_top_1pct,26,9.296462985119467,4.694470924460798,-4.694470924460798,1.0165202661462527,0.5,3.2811718114570194,1.0,0.0,5.549810700997261,12.91319165117467,5.549810700997261,2.077284911166009,0.5384615384615384,4.278676682196508,SpiralScanPath_5,Spiral,5,evaluation,hybrid previous state,previous posterior,previous-frame truth
overall,2501,1.019206512363228,0.29879493837491045,-0.051529519313392086,2.8406907531739547,0.98640543782487,10.871057648715334,1.0,0.0,0.03837901837697861,1.3357242735710793,0.19555018247006525,0.0632603126224198,0.010795681727309077,0.7275543928435102,SpiralScanPath_5,Spiral,5,evaluation,coherent latent previous state,previous posterior,previous-frame truth
unsaturated,2417,0.35508965989043945,0.2414540325510128,-0.018188466380714294,2.911571616048796,0.9966901117087298,11.155463093394417,1.0,0.0,0.0020672842154382865,0.2517712774445771,0.11836165048239246,0.06008010204535481,0.0024824162184526274,0.6953555108517478,SpiralScanPath_5,Spiral,5,evaluation,coherent latent previous state,previous posterior,previous-frame truth
saturated,84,5.224982640601925,1.9487112404744413,-1.0108786257215139,0.8011783059299998,0.6904761904761905,2.6876295559850156,1.0,0.0,1.0832059406203467,7.162212202235437,2.416558299305842,1.0735630963013951,0.25,1.6540388901541003,SpiralScanPath_5,Spiral,5,evaluation,coherent latent previous state,previous posterior,previous-frame truth
previous_top_1pct,26,9.294644816450989,4.696341251980405,-4.696341251980405,1.018078514634764,0.5,3.2627701951785664,1.0,0.0,5.503797814291341,12.739306028077058,5.503797814291341,1.9646524806334207,0.5,4.277739517781229,SpiralScanPath_5,Spiral,5,evaluation,coherent latent previous state,previous posterior,previous-frame truth
overall,2501,0.9866609991532614,0.258024219048808,-0.054953263254604715,0.017647074413120308,0.021191523390643743,0.06281615171447004,0.032387045181927226,0.9676129548180727,2.845520314127407,10.422352451399155,3.9996016117652347,1.1701682057635383,0.3333333333333333,0.25178470651550294,SpiralScanPath_6,Spiral,6,evaluation,hybrid previous state,previous posterior,previous-frame truth
unsaturated,2420,0.2490830117253587,0.19852830681320022,-0.0076764044264389765,6.939166439172265e-13,0.0,0.0,0.0,1.0,,,,,,0.1985283068131972,SpiralScanPath_6,Spiral,6,evaluation,hybrid previous state,previous posterior,previous-frame truth
saturated,81,5.310809892626881,2.0355564117669664,-1.4674223788615317,0.544880655623884,0.654320987654321,1.9395456226899945,1.0,0.0,2.845520314127407,10.422352451399155,3.9996016117652347,1.1701682057635383,0.3333333333333333,1.8429018334238976,SpiralScanPath_6,Spiral,6,evaluation,hybrid previous state,previous posterior,previous-frame truth
previous_top_1pct,26,9.330993721716695,5.281989644274924,-5.279820542462478,0.5927543852445085,0.19230769230769232,2.0846098595472253,1.0,0.0,10.29069481386311,18.300588718251767,10.292622523356545,6.089052936813955,0.8076923076923077,5.001463057419103,SpiralScanPath_6,Spiral,6,evaluation,hybrid previous state,previous posterior,previous-frame truth
overall,2501,1.0425401502203566,0.3367171938402166,-0.11832986810664471,2.8476074482591462,0.9852059176329468,10.902144408443062,1.0,0.0,0.1113095002817887,1.891508125901828,0.25873493955904603,0.07043159161953831,0.012794882047181128,0.7439700579145334,SpiralScanPath_6,Spiral,6,evaluation,coherent latent previous state,previous posterior,previous-frame truth
unsaturated,2420,0.4240330475396627,0.2799226853244056,-0.07325773698420492,2.924738342971666,0.9962809917355372,11.201808721982987,1.0,0.0,0.01987724870175453,0.2785262983558589,0.1337563191784299,0.06794589312387793,0.002066115702479339,0.7072539443929914,SpiralScanPath_6,Spiral,6,evaluation,coherent latent previous state,previous posterior,previous-frame truth
saturated,81,5.309188471776681,2.0335407815965465,-1.4649293411474384,0.5432029395641269,0.654320987654321,1.9492105965094872,1.0,0.0,2.8429891153889826,10.399637448329505,3.9926640916712803,1.163724308403157,0.3333333333333333,1.8409206100396163,SpiralScanPath_6,Spiral,6,evaluation,coherent latent previous state,previous posterior,previous-frame truth
previous_top_1pct,26,9.328444465677698,5.279953211605669,-5.277705186730377,0.5882215426474385,0.19230769230769232,2.081765955023732,1.0,0.0,10.296583063786812,18.26331900806506,10.29858881025775,5.569168604618856,0.8076923076923077,4.999149847334933,SpiralScanPath_6,Spiral,6,evaluation,coherent latent previous state,previous posterior,previous-frame truth
overall,2501,0.9661876225436686,0.259462248033094,-0.05515529375161596,0.013020808954295764,0.01919232307077169,0.04810529142401444,0.03158736505397841,0.9684126349460216,4.263430924316774,12.578271935614687,5.253419129562191,1.4247182838578878,0.379746835443038,0.2538271387389813,SpiralScanPath_7,Spiral,7,evaluation,hybrid previous state,previous posterior,previous-frame truth
unsaturated,2422,0.24752103226698613,0.1987663415573958,-4.2284714713276555e-05,6.907077030220304e-13,0.0,0.0,0.0,1.0,,,,,,0.19876634155738754,SpiralScanPath_7,Spiral,7,evaluation,hybrid previous state,previous posterior,previous-frame truth
saturated,79,5.260723790828186,2.1202911782120935,-1.7448224821994425,0.4122157366205167,0.6075949367088608,1.522928276600761,1.0,0.0,4.263430924316774,12.578271935614687,5.253419129562191,1.4247182838578878,0.379746835443038,1.941893604230374,SpiralScanPath_7,Spiral,7,evaluation,hybrid previous state,previous posterior,previous-frame truth
previous_top_1pct,26,9.14126404794124,5.53207354305138,-5.53207354305138,0.45437031923891485,0.11538461538461539,1.677608683326534,1.0,0.0,13.533086519288409,21.832993067865722,13.533086519288409,5.72298374888725,0.9230769230769231,5.283342992412203,SpiralScanPath_7,Spiral,7,evaluation,hybrid previous state,previous posterior,previous-frame truth
overall,2501,1.0043490567367048,0.32141897227229177,-0.08578866576120912,2.837924164576012,0.984406237504998,10.855654306742375,1.0,0.0,0.13412934822199488,2.1683921143801577,0.28319172916222496,0.0702709671859304,0.015193922431027589,0.7394029946957807,SpiralScanPath_7,Spiral,7,evaluation,coherent latent previous state,previous posterior,previous-frame truth
unsaturated,2422,0.3739243751179509,0.2626704213689861,-0.031735191964735975,2.9171049080622455,0.9966969446738233,11.159513779795365,1.0,0.0,0.0018580589101158532,0.2511592825928869,0.12319631441660729,0.06765526112735107,0.002890173410404624,0.700200522423626,SpiralScanPath_7,Spiral,7,evaluation,coherent latent previous state,previous posterior,previous-frame truth
saturated,79,5.2580963572490464,2.122545431611613,-1.742972381394854,0.41038288959301483,0.6075949367088608,1.5398613480798014,1.0,0.0,4.189332673707702,12.121082523821267,5.188367609084833,1.4548127724989302,0.3924050632911392,1.9412813218243736,SpiralScanPath_7,Spiral,7,evaluation,coherent latent previous state,previous posterior,previous-frame truth
previous_top_1pct,26,9.136125001637744,5.525621927741285,-5.525621927741285,0.451918645544333,0.11538461538461539,1.685858811434468,1.0,0.0,13.29092720995305,21.03189598952246,13.29092720995305,5.7915287924066945,0.9230769230769231,5.278304523633706,SpiralScanPath_7,Spiral,7,evaluation,coherent latent previous state,previous posterior,previous-frame truth
overall,2501,1.0203807981546555,0.26512102903055285,-0.05218036468849399,0.012234675175682313,0.01639344262295082,0.04575702055249265,0.03318672530987605,0.9668132746901239,5.218370431078455,17.815296132205237,6.271536385623986,1.6707542236158814,0.43373493975903615,0.25998943392205565,SpiralScanPath_8,Spiral,8,evaluation,hybrid previous state,previous posterior,previous-frame truth
unsaturated,2418,0.2516685271933456,0.2021848590811197,0.004608823310302806,6.97979557922183e-13,0.0,0.0,0.0,1.0,,,,,,0.20218485908111505,SpiralScanPath_8,Spiral,8,evaluation,hybrid previous state,previous posterior,previous-frame truth
saturated,83,5.433979026517469,2.098610895750184,-1.7065930945811525,0.36866171822522587,0.4939759036144578,1.3787748000214954,1.0,0.0,5.218370431078455,17.815296132205237,6.271536385623986,1.6707542236158814,0.43373493975903615,1.943982951577409,SpiralScanPath_8,Spiral,8,evaluation,hybrid previous state,previous posterior,previous-frame truth
previous_top_1pct,26,9.671693824813065,5.67674481670039,-5.67674481670039,0.4031635392188646,0.07692307692307693,1.4946455125662312,1.0,0.0,16.953267760123577,31.71940630432821,16.953267760123577,8.856829882653305,0.8461538461538461,5.453941812313908,SpiralScanPath_8,Spiral,8,evaluation,hybrid previous state,previous posterior,previous-frame truth
overall,2501,1.0657002129463193,0.32720431936266514,-0.11365705495861929,2.821177495325212,0.9812075169932027,10.779691574237182,1.0,0.0,0.18011870605784472,3.1847483006425974,0.33065585491211946,0.06830608383701903,0.01719312275089964,0.743917551405537,SpiralScanPath_8,Spiral,8,evaluation,coherent latent previous state,previous posterior,previous-frame truth
unsaturated,2418,0.40458272882530344,0.266375110761514,-0.05907624746031394,2.9052951443529493,0.9971050454921423,11.102269439990904,1.0,0.0,0.008905618252674384,0.26424543316648125,0.12794876072204847,0.06491292080163977,0.0020678246484698098,0.7027479524973979,SpiralScanPath_8,Spiral,8,evaluation,coherent latent previous state,previous posterior,previous-frame truth
saturated,83,5.427098966104581,2.0993130711407777,-1.7037340734032258,0.3706175513605039,0.5180722891566265,1.3821821839661481,1.0,0.0,5.167989143562686,17.423795717729742,6.2360263820397295,1.707780222866274,0.4578313253012048,1.943292131645063,SpiralScanPath_8,Spiral,8,evaluation,coherent latent previous state,previous posterior,previous-frame truth
previous_top_1pct,26,9.65945969662046,5.677255125083436,-5.677255125083436,0.40626435310595477,0.15384615384615385,1.5052836063850874,1.0,0.0,16.86831910710138,31.022840608706897,16.86831910710138,8.220875667098014,0.8461538461538461,5.454925507677187,SpiralScanPath_8,Spiral,8,evaluation,coherent latent previous state,previous posterior,previous-frame truth
overall,2501,1.0295000699418928,0.26420719774918566,-0.044015867882479645,0.021808422919486443,0.01599360255897641,0.07508999732419086,0.03158736505397841,0.9684126349460216,2.7208908868888213,10.381794855485383,4.086512080453221,1.5721836159866585,0.35443037974683544,0.25572268084246474,SpiralScanPath_9,Spiral,9,evaluation,hybrid previous state,previous posterior,previous-frame truth
unsaturated,2422,0.24599541637059152,0.19694769695444828,-0.0019163899610881547,6.979800445864918e-13,0.0,0.0,0.0,1.0,,,,,,0.1969476969544459,SpiralScanPath_9,Spiral,9,evaluation,hybrid previous state,previous posterior,previous-frame truth
saturated,79,5.63013092607151,2.326264298063792,-1.3347112542826085,0.6904160217714567,0.5063291139240507,2.3772162444025486,1.0,0.0,2.7208908868888213,10.381794855485383,4.086512080453221,1.5721836159866585,0.35443037974683544,2.057659528649829,SpiralScanPath_9,Spiral,9,evaluation,hybrid previous state,previous posterior,previous-frame truth
previous_top_1pct,26,9.70828226870567,5.399737964723022,-5.399737964723022,0.6178386614021389,0.15384615384615385,2.2009262336572224,1.0,0.0,10.097417800889227,17.994552513325203,10.097417800889227,4.430032891889022,0.8076923076923077,5.141043263029305,SpiralScanPath_9,Spiral,9,evaluation,hybrid previous state,previous posterior,previous-frame truth
overall,2501,1.08136985091666,0.34643927918789114,-0.07668740929634317,2.8319765574463043,0.9812075169932027,10.841866146950082,1.0,0.0,0.08722395042887979,1.9681947616406847,0.2657658413563317,0.07154746474792725,0.014394242303078768,0.7445634796071045,SpiralScanPath_9,Spiral,9,evaluation,coherent latent previous state,previous posterior,previous-frame truth
unsaturated,2422,0.41695298132032554,0.28194346316991903,-0.03561331994582503,2.9019942491416786,0.9958711808422791,11.118829436534128,1.0,0.0,-0.002356821695736853,0.2842974717119813,0.13780016294210848,0.06863039956457079,0.0037159372419488025,0.7017846338025115,SpiralScanPath_9,Spiral,9,evaluation,coherent latent previous state,previous posterior,previous-frame truth
saturated,79,5.629383871301166,2.3237667019160995,-1.3359461992577981,0.6853582120514181,0.5316455696202531,2.350662509322776,1.0,0.0,2.8336116730342154,10.961724006874764,4.188966766916438,1.5477051862498878,0.34177215189873417,2.0560870813631067,SpiralScanPath_9,Spiral,9,evaluation,coherent latent previous state,previous posterior,previous-frame truth
previous_top_1pct,26,9.70808282375063,5.399143793886045,-5.399143793886045,0.6084356754999862,0.15384615384615385,2.1656105839163877,1.0,0.0,10.428592332648922,19.013430161808788,10.428592332648922,4.749188137673487,0.8076923076923077,5.144977439186259,SpiralScanPath_9,Spiral,9,evaluation,coherent latent previous state,previous posterior,previous-frame truth
overall,2501,1.0008622616944922,0.2668963684505296,-0.03844076386559141,0.02408747287274616,0.018392642942822873,0.08250416496038192,0.031187524990004,0.968812475009996,1.349392981921003,7.580197064304325,3.015907966630685,1.4469009081274837,0.2948717948717949,0.2561828442037618,SpiralScanPath_10,Spiral,10,evaluation,hybrid previous state,previous posterior,previous-frame truth
unsaturated,2423,0.250547173500086,0.20168773369998122,-0.007664987738071165,6.847530251626103e-13,0.0,0.0,0.0,1.0,,,,,,0.20168773370001278,SpiralScanPath_10,Spiral,10,evaluation,hybrid previous state,previous posterior,previous-frame truth
saturated,78,5.4926685008975635,2.2925440864066675,-0.9944626299807394,0.7723432006804999,0.5897435897435898,2.645422007255323,1.0,0.0,1.349392981921003,7.580197064304325,3.015907966630685,1.4469009081274837,0.2948717948717949,1.949024546134325,SpiralScanPath_10,Spiral,10,evaluation,hybrid previous state,previous posterior,previous-frame truth
previous_top_1pct,26,9.375967624538442,5.0431637384459975,-4.740812013089499,0.9376507081939958,0.34615384615384615,3.1772438185777547,1.0,0.0,6.367914507382158,12.977837797256564,6.58752813831099,3.44233052854679,0.6538461538461539,4.6206885810413745,SpiralScanPath_10,Spiral,10,evaluation,hybrid previous state,previous posterior,previous-frame truth
overall,2501,1.0836720564329299,0.3769776708242461,-0.10345859721814643,2.844430538883015,0.984406237504998,10.89023105236592,1.0,0.0,0.0589394530088124,1.3846773421593022,0.2366889545015534,0.07539218906559941,0.010795681727309077,0.7514804974039352,SpiralScanPath_10,Spiral,10,evaluation,coherent latent previous state,previous posterior,previous-frame truth
unsaturated,2423,0.49247002261152323,0.31534453449068217,-0.07476215729988632,2.9111099387938375,0.9979364424267437,11.155924137757014,1.0,0.0,0.01737595497339127,0.2861884738528271,0.14756824401174218,0.07276900097300286,0.0016508460586050352,0.713021301464658,SpiralScanPath_10,Spiral,10,evaluation,coherent latent previous state,previous posterior,previous-frame truth
saturated,78,5.488209868362001,2.2915557392373924,-0.9948877500635853,0.7730948211404175,0.5641025641025641,2.636713797204153,1.0,0.0,1.3500722189040102,7.676798774869486,3.005143845742739,1.4172623399510198,0.2948717948717949,1.9461809045945593,SpiralScanPath_10,Spiral,10,evaluation,coherent latent previous state,previous posterior,previous-frame truth
previous_top_1pct,26,9.367604419291228,5.041874143430831,-4.7374407299741765,0.940186746386755,0.34615384615384615,3.149230184713555,1.0,0.0,6.346299460836478,13.146980663627197,6.565980999425441,3.4746160390129504,0.6538461538461539,4.615787039152831,SpiralScanPath_10,Spiral,10,evaluation,coherent latent previous state,previous posterior,previous-frame truth
overall,2501,1.02034809665312,0.26059405842003797,-0.04904946221790347,0.015378161024910521,0.019992003198720514,0.055151369993084794,0.03078768492602959,0.9692123150739704,3.1335923647905184,9.151703528732805,4.098171436991512,1.330297538645205,0.3116883116883117,0.25490159998102935,SpiralScanPath_11,Spiral,11,evaluation,hybrid previous state,previous posterior,previous-frame truth
unsaturated,2424,0.2514417641235279,0.20094828364628198,0.002749521485935425,6.800966221207094e-13,0.0,0.0,0.0,1.0,,,,,,0.20094828364627487,SpiralScanPath_11,Spiral,11,evaluation,hybrid previous state,previous posterior,previous-frame truth
saturated,77,5.641410260787861,2.1382740331159407,-1.6797083777777149,0.4994906587227618,0.6493506493506493,1.7913451474377282,1.0,0.0,3.1335923647905184,9.151703528732805,4.098171436991512,1.330297538645205,0.3116883116883117,1.9533800258958958,SpiralScanPath_11,Spiral,11,evaluation,hybrid previous state,previous posterior,previous-frame truth
previous_top_1pct,26,9.678405704973956,5.473861367460588,-5.473861367460588,0.5114286001910149,0.15384615384615385,1.8492517794212058,1.0,0.0,10.298847023671385,15.668019615878919,10.298847023671385,6.771065017284454,0.8846153846153846,5.187824551740406,SpiralScanPath_11,Spiral,11,evaluation,hybrid previous state,previous posterior,previous-frame truth
overall,2501,1.0994468065348626,0.3574441677061407,-0.13397040309555583,2.8309695696919834,0.9868052778888444,10.84924375249996,1.0,0.0,0.11139880970483193,1.5924863060053158,0.25782169341094696,0.06847939049422182,0.012794882047181128,0.7453912125119402,SpiralScanPath_11,Spiral,11,evaluation,coherent latent previous state,previous posterior,previous-frame truth
unsaturated,2424,0.48470642007612047,0.30082119706924076,-0.08477472699059423,2.9050087615742046,0.9975247524752475,11.13706894930056,1.0,0.0,0.017146485370500175,0.27293370798296046,0.13758092357187018,0.06592768148160859,0.0028877887788778876,0.7070853729359274,SpiralScanPath_11,Spiral,11,evaluation,coherent latent previous state,previous posterior,previous-frame truth
saturated,77,5.644985895971861,2.1399646978859503,-1.6826758430751265,0.500177347321806,0.6493506493506493,1.7883570376343436,1.0,0.0,3.078510941996003,8.945721629053782,4.043063590682665,1.3790580372322983,0.3246753246753247,1.951278941502261,SpiralScanPath_11,Spiral,11,evaluation,coherent latent previous state,previous posterior,previous-frame truth
previous_top_1pct,26,9.68488025873479,5.477645237211524,-5.477645237211524,0.5188550976274818,0.11538461538461539,1.8354529387629925,1.0,0.0,10.139159789631215,15.313430273030797,10.139159789631215,6.670846166754317,0.8846153846153846,5.1870375149385275,SpiralScanPath_11,Spiral,11,evaluation,coherent latent previous state,previous posterior,previous-frame truth
overall,2501,0.9864865056104544,0.25884524560696315,-0.05355917670694759,0.016129874631878146,0.01919232307077169,0.05914840281679576,0.03158736505397841,0.9684126349460216,2.64617441904709,8.316616412255422,3.9633602450708865,1.4405814621967805,0.3924050632911392,0.25286499663546813,SpiralScanPath_12,Spiral,12,evaluation,hybrid previous state,previous posterior,previous-frame truth
unsaturated,2422,0.2491753134647833,0.1990302126614067,-0.008688165292870148,6.890602470041914e-13,0.0,0.0,0.0,1.0,,,,,,0.19903021266141335,SpiralScanPath_12,Spiral,12,evaluation,hybrid previous state,previous posterior,previous-frame truth
saturated,79,5.376324409310193,2.092668154393517,-1.4292248684144864,0.5106432462361814,0.6075949367088608,1.872533613225395,1.0,0.0,2.64617441904709,8.316616412255422,3.9633602450708865,1.4405814621967805,0.3924050632911392,1.90334406986535,SpiralScanPath_12,Spiral,12,evaluation,hybrid previous state,previous posterior,previous-frame truth
previous_top_1pct,26,9.322413991528519,5.280720458371302,-5.280720458371302,0.49643272871847266,0.19230769230769232,1.8286406956781298,1.0,0.0,9.879837795114192,14.36495226511725,9.879837795114192,6.522220805534438,0.8846153846153846,5.011030754391952,SpiralScanPath_12,Spiral,12,evaluation,hybrid previous state,previous posterior,previous-frame truth
overall,2501,1.0687435430616317,0.37034999589262935,-0.12544119264172535,2.8378582879506355,0.9848060775689724,10.86316451898354,1.0,0.0,0.10003693768725698,1.489157341771613,0.2626998073612099,0.07707294792649692,0.012395041983206718,0.7482775580887805,SpiralScanPath_12,Spiral,12,evaluation,coherent latent previous state,previous posterior,previous-frame truth
unsaturated,2422,0.4858725119739026,0.31399364068978947,-0.08288933446026717,2.913827982035209,0.9987613542526838,11.156954963979619,1.0,0.0,0.01788199693314605,0.272981018070441,0.14262281393383683,0.0740519704136586,0.0008257638315441783,0.7105522809023893,SpiralScanPath_12,Spiral,12,evaluation,coherent latent previous state,previous posterior,previous-frame truth
saturated,79,5.377999597229965,2.0981359743898222,-1.4300057561289623,0.5087620971552186,0.5569620253164557,1.8560701166986961,1.0,0.0,2.61876183017405,8.241380172009755,3.9440476311725687,1.4911656749469793,0.3670886075949367,1.9048677017019366,SpiralScanPath_12,Spiral,12,evaluation,coherent latent previous state,previous posterior,previous-frame truth
previous_top_1pct,26,9.324867175676841,5.288305606407595,-5.288305606407595,0.49885492208027793,0.15384615384615385,1.8355574784034292,1.0,0.0,9.798383531121164,14.231743517608193,9.798383531121164,6.523737848258762,0.8461538461538461,5.01496523109338,SpiralScanPath_12,Spiral,12,evaluation,coherent latent previous state,previous posterior,previous-frame truth
overall,2501,0.9445092292721564,0.2673818860600213,-0.028721705358589176,0.026349702320990064,0.01759296281487405,0.09212506790956423,0.030387844862055178,0.9696121551379449,1.45752730258778,7.30580384144127,3.0978471021090965,1.46159900131225,0.27631578947368424,0.2569711176783661,SpiralScanPath_13,Spiral,13,development,hybrid previous state,previous posterior,previous-frame truth
unsaturated,2425,0.2577938092197511,0.20336862701309683,-0.0018966971030172036,6.809209505141482e-13,0.0,0.0,0.0,1.0,,,,,,0.20336862701312217,SpiralScanPath_13,Spiral,13,development,hybrid previous state,previous posterior,previous-frame truth
saturated,76,5.218863194877305,2.309910217491491,-0.8846512450923001,0.8671132303045386,0.5789473684210527,3.0316420373923703,1.0,0.0,1.45752730258778,7.30580384144127,3.0978471021090965,1.46159900131225,0.27631578947368424,1.9673137474575328,SpiralScanPath_13,Spiral,13,development,hybrid previous state,previous posterior,previous-frame truth
previous_top_1pct,26,8.75087414189999,4.646764491149795,-4.52005268610717,0.9127697427302616,0.4230769230769231,3.258092345650775,1.0,0.0,6.46279195051285,12.334656576049277,6.574038932537788,1.9407302737895702,0.5,4.379929173145764,SpiralScanPath_13,Spiral,13,development,hybrid previous state,previous posterior,previous-frame truth
overall,2501,1.043625363885078,0.3851744469676839,-0.14569324496681565,2.859755690620835,0.9856057576969213,10.940189268824978,1.0,0.0,0.07588162162061735,1.3115311195579833,0.23267264236235286,0.07391830156577105,0.009596161535385846,0.75607400127711,SpiralScanPath_13,Spiral,13,development,coherent latent previous state,previous posterior,previous-frame truth
unsaturated,2425,0.5197191994552074,0.3247615534815221,-0.12262484158824252,2.9222609913242623,0.996701030927835,11.18830968962963,1.0,0.0,0.03223383506550063,0.27870196435176153,0.14249720146469189,0.07098585161616823,0.002474226804123711,0.7180866829379052,SpiralScanPath_13,Spiral,13,development,coherent latent previous state,previous posterior,previous-frame truth
saturated,76,5.217583999306262,2.312822693072188,-0.8817574317173399,0.8653431352812119,0.631578947368421,3.023188999729166,1.0,0.0,1.4685906005174336,7.357097767262345,3.109981118373245,1.4524478231698432,0.23684210526315788,1.968169356179372,SpiralScanPath_13,Spiral,13,development,coherent latent previous state,previous posterior,previous-frame truth
previous_top_1pct,26,8.748454188456869,4.647696382392568,-4.520134143840877,0.9130116915721553,0.4230769230769231,3.259807083267543,1.0,0.0,6.492394628539714,12.424576065728658,6.603618256979952,1.9204531413568386,0.5,4.380924235984437,SpiralScanPath_13,Spiral,13,development,coherent latent previous state,previous posterior,previous-frame truth
