trajectory,method,diffusivity_m2_s,cooling_rate_1_s,signal_sd_K,source_coupling,n_frames,n_observations,n_saturated,threshold_K,excess_field_rel_l2,hot_region_rel_l2,peak_true_K,peak_predicted_K,peak_absolute_error_K,posterior_sd_at_true_peak_K,true_peak_in_95,pointwise_95_coverage,hot_region_95_coverage,mean_crps_K,hot_region_crps_K,mean_95_interval_width_K,hot_region_95_interval_width_K,hot_region_interval_score_K,interval_calibration_scale,calibrated_true_peak_in_95,calibrated_hot_region_95_coverage,calibrated_hot_region_95_interval_width_K,calibrated_hot_region_interval_score_K,fixed_top_01_crps_K,fixed_top_01_mae_K,fixed_top_03_crps_K,fixed_top_03_mae_K,fixed_top_05_crps_K,fixed_top_05_mae_K,fixed_top_10_crps_K,fixed_top_10_mae_K,true_peak_location_crps_K,true_peak_location_mae_K,field_maximum_crps_K,family,run_index,role,fraction_saturated,observation_design,previous_posterior_design,prior_mean_field_rel_l2,prior_mean_peak_absolute_error_K,propagated_prior_sd_at_true_peak_K,propagated_prior_sd_hot_mean_K,uses_propagated_covariance,crps_estimator,previous_n_saturated,previous_saturated_fraction,previous_clipped_hot_mae_K,previous_posterior_hot_mae_K,previous_posterior_hot_95_coverage
DiagonalScanPath_1,clipped propagation,3.6109129986233175e-06,12.422901570529978,3.4305133895116966,0.17022272061337845,2,117,2,294.6560504149699,0.4594232886784455,0.42709455125363316,334.19579037327884,340.2583835900902,6.062593216811365,3.4196267389530575,True,0.9984006397441023,0.9473684210526315,0.7322824503248511,1.4905856616194593,11.4465492252087,12.17907139387774,19.808974170317846,1.0,True,0.9473684210526315,12.17907139387774,19.808974170317846,2.697876213579429,3.851900955703601,1.4905856616194593,1.8655404447796773,1.231069584282913,1.318533798659499,0.9723739148941087,0.796878107029371,4.248750206998718,6.062593216811365,4.248750206998748,Diagonal,1,evaluation,0.03,fixed_stride_5,saturation_only_correction,0.44454641516842786,6.093016467586438,0.0,0.0,False,unbiased_M_times_M_minus_1,85,0.03398640543782487,2.331933136134589,2.0635505257513413,0.47058823529411764
DiagonalScanPath_1,posterior-mean propagation,3.6109129986233175e-06,12.422901570529978,3.4305133895116966,0.17022272061337845,2,117,2,294.6560504149699,0.4294029991440326,0.3851136907518022,334.19579037327884,341.3672500501756,7.171459676896745,3.4196267389530575,True,0.9988004798080767,0.9605263157894737,0.7299683265097286,1.3916884388203061,11.45332749617605,12.319257041988282,17.9848650143598,1.0,True,0.9605263157894737,12.319257041988282,17.9848650143598,2.301110684481217,2.953976025595632,1.3916884388203061,1.624991633014635,1.1862983418401283,1.2461193665618913,0.9486735806358431,0.7642456147443686,5.235796354021552,7.171459676896745,5.235796354021631,Diagonal,1,evaluation,0.03,fixed_stride_5,saturation_only_correction,0.3980049723562434,7.2018843759549895,0.0,0.0,False,unbiased_M_times_M_minus_1,85,0.03398640543782487,2.331933136134589,2.0635505257513413,0.47058823529411764
DiagonalScanPath_1,full-posterior propagation,3.6109129986233175e-06,12.422901570529978,3.4305133895116966,0.17022272061337845,2,117,2,294.6560504149699,0.42673368185902,0.38239387022266214,334.19579037327884,341.4430279732156,7.247237599936739,3.4887676673405177,False,0.9984006397441023,0.9473684210526315,0.7295271744096201,1.367461057290873,11.459032760973258,12.136270283145752,18.572034622201116,1.0,False,0.9473684210526315,12.136270283145752,18.572034622201116,2.26850014460014,2.935150304339478,1.367461057290873,1.6065064584032052,1.1676092271999483,1.231291982921969,0.9430148650972875,0.7561263028048907,5.1414090433653294,7.247237599936739,5.141409043365313,Diagonal,1,evaluation,0.03,fixed_stride_5,saturation_only_correction,0.3980049723562434,7.2018843759549895,0.7091436759059994,0.49835646996019867,True,unbiased_M_times_M_minus_1,85,0.03398640543782487,2.331933136134589,2.0635505257513413,0.47058823529411764
DiagonalScanPath_2,clipped propagation,3.6109129986233175e-06,12.422901570529978,3.4305133895116966,0.17022272061337845,2,117,1,294.7833581687172,0.48596123923461454,0.4631794769156623,330.73381085494185,326.58603143513716,4.147779419804692,3.4196267389530575,True,0.998000799680128,0.9342105263157895,0.7334371147208417,1.5647912766631442,11.467866173339916,12.09488155190807,19.04887080058362,1.0,True,0.9342105263157895,12.09488155190807,19.04887080058362,2.9502859054019535,4.20901300880948,1.5647912766631442,1.8927359871857463,1.2422609484934655,1.299578365292826,0.9832929980107482,0.7607541242847754,2.4886959416208603,4.147779419804692,2.211811687422891,Diagonal,2,evaluation,0.03,fixed_stride_5,saturation_only_correction,0.4716165592972467,4.175595032333831,0.0,0.0,False,unbiased_M_times_M_minus_1,76,0.030387844862055178,2.5723192018558456,2.190519750972342,0.5657894736842105
DiagonalScanPath_2,posterior-mean propagation,3.6109129986233175e-06,12.422901570529978,3.4305133895116966,0.17022272061337845,2,117,1,294.7833581687172,0.45001204007758955,0.4208153877723474,330.73381085494185,327.4142562418244,3.319554613117475,3.4196267389530575,True,0.9984006397441023,0.9473684210526315,0.728947942398128,1.4124691677417573,11.467866173339916,12.094881551908074,18.455383543214197,1.0,True,0.9473684210526315,12.094881551908074,18.455383543214197,2.554681276486041,3.6108705912425547,1.4124691677417573,1.6119387135174754,1.153155925241213,1.1533146264765308,0.9385624412432046,0.6873267305694661,1.8960160996467923,3.319554613117475,1.6579367654871713,Diagonal,2,evaluation,0.03,fixed_stride_5,saturation_only_correction,0.43228718039239006,3.3473659582493838,0.0,0.0,False,unbiased_M_times_M_minus_1,76,0.030387844862055178,2.5723192018558456,2.190519750972342,0.5657894736842105
DiagonalScanPath_2,full-posterior propagation,3.6109129986233175e-06,12.422901570529978,3.4305133895116966,0.17022272061337845,2,117,1,294.7833581687172,0.45001204562798497,0.42081538645098476,330.73381085494185,327.4142566650015,3.319554189940334,3.439399385575269,True,0.9984006397441023,0.9473684210526315,0.7290699134532576,1.4160696613762374,11.471026355350812,12.190783698761024,18.48540464625835,1.0,True,0.9473684210526315,12.190783698761024,18.48540464625835,2.5543538070077036,3.6108700011983084,1.4160696613762374,1.6119389918100637,1.1555769538313945,1.1533148681826004,0.9397777783175515,0.6873268518972602,1.8946838291622312,3.319554189940334,1.651802527854412,Diagonal,2,evaluation,0.03,fixed_stride_5,saturation_only_correction,0.43228718039239006,3.3473659582493838,0.368266900323738,0.3637225585373519,True,unbiased_M_times_M_minus_1,76,0.030387844862055178,2.5723192018558456,2.190519750972342,0.5657894736842105
DiagonalScanPath_3,clipped propagation,3.6109129986233175e-06,12.422901570529978,3.4305133895116966,0.17022272061337845,2,117,2,294.9015209525281,0.4609737973258503,0.44986117326772146,326.4740358780628,331.5565785233125,5.082542645249703,3.419839810731507,False,0.9976009596161536,0.9210526315789473,0.731851422476476,1.5560172525120324,11.45316653449985,12.27916102238487,21.482722544625748,1.0,False,0.9210526315789473,12.27916102238487,21.482722544625748,2.859085235922149,3.6945183347477135,1.5560172525120324,1.7921689626991837,1.2322907603836166,1.183627050067114,0.9738838612181232,0.6969917707122198,5.801082468503888,7.416948010878286,3.5380756795767576,Diagonal,3,evaluation,0.03,fixed_stride_5,saturation_only_correction,0.47380536797644257,5.087479803719759,0.0,0.0,False,unbiased_M_times_M_minus_1,80,0.03198720511795282,2.5364864097536155,2.032651194332652,0.7
DiagonalScanPath_3,posterior-mean propagation,3.6109129986233175e-06,12.422901570529978,3.4305133895116966,0.17022272061337845,2,117,2,294.9015209525281,0.43389213873423843,0.40831988592733587,326.4740358780628,333.4254850584476,6.95144918038477,3.419801081179824,True,0.9984006397441023,0.9473684210526315,0.7304429741522486,1.4226514039875813,11.458596969806527,12.198357258521256,18.89114723012533,1.0,True,0.9473684210526315,12.198357258521256,18.89114723012533,2.4396810941860947,3.008653202192337,1.4226514039875813,1.5573483966623336,1.1719351438655268,1.1799007729280806,0.9480077616661642,0.7264896893034547,3.5763208337646457,5.58720419666821,5.291281181492266,Diagonal,3,evaluation,0.03,fixed_stride_5,saturation_only_correction,0.4210459635223986,6.959433074313324,0.0,0.0,False,unbiased_M_times_M_minus_1,80,0.03198720511795282,2.5364864097536155,2.032651194332652,0.7
DiagonalScanPath_3,full-posterior propagation,3.6109129986233175e-06,12.422901570529978,3.4305133895116966,0.17022272061337845,2,117,2,294.9015209525281,0.43404159937053616,0.40924596168497784,326.4740358780628,333.32012086772625,6.846084989663439,3.573851006758415,True,0.9984006397441023,0.9473684210526315,0.7298805814492212,1.4182602792825414,11.463801254004018,12.495690568178851,18.66585177163994,1.0,True,0.9473684210526315,12.495690568178851,18.66585177163994,2.403881638807559,3.023361310898655,1.4182602792825414,1.5592466002410361,1.1662829805757293,1.1756872641709317,0.947854119919606,0.7227551683968503,3.376350622166137,5.694985889700263,4.725381106525049,Diagonal,3,evaluation,0.03,fixed_stride_5,saturation_only_correction,0.4210459635223986,6.959433074313324,1.0520830641788264,0.5638603573763142,True,unbiased_M_times_M_minus_1,80,0.03198720511795282,2.5364864097536155,2.032651194332652,0.7
DiagonalScanPath_4,clipped propagation,3.6109129986233175e-06,12.422901570529978,3.4305133895116966,0.17022272061337845,2,117,2,295.3585248883726,0.43963867659597783,0.4297246546807819,331.63935958961497,339.0549341475612,7.415574557946229,3.419633193061979,False,0.9976009596161536,0.9210526315789473,0.732324553370569,1.5614912087222559,11.464972133501872,12.143482986712014,22.463791970568316,1.0,False,0.9210526315789473,12.143482986712014,22.463791970568316,3.001314921728387,4.003933552228967,1.5614912087222559,1.7862721302073756,1.242398943137278,1.2116003692910742,0.9739763892669999,0.7058902948281118,5.149763727800725,7.415574557946229,5.149763727800675,Diagonal,4,evaluation,0.03,fixed_stride_5,saturation_only_correction,0.4422148769887004,7.46151624017665,0.0,0.0,False,unbiased_M_times_M_minus_1,74,0.02958816473410636,2.5943551655465518,2.2136483751588187,0.7162162162162162
DiagonalScanPath_4,posterior-mean propagation,3.6109129986233175e-06,12.422901570529978,3.4305133895116966,0.17022272061337845,2,117,2,295.3585248883726,0.40156888139266955,0.3831209781722815,331.63935958961497,341.79302799975164,10.153668410136675,3.4196320745675792,False,0.998000799680128,0.9342105263157895,0.7309875829418098,1.4613899023850807,11.454065921869729,12.142901514172047,18.803880724188723,1.0,False,0.9342105263157895,12.142901514172047,18.803880724188723,2.32364795455399,2.840442897000239,1.4613899023850807,1.7833016936915653,1.1887438983940375,1.2334244745162848,0.9567076342154041,0.7168396867224014,8.086675295046511,10.153668410136675,8.086675295046527,Diagonal,4,evaluation,0.03,fixed_stride_5,saturation_only_correction,0.3832553054183481,10.200184996978749,0.0,0.0,False,unbiased_M_times_M_minus_1,74,0.02958816473410636,2.5943551655465518,2.2136483751588187,0.7162162162162162
DiagonalScanPath_4,full-posterior propagation,3.6109129986233175e-06,12.422901570529978,3.4305133895116966,0.17022272061337845,2,117,2,295.3585248883726,0.40156193115909666,0.3830561992452827,331.63935958961497,341.8213337991219,10.181974209506905,3.7445683069884543,False,0.998000799680128,0.9342105263157895,0.7311342774352139,1.465617253972147,11.465762904888804,12.516029435457883,17.959157590602757,1.0,False,0.9342105263157895,12.516029435457883,17.959157590602757,2.3080845683779203,2.8302127405097988,1.465617253972147,1.7860072239573188,1.1916555868611372,1.2353994273032374,0.9581692783694787,0.7178314443799185,7.918852072624141,10.181974209506905,7.918852072624088,Diagonal,4,evaluation,0.03,fixed_stride_5,saturation_only_correction,0.3832553054183481,10.200184996978749,1.5264665350173914,0.716713527418217,True,unbiased_M_times_M_minus_1,74,0.02958816473410636,2.5943551655465518,2.2136483751588187,0.7162162162162162
DiagonalScanPath_5,clipped propagation,3.6109129986233175e-06,12.422901570529978,3.4305133895116966,0.17022272061337845,2,117,3,295.50866552712534,0.4360165725593188,0.4236794777730493,334.0359159203151,331.1163002554594,2.919615664855712,3.419709830259627,True,0.9976009596161536,0.9342105263157895,0.7342967272761362,1.5199621663710026,11.46830074307598,12.08344281063672,22.006855169493605,1.0,True,0.9342105263157895,12.08344281063672,22.006855169493605,2.869609770643911,3.882566158591927,1.5199621663710026,1.7617654037670554,1.239014213280456,1.2628886865629756,0.9817252731532157,0.749469574979578,1.9472738438656347,2.919615664855712,1.9471598614192167,Diagonal,5,evaluation,0.03,fixed_stride_5,saturation_only_correction,0.4390119481881109,2.9740814163643563,0.0,0.0,False,unbiased_M_times_M_minus_1,83,0.03318672530987605,2.531485381547889,2.128748577688744,0.6626506024096386
DiagonalScanPath_5,posterior-mean propagation,3.6109129986233175e-06,12.422901570529978,3.4305133895116966,0.17022272061337845,2,117,3,295.50866552712534,0.4058642033429323,0.3837936309414323,334.0359159203151,332.2259205852149,1.8099953351002114,3.4197576367316946,True,0.9984006397441023,0.9473684210526315,0.7306322800640732,1.3944923618876892,11.476651412422546,12.169279075714606,19.879134789695033,1.0,True,0.9473684210526315,12.169279075714606,19.879134789695033,2.3261693106322916,2.9676981869417864,1.3944923618876892,1.628461406857042,1.1809149369110359,1.2201862861248085,0.9477827175163458,0.7274773534355974,1.2177953881679633,1.8099953351002114,1.215758761063208,Diagonal,5,evaluation,0.03,fixed_stride_5,saturation_only_correction,0.3837209916282354,1.849046354247207,0.0,0.0,False,unbiased_M_times_M_minus_1,83,0.03318672530987605,2.531485381547889,2.128748577688744,0.6626506024096386
DiagonalScanPath_5,full-posterior propagation,3.6109129986233175e-06,12.422901570529978,3.4305133895116966,0.17022272061337845,2,117,3,295.50866552712534,0.40565703168775336,0.38377852934040657,334.0359159203151,332.3427526816264,1.6931632386887259,3.4658328969570413,True,0.9992003198720512,0.9736842105263158,0.7313900373067226,1.3977962333826037,11.486220160379142,12.705875293198156,18.990267618917162,1.0,True,0.9736842105263158,12.705875293198156,18.990267618917162,2.244531246682074,2.8682056439451875,1.3977962333826037,1.6889619911964069,1.1857983189935937,1.2532319028620196,0.9513185474372343,0.7442944148438875,1.049669535574362,1.6931632386887259,1.049669535574329,Diagonal,5,evaluation,0.03,fixed_stride_5,saturation_only_correction,0.3837209916282354,1.849046354247207,0.5717491900491504,0.6176759411322146,True,unbiased_M_times_M_minus_1,83,0.03318672530987605,2.531485381547889,2.128748577688744,0.6626506024096386
DiagonalScanPath_6,clipped propagation,3.6109129986233175e-06,12.422901570529978,3.4305133895116966,0.17022272061337845,2,117,3,295.76268867732483,0.4359741873638291,0.43457244897436426,331.21807173731014,328.0688985403601,3.1491731969500165,3.419748163482276,False,0.998000799680128,0.9342105263157895,0.7383182381050429,1.6408740221533913,11.490970697714316,12.187262138001998,21.425043454766875,1.0,False,0.9342105263157895,12.187262138001998,21.425043454766875,3.060811418758272,4.1567329517490395,1.6408740221533913,2.0132843827838767,1.3138510350653698,1.3936815058114909,1.0186111597347327,0.8082970105346368,5.455000627395694,7.7290354517776905,1.785155901368305,Diagonal,6,evaluation,0.03,fixed_stride_5,saturation_only_correction,0.4353943950236874,3.1619099981942327,0.0,0.0,False,unbiased_M_times_M_minus_1,79,0.03158736505397841,2.7201208277385236,2.283562412780356,0.7468354430379747
DiagonalScanPath_6,posterior-mean propagation,3.6109129986233175e-06,12.422901570529978,3.4305133895116966,0.17022272061337845,2,117,3,295.76268867732483,0.4240090286443735,0.41812360145802213,331.21807173731014,329.90536177192325,1.3127099653868868,3.41982578945228,True,0.9984006397441023,0.9473684210526315,0.7377647500037998,1.6258251783727367,11.492428167575532,12.28748103823416,21.20750614147604,1.0,True,0.9473684210526315,12.28748103823416,21.20750614147604,2.665518600388066,3.600400311077091,1.6258251783727367,2.1423623350105427,1.3126365865478289,1.5091480589689206,1.0110761871146388,0.8662949819690692,3.8109736100308074,5.8326712305620845,0.8158858105267084,Diagonal,6,evaluation,0.03,fixed_stride_5,saturation_only_correction,0.3882572504079895,1.3214053988870091,0.0,0.0,False,unbiased_M_times_M_minus_1,79,0.03158736505397841,2.7201208277385236,2.283562412780356,0.7468354430379747
DiagonalScanPath_6,full-posterior propagation,3.6109129986233175e-06,12.422901570529978,3.4305133895116966,0.17022272061337845,2,117,3,295.76268867732483,0.42756014593619934,0.4220859556227912,331.21807173731014,330.0516166977358,1.1664550395743163,3.4787291857331417,True,0.998000799680128,0.9342105263157895,0.7404005815576595,1.6757999508178418,11.506404329808342,12.96611088828763,22.48216445960654,1.0,True,0.9342105263157895,12.96611088828763,22.48216445960654,2.6757451536820662,3.581079425386041,1.6757999508178418,2.210724528328099,1.3471083127686296,1.5524998767483265,1.0326132482666721,0.8880536882524165,3.6249761295265377,5.75853073804393,0.7963959929027797,Diagonal,6,evaluation,0.03,fixed_stride_5,saturation_only_correction,0.3882572504079895,1.3214053988870091,0.6410036816083091,0.9174983412634209,True,unbiased_M_times_M_minus_1,79,0.03158736505397841,2.7201208277385236,2.283562412780356,0.7468354430379747
DiagonalScanPath_7,clipped propagation,3.6109129986233175e-06,12.422901570529978,3.4305133895116966,0.17022272061337845,2,117,2,295.92680693793324,0.4133053381591006,0.41701931622486327,329.2427619913974,336.7380730137076,7.495311022310204,3.419631653086831,False,0.998000799680128,0.9342105263157895,0.734025984905315,1.638524541154861,11.41845514625767,12.00189701868436,22.170445698395014,1.0,False,0.9342105263157895,12.00189701868436,22.170445698395014,3.224109325072933,4.37635854794108,1.638524541154861,1.9239700037911225,1.27894374488702,1.256666814581293,0.9994594961876951,0.736586199642416,5.691649902559669,7.495311022310204,5.6916499025596385,Diagonal,7,evaluation,0.03,fixed_stride_5,saturation_only_correction,0.4322249792696431,7.526603468208748,0.0,0.0,False,unbiased_M_times_M_minus_1,80,0.03198720511795282,2.846539173110377,2.5218178195117296,0.4875
DiagonalScanPath_7,posterior-mean propagation,3.6109129986233175e-06,12.422901570529978,3.4305133895116966,0.17022272061337845,2,117,2,295.92680693793324,0.37827388561890135,0.37435106299091664,329.2427619913974,337.85134223323166,8.608580241834261,3.4196322519221654,False,0.998000799680128,0.9342105263157895,0.7294115717335561,1.5045396682955847,11.413770108058557,12.045068490034984,20.647314187887968,1.0,False,0.9342105263157895,12.045068490034984,20.647314187887968,2.7843438115026538,3.76206007426679,1.5045396682955847,1.7689237239756204,1.2155105848991614,1.2271479595696104,0.9664823791240168,0.7217906844338421,6.704500341609169,8.608580241834261,6.704500341609211,Diagonal,7,evaluation,0.03,fixed_stride_5,saturation_only_correction,0.38564253399025494,8.640663508653688,0.0,0.0,False,unbiased_M_times_M_minus_1,80,0.03198720511795282,2.846539173110377,2.5218178195117296,0.4875
DiagonalScanPath_7,full-posterior propagation,3.6109129986233175e-06,12.422901570529978,3.4305133895116966,0.17022272061337845,2,117,2,295.92680693793324,0.3790308110482537,0.37516117599687365,329.2427619913974,337.8569711263401,8.614209134942712,3.452795255301376,False,0.9976009596161536,0.9210526315789473,0.7307228270248649,1.5257818229912488,11.426281890956325,12.157431699651777,20.96513550164185,1.0,False,0.9210526315789473,12.157431699651777,20.96513550164185,2.8405622516165274,3.7736295451009445,1.5257818229912488,1.778688621622362,1.2256325817658031,1.234084363367437,0.974389858892555,0.7252703965654614,6.943184879506656,8.614209134942712,6.943184879506569,Diagonal,7,evaluation,0.03,fixed_stride_5,saturation_only_correction,0.38564253399025494,8.640663508653688,0.48038495349526866,0.4573998713600796,True,unbiased_M_times_M_minus_1,80,0.03198720511795282,2.846539173110377,2.5218178195117296,0.4875
DiagonalScanPath_8,clipped propagation,3.6109129986233175e-06,12.422901570529978,3.4305133895116966,0.17022272061337845,2,117,2,296.12149833303096,0.40795547371406965,0.40806993183092566,336.214847986714,341.9503822639727,5.735534277258694,3.419633737138535,True,0.998000799680128,0.9342105263157895,0.737763320820427,1.662979354317943,11.462016301022482,12.092053455064564,23.340494136517677,1.0,True,0.9342105263157895,12.092053455064564,23.340494136517677,3.265039197482454,4.428517173375028,1.662979354317943,1.9840938857535892,1.3105836200569838,1.3424097052651274,1.011815549970832,0.7856081792551403,3.9446457025239146,5.735534277258694,3.9446457025239066,Diagonal,8,calibration,0.03,fixed_stride_5,saturation_only_correction,0.4261726272252346,5.711545293487802,0.0,0.0,False,unbiased_M_times_M_minus_1,77,0.03078768492602959,3.06156684424828,2.5942242004168845,0.5584415584415584
DiagonalScanPath_8,posterior-mean propagation,3.6109129986233175e-06,12.422901570529978,3.4305133895116966,0.17022272061337845,2,117,2,296.12149833303096,0.3797623426757166,0.36997365472246835,336.214847986714,344.47822433254817,8.26337634583416,3.419634282108638,False,0.998000799680128,0.9342105263157895,0.7367773133634241,1.5719234426562265,11.457536749096038,11.886350083692934,22.96120439905801,1.0,False,0.9342105263157895,11.886350083692934,22.96120439905801,2.82021915034288,3.596876463466948,1.5719234426562265,1.9099089249195569,1.2742804122009934,1.3737254149923466,0.9993267370865087,0.8013932146890059,6.207315401883909,8.26337634583416,6.207315401883918,Diagonal,8,calibration,0.03,fixed_stride_5,saturation_only_correction,0.37074374448686387,8.244532961711286,0.0,0.0,False,unbiased_M_times_M_minus_1,77,0.03078768492602959,3.06156684424828,2.5942242004168845,0.5584415584415584
DiagonalScanPath_8,full-posterior propagation,3.6109129986233175e-06,12.422901570529978,3.4305133895116966,0.17022272061337845,2,117,2,296.12149833303096,0.3807383222899892,0.3706878213154211,336.214847986714,344.6630873626854,8.448239375971411,3.84608889449919,False,0.998000799680128,0.9342105263157895,0.7376064037359493,1.58422120794294,11.476778843164706,12.158475498430807,20.652986285450794,1.0,False,0.9342105263157895,12.158475498430807,20.652986285450794,2.7873065627698668,3.600881009555285,1.58422120794294,1.9287932982336833,1.2785589681866307,1.3877163934606624,0.9993591762656443,0.80841523662203,6.576628865707752,8.448239375971411,6.576628865707769,Diagonal,8,calibration,0.03,fixed_stride_5,saturation_only_correction,0.37074374448686387,8.244532961711286,1.840430371703031,0.7864771233394974,True,unbiased_M_times_M_minus_1,77,0.03078768492602959,3.06156684424828,2.5942242004168845,0.5584415584415584
HorizontalScanPath_1,clipped propagation,3.6109129986233175e-06,12.422901570529978,3.4305133895116966,0.17022272061337845,2,117,0,294.63123831934564,0.6379234561111172,0.6138755867858618,317.4810532811467,304.01753636804693,13.463516913099795,3.4196267389530575,False,0.9984006397441023,0.9473684210526315,0.7272701858162937,1.4889195207950392,11.420653687015182,12.370223486315556,20.931340429240908,1.0,False,0.9473684210526315,12.370223486315556,20.931340429240908,2.7072478043010024,3.7697601624132173,1.4889195207950392,1.7184600236447434,1.1935264038553792,1.1104172179033849,0.920000136004017,0.6703435687185808,11.589704939011975,13.463516913099795,10.654390394852916,Horizontal,1,evaluation,0.03,fixed_stride_5,saturation_only_correction,0.6284608182155302,13.482583378182937,0.0,0.0,False,unbiased_M_times_M_minus_1,81,0.032387045181927226,2.3362551184433964,2.072788496217603,0.5802469135802469
HorizontalScanPath_1,posterior-mean propagation,3.6109129986233175e-06,12.422901570529978,3.4305133895116966,0.17022272061337845,2,117,0,294.63123831934564,0.560028389800216,0.5197099516838922,317.4810532811467,304.6076738615685,12.873379419578214,3.4196267389530575,False,0.9988004798080767,0.9605263157894737,0.7212347708474484,1.2715929714973029,11.420653687015182,12.370223486315556,18.381416866158354,1.0,False,0.9605263157894737,12.370223486315556,18.381416866158354,2.093338584506004,2.683293817236638,1.2715929714973029,1.3698868966059359,1.0737302524112369,0.9608756148242258,0.8598626557413572,0.5952722637902147,10.999567445490445,12.873379419578214,10.160827986389517,Horizontal,1,evaluation,0.03,fixed_stride_5,saturation_only_correction,0.5490284554739996,12.892427997532536,0.0,0.0,False,unbiased_M_times_M_minus_1,81,0.032387045181927226,2.3362551184433964,2.072788496217603,0.5802469135802469
HorizontalScanPath_1,full-posterior propagation,3.6109129986233175e-06,12.422901570529978,3.4305133895116966,0.17022272061337845,2,117,0,294.63123831934564,0.5600283527171199,0.5197098972835145,317.4810532811467,304.60767448307456,12.873378798072167,3.462043062219087,False,0.9988004798080767,0.9605263157894737,0.7215285806826153,1.2803993742020374,11.429262879003282,12.630686383563386,18.412348281708606,1.0,False,0.9605263157894737,12.630686383563386,18.412348281708606,2.093970247044573,2.6832926058486786,1.2803993742020374,1.3698869364712376,1.0795621442671306,0.9608757020632869,0.8627902190591017,0.5952723075805838,10.976324458515597,12.873378798072167,10.087371718171738,Horizontal,1,evaluation,0.03,fixed_stride_5,saturation_only_correction,0.5490284554739996,12.892427997532536,0.5402785498900033,0.6183036996186007,True,unbiased_M_times_M_minus_1,81,0.032387045181927226,2.3362551184433964,2.072788496217603,0.5802469135802469
HorizontalScanPath_2,clipped propagation,3.6109129986233175e-06,12.422901570529978,3.4305133895116966,0.17022272061337845,2,117,1,294.6301695664475,0.6558899459917843,0.6245101532095682,315.9337083198785,302.27643762228814,13.657270697590377,3.4196267389530575,False,0.9984006397441023,0.9473684210526315,0.731853081695664,1.50793772194471,11.46236587516488,12.41282294923182,20.237175553702727,1.0,False,0.9473684210526315,12.41282294923182,20.237175553702727,2.6955464160432188,3.8230491128840267,1.50793772194471,1.843369899136303,1.2077903388274012,1.2841481893078786,0.9688193743087978,0.7670555621580707,12.02864033161752,13.657270697590377,9.559041472161402,Horizontal,2,evaluation,0.03,fixed_stride_5,saturation_only_correction,0.6290124320967302,13.683309445989664,0.0,0.0,False,unbiased_M_times_M_minus_1,82,0.03278688524590164,2.3543719517122503,1.90653286655082,0.6707317073170732
HorizontalScanPath_2,posterior-mean propagation,3.6109129986233175e-06,12.422901570529978,3.4305133895116966,0.17022272061337845,2,117,1,294.6301695664475,0.5937040241730176,0.5423787035210561,315.9337083198785,302.52967303261505,13.404035287263468,3.4196267389530575,False,0.9988004798080767,0.9605263157894737,0.7263926040406143,1.2997832388437216,11.462365875164878,12.41282294923182,18.971576895212092,1.0,False,0.9605263157894737,12.41282294923182,18.971576895212092,2.226372350192794,2.902895445291915,1.2997832388437216,1.325312210372315,1.0978442946317222,1.022559174416087,0.9144102925740591,0.6394206961303598,11.775404921290665,13.404035287263468,9.232600157210644,Horizontal,2,evaluation,0.03,fixed_stride_5,saturation_only_correction,0.5608036385076652,13.430071437249808,0.0,0.0,False,unbiased_M_times_M_minus_1,82,0.03278688524590164,2.3543719517122503,1.90653286655082,0.6707317073170732
HorizontalScanPath_2,full-posterior propagation,3.6109129986233175e-06,12.422901570529978,3.4305133895116966,0.17022272061337845,2,117,1,294.6301695664475,0.5937039673555897,0.5423786131360642,315.9337083198785,302.5296730070963,13.404035312782241,3.4311439540954747,False,0.9988004798080767,0.9605263157894737,0.7266947289847623,1.3087413237058354,11.469775600633447,12.627978138906775,19.079670234478858,1.0,False,0.9605263157894737,12.627978138906775,19.079670234478858,2.2348768636290726,2.9028937431875237,1.3087413237058354,1.3253120222093382,1.1037635848282963,1.022559140175377,0.9174207087968845,0.6394206902585743,11.769919756771326,13.404035312782241,9.147141607476795,Horizontal,2,evaluation,0.03,fixed_stride_5,saturation_only_correction,0.5608036385076652,13.430071437249808,0.28089532786829724,0.5437888608860654,True,unbiased_M_times_M_minus_1,82,0.03278688524590164,2.3543719517122503,1.90653286655082,0.6707317073170732
HorizontalScanPath_3,clipped propagation,3.6109129986233175e-06,12.422901570529978,3.4305133895116966,0.17022272061337845,2,117,0,294.64317213251667,0.6289720676672752,0.6208092492452334,314.00846851431186,303.82985638165536,10.178612132656497,3.4196267389530575,False,0.998000799680128,0.9342105263157895,0.7316000103735123,1.5100238975535545,11.451317864407143,12.303694807895356,20.92515135940521,1.0,False,0.9342105263157895,12.303694807895356,20.92515135940521,2.8013174229572826,3.940428287606238,1.5100238975535545,1.8202230826280978,1.203806109033974,1.1681552333794023,0.955595627538928,0.6933138688470118,11.688604980983515,13.558849410326445,7.12444055575693,Horizontal,3,evaluation,0.03,fixed_stride_5,saturation_only_correction,0.6074196535568348,10.139068582439222,0.0,0.0,False,unbiased_M_times_M_minus_1,80,0.03198720511795282,2.4498292697436965,2.108352308521746,0.5375
HorizontalScanPath_3,posterior-mean propagation,3.6109129986233175e-06,12.422901570529978,3.4305133895116966,0.17022272061337845,2,117,0,294.64317213251667,0.5759594825477388,0.5563736468355956,314.00846851431186,304.33308074680144,9.675387767510415,3.4196267389530575,False,0.9984006397441023,0.9473684210526315,0.7269376272375481,1.3474357809695454,11.451317864407143,12.303694807895356,19.352998256505394,1.0,False,0.9473684210526315,12.303694807895356,19.352998256505394,2.4491873237587916,3.33717012473929,1.3474357809695454,1.4220740885901588,1.1103475506991858,0.9602018446416152,0.9091391291178368,0.5915893054631801,11.079261407174723,12.949505836517687,6.750948892903573,Horizontal,3,evaluation,0.03,fixed_stride_5,saturation_only_correction,0.5533349596283168,9.635842673363868,0.0,0.0,False,unbiased_M_times_M_minus_1,80,0.03198720511795282,2.4498292697436965,2.108352308521746,0.5375
HorizontalScanPath_3,full-posterior propagation,3.6109129986233175e-06,12.422901570529978,3.4305133895116966,0.17022272061337845,2,117,0,294.64317213251667,0.5759594922973275,0.5563736597522784,314.00846851431186,304.33308067569857,9.67538783861329,3.480323725029164,False,0.9984006397441023,0.9473684210526315,0.7270711337757242,1.3511760904807721,11.454851305320016,12.407978029320649,19.316169199195727,1.0,False,0.9473684210526315,12.407978029320649,19.316169199195727,2.4481456787087703,3.3371702948747033,1.3511760904807721,1.4220741691266237,1.1129586616354914,0.9602018795726038,0.9104694073937738,0.5915893221775866,11.046065521577882,12.949506030128191,6.712149077657067,Horizontal,3,evaluation,0.03,fixed_stride_5,saturation_only_correction,0.5533349596283168,9.635842673363868,0.6471526511694293,0.3892173510536615,True,unbiased_M_times_M_minus_1,80,0.03198720511795282,2.4498292697436965,2.108352308521746,0.5375
HorizontalScanPath_4,clipped propagation,3.6109129986233175e-06,12.422901570529978,3.4305133895116966,0.17022272061337845,2,117,1,294.825260500259,0.5924065015720537,0.5997718662615187,317.615531356997,304.21033414250536,13.405197214491636,3.4196267389530575,False,0.9984006397441023,0.9473684210526315,0.7280767306207181,1.4559519132907073,11.452255925783243,12.26411722562563,19.8945581605388,1.0,False,0.9473684210526315,12.26411722562563,19.8945581605388,2.561697613119523,3.713762234692815,1.4559519132907073,1.83634174326472,1.1641666156829062,1.1792289761123174,0.9363865018079399,0.6980202061064501,11.299388820665662,13.405197214491636,10.241789688619832,Horizontal,4,evaluation,0.03,fixed_stride_5,saturation_only_correction,0.5820359776344494,13.423770666489872,0.0,0.0,False,unbiased_M_times_M_minus_1,90,0.03598560575769692,2.149644136871292,1.8164370527120122,0.6333333333333333
HorizontalScanPath_4,posterior-mean propagation,3.6109129986233175e-06,12.422901570529978,3.4305133895116966,0.17022272061337845,2,117,1,294.825260500259,0.5383674078213418,0.5298373821662243,317.615531356997,304.74227043715285,12.873260919844142,3.4196267389530575,False,0.9984006397441023,0.9473684210526315,0.7236507778437828,1.3140765595293304,11.454768922906574,12.285992227631937,18.598742070487933,1.0,False,0.9473684210526315,12.285992227631937,18.598742070487933,2.228175221834264,2.874609989748684,1.3140765595293304,1.416252453945446,1.0819891156303276,0.9877305518705483,0.8986080792636418,0.6091382493659662,10.842247344084715,12.873260919844142,10.148763076118309,Horizontal,4,evaluation,0.03,fixed_stride_5,saturation_only_correction,0.5208746468981832,12.891829517482108,0.0,0.0,False,unbiased_M_times_M_minus_1,90,0.03598560575769692,2.149644136871292,1.8164370527120122,0.6333333333333333
HorizontalScanPath_4,full-posterior propagation,3.6109129986233175e-06,12.422901570529978,3.4305133895116966,0.17022272061337845,2,117,1,294.825260500259,0.5384340783110165,0.5299688634058566,317.615531356997,304.740184107169,12.875347249827996,3.437788940864169,False,0.9984006397441023,0.9473684210526315,0.7239144235697716,1.3214538815585777,11.460740185186946,12.45431140268714,18.679582018786242,1.0,False,0.9473684210526315,12.45431140268714,18.679582018786242,2.234469568983143,2.8774958817545464,1.3214538815585777,1.415806422641691,1.0870773514389422,0.987190727960103,0.9012350845572451,0.6088092190218451,10.833461039192013,12.875347249827996,10.122065371409255,Horizontal,4,evaluation,0.03,fixed_stride_5,saturation_only_correction,0.5208746468981832,12.891829517482108,0.3529200308035616,0.49718918164121834,True,unbiased_M_times_M_minus_1,90,0.03598560575769692,2.149644136871292,1.8164370527120122,0.6333333333333333
HorizontalScanPath_5,clipped propagation,3.6109129986233175e-06,12.422901570529978,3.4305133895116966,0.17022272061337845,2,117,2,295.0840552279015,0.5803889298529471,0.5864378808478069,316.22149177634935,302.68939359418863,13.532098182160723,3.4196267389658237,False,0.9984006397441023,0.9473684210526315,0.7313504645362006,1.5009761388546066,11.446816441980415,12.168673607058269,22.09171096918819,1.0,False,0.9473684210526315,12.168673607058269,22.09171096918819,2.6851721730820417,3.714997155672635,1.5009761388546066,1.8679385705693123,1.2123384607223262,1.2605921713295454,0.966199400380746,0.7484959696248928,11.828007951529049,13.532098182160723,9.313065437832515,Horizontal,5,evaluation,0.03,fixed_stride_5,saturation_only_correction,0.5559294803664696,13.518775275059909,0.0,0.0,False,unbiased_M_times_M_minus_1,83,0.03318672530987605,2.2837726459313594,1.981498903042539,0.5903614457831325
HorizontalScanPath_5,posterior-mean propagation,3.6109129986233175e-06,12.422901570529978,3.4305133895116966,0.17022272061337845,2,117,2,295.0840552279015,0.5481924561853682,0.5440309910394409,316.22149177634935,303.13382615530736,13.087665621041992,3.4196267389658237,False,0.9984006397441023,0.9473684210526315,0.7283541461812493,1.4015411793230197,11.452015979559087,12.247834456431285,20.050593868609834,1.0,False,0.9473684210526315,12.247834456431285,20.050593868609834,2.3319363653427385,3.102856078090311,1.4015411793230197,1.6249471451623843,1.1537722323320845,1.1307508881492896,0.9378332258111696,0.6947935622462488,11.253840422623043,13.087665621041992,8.904108626489704,Horizontal,5,evaluation,0.03,fixed_stride_5,saturation_only_correction,0.5091541204919844,13.074337676391679,0.0,0.0,False,unbiased_M_times_M_minus_1,83,0.03318672530987605,2.2837726459313594,1.981498903042539,0.5903614457831325
HorizontalScanPath_5,full-posterior propagation,3.6109129986233175e-06,12.422901570529978,3.4305133895116966,0.17022272061337845,2,117,2,295.0840552279015,0.5479560961187769,0.5436635832148662,316.22149177634935,303.1427402158326,13.078751560516764,3.4419758120467945,False,0.9984006397441023,0.9473684210526315,0.728544200150297,1.4063900632821682,11.457193346304576,12.395053074664204,20.111418392252514,1.0,False,0.9473684210526315,12.395053074664204,20.111418392252514,2.3312533596298923,3.0958186796863107,1.4063900632821682,1.6227747695351575,1.1571658144857189,1.129780180391678,0.9397269432829566,0.6944434830513425,11.23272675583818,13.078751560516764,8.835749346841553,Horizontal,5,evaluation,0.03,fixed_stride_5,saturation_only_correction,0.5091541204919844,13.074337676391679,0.39174765851365967,0.4571780730636296,True,unbiased_M_times_M_minus_1,83,0.03318672530987605,2.2837726459313594,1.981498903042539,0.5903614457831325
HorizontalScanPath_6,clipped propagation,3.6109129986233175e-06,12.422901570529978,3.4305133895116966,0.17022272061337845,2,117,2,295.31752139540873,0.5457573317575188,0.5521642933308468,314.4374668883787,304.57479018438744,9.86267670399127,3.419800808887855,False,0.9984006397441023,0.9473684210526315,0.731593983475566,1.4319266048055663,11.45872734085984,12.164460067487893,19.35986057275544,1.0,False,0.9473684210526315,12.164460067487893,19.35986057275544,2.615119112447705,3.720388799952194,1.4319266048055663,1.7464204244685548,1.200024662670967,1.2743425273458198,0.9556710818672953,0.7386816488025539,11.31801444794118,13.253658105180193,6.582832173565114,Horizontal,6,evaluation,0.03,fixed_stride_5,saturation_only_correction,0.5253452178928936,9.896170133156204,0.0,0.0,False,unbiased_M_times_M_minus_1,78,0.031187524990004,2.42798065441825,2.0540222485962705,0.5128205128205128
HorizontalScanPath_6,posterior-mean propagation,3.6109129986233175e-06,12.422901570529978,3.4305133895116966,0.17022272061337845,2,117,2,295.31752139540873,0.49790966387570235,0.49416141654602763,314.4374668883787,306.00060853304944,8.436858355329264,3.4197917001248817,False,0.9984006397441023,0.9473684210526315,0.7281818637407751,1.3158924719786467,11.4561693056484,11.9972282362815,18.120412503629428,1.0,False,0.9473684210526315,11.9972282362815,18.120412503629428,2.267743711992237,3.0638099211666963,1.3158924719786467,1.479440288734437,1.1224069624153383,1.1105824943330067,0.9131432049058422,0.6581619885377792,10.549115939795048,12.155775938022373,6.095576477766539,Horizontal,6,evaluation,0.03,fixed_stride_5,saturation_only_correction,0.4691607934838431,8.46890416555516,0.0,0.0,False,unbiased_M_times_M_minus_1,78,0.031187524990004,2.42798065441825,2.0540222485962705,0.5128205128205128
HorizontalScanPath_6,full-posterior propagation,3.6109129986233175e-06,12.422901570529978,3.4305133895116966,0.17022272061337845,2,117,2,295.31752139540873,0.49514531581264115,0.49143035871704455,314.4374668883787,306.04278277005557,8.394684118323141,3.4509930828930306,False,0.998000799680128,0.9342105263157895,0.7273952397086284,1.3102575937877254,11.4559894339174,12.045202797212216,17.381341238272807,1.0,False,0.9342105263157895,12.045202797212216,17.381341238272807,2.2331156247658424,3.0440141702412316,1.3102575937877254,1.4641340610499567,1.1136956375217981,1.0959994850604122,0.9092308218118834,0.6506867452791015,10.369123691116156,12.12012452054347,5.927300769944134,Horizontal,6,evaluation,0.03,fixed_stride_5,saturation_only_correction,0.4691607934838431,8.46890416555516,0.4656829864913998,0.33628982129189083,True,unbiased_M_times_M_minus_1,78,0.031187524990004,2.42798065441825,2.0540222485962705,0.5128205128205128
HorizontalScanPath_7,clipped propagation,3.6109129986233175e-06,12.422901570529978,3.4305133895116966,0.17022272061337845,2,117,2,295.52522559779794,0.5274697685283878,0.5405612435996567,318.1194882121125,304.884238133345,13.235250078767535,3.4196267389658237,False,0.9984006397441023,0.9473684210526315,0.7319506428702197,1.4715290174312556,11.443280065331047,12.12470019335997,20.019787911398197,1.0,False,0.9473684210526315,12.12470019335997,20.019787911398197,2.666461569895636,3.700059069311327,1.4715290174312556,1.8190805042397566,1.188949243597204,1.2211378722842094,0.947274650617076,0.7302988969787022,11.310077483228438,13.235250078767535,10.462681739922612,Horizontal,7,evaluation,0.03,fixed_stride_5,saturation_only_correction,0.5114665804819214,13.229350225933956,0.0,0.0,False,unbiased_M_times_M_minus_1,81,0.032387045181927226,2.346534294838893,2.139312985186778,0.6666666666666666
HorizontalScanPath_7,posterior-mean propagation,3.6109129986233175e-06,12.422901570529978,3.4305133895116966,0.17022272061337845,2,117,2,295.52522559779794,0.487348422925371,0.4722609451595565,318.1194882121125,307.49021851633785,10.629269695774667,3.4196267389764623,False,0.9984006397441023,0.9473684210526315,0.7309806379676874,1.3811707083327345,11.452406174456286,12.362427212154248,16.430480054240753,1.0,False,0.9473684210526315,12.362427212154248,16.430480054240753,1.9444947099447074,2.4235542957014085,1.3811707083327345,1.6662074339341346,1.1724318188910523,1.2932263595361422,0.9409140163137965,0.7669815970276496,8.659742247607905,10.629269695774667,8.189692506265182,Horizontal,7,evaluation,0.03,fixed_stride_5,saturation_only_correction,0.4289272751614428,10.584234315505512,0.0,0.0,False,unbiased_M_times_M_minus_1,81,0.032387045181927226,2.346534294838893,2.139312985186778,0.6666666666666666
HorizontalScanPath_7,full-posterior propagation,3.6109129986233175e-06,12.422901570529978,3.4305133895116966,0.17022272061337845,2,117,2,295.52522559779794,0.48289153886045766,0.47053414763256624,318.1194882121125,307.56685244167596,10.552635770436552,3.6683652950738406,False,0.9992003198720512,0.9736842105263158,0.7303808189477299,1.3762344902320387,11.462261174026729,12.645388391416182,15.578654662709988,1.0,False,0.9736842105263158,12.645388391416182,15.578654662709988,1.964629463032383,2.463712584655597,1.3762344902320387,1.6705522723479647,1.1625441946911128,1.2722819295318875,0.9369310129624644,0.7562874907247874,8.79213533687549,10.552635770436552,8.224288506886408,Horizontal,7,evaluation,0.03,fixed_stride_5,saturation_only_correction,0.4289272751614428,10.584234315505512,1.4270085395135628,0.8662858026948539,True,unbiased_M_times_M_minus_1,81,0.032387045181927226,2.346534294838893,2.139312985186778,0.6666666666666666
HorizontalScanPath_8,clipped propagation,3.6109129986233175e-06,12.422901570529978,3.4305133895116966,0.17022272061337845,2,117,2,295.71434881764065,0.5196814650660438,0.5334966182189005,316.75154527615916,303.328069115735,13.423476160424173,3.4196267389679513,False,0.9988004798080767,0.9605263157894737,0.7323003211478297,1.5012670760770557,11.436572402895111,12.11543146809521,19.300698972982754,1.0,False,0.9605263157894737,12.11543146809521,19.300698972982754,2.6940562821444307,3.792346655483617,1.5012670760770557,1.8766196656716232,1.2215285163846243,1.3178494521967965,0.9733424390061727,0.7866894365007128,11.575220388451614,13.423476160424173,9.498703657524995,Horizontal,8,evaluation,0.03,fixed_stride_5,saturation_only_correction,0.49925170401371555,13.41947143655733,0.0,0.0,False,unbiased_M_times_M_minus_1,83,0.03318672530987605,2.3328248105326024,1.984444912344575,0.6265060240963856
HorizontalScanPath_8,posterior-mean propagation,3.6109129986233175e-06,12.422901570529978,3.4305133895116966,0.17022272061337845,2,117,2,295.71434881764065,0.4551811691448727,0.4346507125206478,316.75154527615916,304.4693778605041,12.282167415655067,3.419626738972207,False,0.9988004798080767,0.9605263157894737,0.7273631607144324,1.3041244482473022,11.443163002139748,12.408225302640254,17.791595110339063,1.0,False,0.9605263157894737,12.408225302640254,17.791595110339063,1.9721839514895974,2.3963766644496243,1.3041244482473022,1.4684632646864515,1.139674629528451,1.1615057571556908,0.9279485399726457,0.7066484510919626,10.518687253886535,12.282167415655067,8.558195327416461,Horizontal,8,evaluation,0.03,fixed_stride_5,saturation_only_correction,0.4127578018113764,12.267689250041713,0.0,0.0,False,unbiased_M_times_M_minus_1,83,0.03318672530987605,2.3328248105326024,1.984444912344575,0.6265060240963856
HorizontalScanPath_8,full-posterior propagation,3.6109129986233175e-06,12.422901570529978,3.4305133895116966,0.17022272061337845,2,117,2,295.71434881764065,0.45534685333425673,0.43484420569664944,316.75154527615916,304.49034681355283,12.26119846260633,3.4724320155615778,False,0.9988004798080767,0.9605263157894737,0.7272969956778198,1.3179992924707415,11.452326973642611,12.762633624612178,17.999535782006905,1.0,False,0.9605263157894737,12.762633624612178,17.999535782006905,1.9661257368381735,2.3954756232816976,1.3179992924707415,1.4716819259676068,1.1462853323704487,1.1630916814923602,0.93085190401397,0.7074870506375768,10.128197910175194,12.26119846260633,8.37588387732235,Horizontal,8,evaluation,0.03,fixed_stride_5,saturation_only_correction,0.4127578018113764,12.267689250041713,0.6021748371998314,0.624824869458751,True,unbiased_M_times_M_minus_1,83,0.03318672530987605,2.3328248105326024,1.984444912344575,0.6265060240963856
HorizontalScanPath_10,clipped propagation,3.6109129986233175e-06,12.422901570529978,3.4305133895116966,0.17022272061337845,2,117,2,296.06802208777685,0.48403717251505946,0.5055670980603976,318.649993978916,305.39408354877264,13.25591043014333,3.4196267389658237,False,0.9984006397441023,0.9473684210526315,0.7301865416457447,1.5233208596688965,11.435034019673642,12.124292708547706,20.676685394267235,1.0,False,0.9473684210526315,12.124292708547706,20.676685394267235,2.8335395714929446,3.8867940766043603,1.5233208596688965,1.888577664157483,1.2316420513579696,1.2877301563944903,0.9785688091282428,0.7590749842920942,11.196618744101142,13.25591043014333,10.402575301247795,Horizontal,10,evaluation,0.03,fixed_stride_5,saturation_only_correction,0.4726389871963145,13.217496304497388,0.0,0.0,False,unbiased_M_times_M_minus_1,73,0.029188324670131948,2.7154174495621515,2.1736624194621537,0.7123287671232876
HorizontalScanPath_10,posterior-mean propagation,3.6109129986233175e-06,12.422901570529978,3.4305133895116966,0.17022272061337845,2,117,2,296.06802208777685,0.42212030465384726,0.4238947578498875,318.649993978916,306.4206676581169,12.229326320799089,3.419626738972207,False,0.9988004798080767,0.9605263157894737,0.7240585825346163,1.279278184891743,11.43206353249601,12.096038952225614,17.94670956665952,1.0,False,0.9605263157894737,12.096038952225614,17.94670956665952,1.9859230081426917,2.5716949265639815,1.279278184891743,1.5939818683433942,1.091472474850766,1.1220515906858792,0.9023089642597357,0.6753266791667996,10.22146863094851,12.229326320799089,9.589845474995817,Horizontal,10,evaluation,0.03,fixed_stride_5,saturation_only_correction,0.39051929584732786,12.190902330082736,0.0,0.0,False,unbiased_M_times_M_minus_1,73,0.029188324670131948,2.7154174495621515,2.1736624194621537,0.7123287671232876
HorizontalScanPath_10,full-posterior propagation,3.6109129986233175e-06,12.422901570529978,3.4305133895116966,0.17022272061337845,2,117,2,296.06802208777685,0.4181810362326925,0.4182632405036663,318.649993978916,306.5150483142078,12.134945664708198,3.4959726532791517,False,0.9988004798080767,0.9605263157894737,0.7237723808610015,1.2938594165454893,11.444469960638205,12.722229349923282,18.418248482468464,1.0,False,0.9605263157894737,12.722229349923282,18.418248482468464,2.0024750234337665,2.465096652525821,1.2938594165454893,1.5779630432798235,1.097626784896591,1.1096917452804662,0.9062312196055983,0.6691866845766552,10.434274218455798,12.134945664708198,9.247630533850232,Horizontal,10,evaluation,0.03,fixed_stride_5,saturation_only_correction,0.39051929584732786,12.190902330082736,0.7367840317598033,0.7723079866713288,True,unbiased_M_times_M_minus_1,73,0.029188324670131948,2.7154174495621515,2.1736624194621537,0.7123287671232876
HorizontalScanPath_11,clipped propagation,3.6109129986233175e-06,12.422901570529978,3.4305133895116966,0.17022272061337845,2,117,3,296.2091569703494,0.4762647329487825,0.4949060283187337,317.2636056084965,303.85846514968523,13.405140458811275,3.419764998927514,False,0.9984006397441023,0.9473684210526315,0.7336262811608593,1.5415951583021947,11.459814163610556,12.084131916676366,20.058580964536205,1.0,False,0.9473684210526315,12.084131916676366,20.058580964536205,2.7789896829582927,3.9138034052621347,1.5415951583021947,1.9589494575231454,1.2605261100988367,1.4037159265235848,0.9945079781838315,0.8199891019314942,11.131197758895128,13.405140458811275,9.41156838601013,Horizontal,11,evaluation,0.03,fixed_stride_5,saturation_only_correction,0.4660168077575315,13.437048199609023,0.0,0.0,False,unbiased_M_times_M_minus_1,78,0.031187524990004,2.6094915770781015,2.035023466430805,0.5641025641025641
HorizontalScanPath_11,posterior-mean propagation,3.6109129986233175e-06,12.422901570529978,3.4305133895116966,0.17022272061337845,2,117,3,296.2091569703494,0.4106102750685815,0.40681295048726307,317.2636056084965,306.14099813771816,11.122607470778348,3.41979239185947,False,0.9988004798080767,0.9605263157894737,0.727923831122194,1.320121862222917,11.459107349590079,12.013414358847557,16.68557099617171,1.0,False,0.9605263157894737,12.013414358847557,16.68557099617171,1.9184807519251104,2.446685325003109,1.320121862222917,1.6840023733017442,1.136618875951976,1.2577529852645117,0.929578954620585,0.7463246731536454,9.053306627482124,11.122607470778348,7.6022231358221966,Horizontal,11,evaluation,0.03,fixed_stride_5,saturation_only_correction,0.3663660327288261,11.144660873719033,0.0,0.0,False,unbiased_M_times_M_minus_1,78,0.031187524990004,2.6094915770781015,2.035023466430805,0.5641025641025641
HorizontalScanPath_11,full-posterior propagation,3.6109129986233175e-06,12.422901570529978,3.4305133895116966,0.17022272061337845,2,117,3,296.2091569703494,0.41083467740099444,0.40729243873451526,317.2636056084965,306.16998343840453,11.093622170091976,3.4735678837467763,False,0.9988004798080767,0.9605263157894737,0.7285898349969638,1.3444477137812376,11.46745528237625,12.256808610607237,15.824752980327792,1.0,False,0.9605263157894737,12.256808610607237,15.824752980327792,1.9801427670045348,2.444465522846982,1.3444477137812376,1.689847081040101,1.1568496283197807,1.2592994901006582,0.9388858676484327,0.7470824120828197,8.97007292947419,11.093622170091976,7.5241183733279255,Horizontal,11,evaluation,0.03,fixed_stride_5,saturation_only_correction,0.3663660327288261,11.144660873719033,0.6132201441050629,0.49357295956654673,True,unbiased_M_times_M_minus_1,78,0.031187524990004,2.6094915770781015,2.035023466430805,0.5641025641025641
HorizontalScanPath_12,clipped propagation,3.6109129986233175e-06,12.422901570529978,3.4305133895116966,0.17022272061337845,2,117,3,296.3525815864646,0.467889542621856,0.48174766257385576,315.46455223645467,305.60492691964464,9.859625316810025,3.419824650725866,False,0.998000799680128,0.9342105263157895,0.734774067492325,1.537863168773539,11.458547493215537,12.089080625280365,20.538153559824547,1.0,False,0.9342105263157895,12.089080625280365,20.538153559824547,2.7965993559709057,3.975292087984682,1.537863168773539,1.9892535484430602,1.2561547185132995,1.4443690022751599,0.9866112079014336,0.832689108822672,11.338013041600647,13.193238334718217,7.024930218924489,Horizontal,12,evaluation,0.03,fixed_stride_5,saturation_only_correction,0.4556895829785049,9.89066616044363,0.0,0.0,False,unbiased_M_times_M_minus_1,86,0.03438624550179928,2.4265666660057685,2.09883200916295,0.4186046511627907
HorizontalScanPath_12,posterior-mean propagation,3.6109129986233175e-06,12.422901570529978,3.4305133895116966,0.17022272061337845,2,117,3,296.3525815864646,0.4338799894430447,0.43791305740335806,315.46455223645467,307.09968409102004,8.364868145434627,3.419786998664634,False,0.9984006397441023,0.9473684210526315,0.7321677821410688,1.4359135089030193,11.449586992563335,12.017914188071021,16.592742340018305,1.0,False,0.9473684210526315,12.017914188071021,16.592742340018305,2.373667849393923,3.2337617719214484,1.4359135089030193,1.831235652299784,1.2079627279999063,1.3581822785564481,0.9592204925850994,0.7892561422116491,9.793486650723523,11.92090155080723,5.452740292880549,Horizontal,12,evaluation,0.03,fixed_stride_5,saturation_only_correction,0.40573902991220573,8.394412085153022,0.0,0.0,False,unbiased_M_times_M_minus_1,86,0.03438624550179928,2.4265666660057685,2.09883200916295,0.4186046511627907
HorizontalScanPath_12,full-posterior propagation,3.6109129986233175e-06,12.422901570529978,3.4305133895116966,0.17022272061337845,2,117,3,296.3525815864646,0.43167394038223406,0.43559636269842067,315.46455223645467,307.14969584270455,8.31485639375012,3.4550772895514292,False,0.998000799680128,0.9342105263157895,0.7333901319233119,1.453425190564947,11.447496270727385,12.245416306638845,18.249497201204708,1.0,False,0.9342105263157895,12.245416306638845,18.249497201204708,2.3805983138848497,3.2121698161928056,1.453425190564947,1.8208043620130578,1.214599071269234,1.3467305693085323,0.9623247386754153,0.783455226006208,9.980238756917576,11.870011659421436,5.888011960318581,Horizontal,12,evaluation,0.03,fixed_stride_5,saturation_only_correction,0.40573902991220573,8.394412085153022,0.4977343181107706,0.3624000729289965,True,unbiased_M_times_M_minus_1,86,0.03438624550179928,2.4265666660057685,2.09883200916295,0.4186046511627907
HorizontalScanPath_13,clipped propagation,3.6109129986233175e-06,12.422901570529978,3.4305133895116966,0.17022272061337845,2,117,1,296.4959614680289,0.45562602273124114,0.48244278458741896,319.1296936365724,305.8799663517782,13.249727284794233,3.4196267389679513,False,0.9984006397441023,0.9473684210526315,0.734567406965714,1.561869468842322,11.458629220669618,11.80989865457749,20.82275077701403,1.0,False,0.9473684210526315,11.80989865457749,20.82275077701403,2.971070629972588,4.217018875112287,1.561869468842322,2.017184420022546,1.2443750311936739,1.308023619285986,0.9821270069566461,0.7741883545477256,11.468093822452019,13.249727284794233,10.861553191025376,Horizontal,13,calibration,0.03,fixed_stride_5,saturation_only_correction,0.44860650067340996,13.269495225040941,0.0,0.0,False,unbiased_M_times_M_minus_1,77,0.03078768492602959,2.720531247724229,2.3781927259288977,0.6363636363636364
HorizontalScanPath_13,posterior-mean propagation,3.6109129986233175e-06,12.422901570529978,3.4305133895116966,0.17022272061337845,2,117,1,296.4959614680289,0.40489167371980794,0.41431061866837193,319.1296936365724,307.07707203325515,12.052621603317277,3.4196267389743347,False,0.9988004798080767,0.9605263157894737,0.7283784078067136,1.3576918304759866,11.453859183998253,11.728795819840434,18.296745992565086,1.0,False,0.9605263157894737,11.728795819840434,18.296745992565086,2.166853686042408,2.7936552614043557,1.3576918304759866,1.6532894410369443,1.1317830471517634,1.1587076017874625,0.9234968219272215,0.6996856025307662,10.098455501292936,12.052621603317277,9.534488853176711,Horizontal,13,calibration,0.03,fixed_stride_5,saturation_only_correction,0.3863569117777876,12.054976116039938,0.0,0.0,False,unbiased_M_times_M_minus_1,77,0.03078768492602959,2.720531247724229,2.3781927259288977,0.6363636363636364
HorizontalScanPath_13,full-posterior propagation,3.6109129986233175e-06,12.422901570529978,3.4305133895116966,0.17022272061337845,2,117,1,296.4959614680289,0.40339838389678867,0.4126452019661729,319.1296936365724,307.08741293297504,12.042280703597385,3.444596763445702,False,0.9984006397441023,0.9473684210526315,0.729233795834493,1.383396889252294,11.469916231402397,12.211722331124532,18.70003438698659,1.0,False,0.9473684210526315,12.211722331124532,18.70003438698659,2.2029772614053953,2.782899140974317,1.383396889252294,1.6384605907280647,1.1531078581349254,1.1475888029309798,0.9336446169002038,0.6941294084962514,9.947104518448548,12.042280703597385,9.327639875622076,Horizontal,13,calibration,0.03,fixed_stride_5,saturation_only_correction,0.3863569117777876,12.054976116039938,0.4159566860604052,0.8829236698159061,True,unbiased_M_times_M_minus_1,77,0.03078768492602959,2.720531247724229,2.3781927259288977,0.6363636363636364
SpiralScanPath_1,clipped propagation,3.6109129986233175e-06,12.422901570529978,3.4305133895116966,0.17022272061337845,2,117,3,294.5644045668491,0.42767232354948104,0.38900406484060096,333.10510445751316,339.5438794664349,6.438775008921709,3.292627719934295,False,0.998000799680128,0.9342105263157895,0.7276881229759085,1.3593784047775381,11.461495051391255,12.126699613408164,18.670335818855015,1.0,False,0.9342105263157895,12.126699613408164,18.670335818855015,2.3989665682700956,3.1895582823053656,1.3593784047775381,1.498192003544915,1.1275853629128465,1.074734602098229,0.9211890506688356,0.6353096949188599,4.420511449924071,6.438775008921709,4.420511449924076,Spiral,1,evaluation,0.03,fixed_stride_5,saturation_only_correction,0.4543350436001687,6.3879377161096045,0.0,0.0,False,unbiased_M_times_M_minus_1,72,0.028788484606157537,2.657064232673197,2.085295254877664,0.7083333333333334
SpiralScanPath_1,posterior-mean propagation,3.6109129986233175e-06,12.422901570529978,3.4305133895116966,0.17022272061337845,2,117,3,294.5644045668491,0.38968188557753836,0.349969805762783,333.10510445751316,340.59029335291893,7.48518889540577,3.292627719934295,False,0.998000799680128,0.9342105263157895,0.7254525929121954,1.311182866704291,11.476807395409525,12.307917724129723,16.716207726284317,1.0,False,0.9342105263157895,12.307917724129723,16.716207726284317,2.155883029843507,2.7719078850335475,1.311182866704291,1.408308102294867,1.0917767259680489,1.0065317455313947,0.9046224517584486,0.59415744549463,5.661516690989397,7.48518889540577,5.661516690989445,Spiral,1,evaluation,0.03,fixed_stride_5,saturation_only_correction,0.39193316276338763,7.43435173256654,0.0,0.0,False,unbiased_M_times_M_minus_1,72,0.028788484606157537,2.657064232673197,2.085295254877664,0.7083333333333334
SpiralScanPath_1,full-posterior propagation,3.6109129986233175e-06,12.422901570529978,3.4305133895116966,0.17022272061337845,2,117,3,294.5644045668491,0.39120762755106936,0.35015907591770795,333.10510445751316,340.70272402323184,7.597619565718674,3.3563924295379968,False,0.9976009596161536,0.9210526315789473,0.7251706692117803,1.2801033611354287,11.482737460075395,12.33619903285032,15.53799387085194,1.0,False,0.9210526315789473,12.33619903285032,15.53799387085194,2.032373432154757,2.746784313321788,1.2801033611354287,1.462647210268746,1.0745878621334952,1.0485930190617487,0.8976381998788956,0.616143981874381,5.704089464658487,7.597619565718674,5.70408946465854,Spiral,1,evaluation,0.03,fixed_stride_5,saturation_only_correction,0.39193316276338763,7.43435173256654,0.657821205348745,0.6096187341401457,True,unbiased_M_times_M_minus_1,72,0.028788484606157537,2.657064232673197,2.085295254877664,0.7083333333333334
SpiralScanPath_2,clipped propagation,3.6109129986233175e-06,12.422901570529978,3.4305133895116966,0.17022272061337845,2,117,4,294.77953556616137,0.4334436857629033,0.39397448329271856,329.2630123504799,325.6537250741089,3.609287276371049,3.3585084331761816,True,0.9984006397441023,0.9473684210526315,0.7279142976187954,1.3461780802164576,11.474017296402126,12.323117527188218,16.13624394679549,1.0,True,0.9473684210526315,12.323117527188218,16.13624394679549,2.3399863789339106,3.1474957397756147,1.3461780802164576,1.4779854151568956,1.1301865331605445,1.0777040604899752,0.9344217332045527,0.7065785446012214,2.131198962327775,3.609287276371049,1.8296280762576136,Spiral,2,evaluation,0.03,fixed_stride_5,saturation_only_correction,0.44844851993584633,3.665161049114431,0.0,0.0,False,unbiased_M_times_M_minus_1,89,0.03558576569372251,2.154459598727737,2.011625074624826,0.5168539325842697
SpiralScanPath_2,posterior-mean propagation,3.6109129986233175e-06,12.422901570529978,3.4305133895116966,0.17022272061337845,2,117,4,294.77953556616137,0.42816138314590607,0.3852548665667992,329.2630123504799,326.03326861681217,3.2297437336677604,3.358508434976481,True,0.9984006397441023,0.9605263157894737,0.7269724946966376,1.3102982495058357,11.474867248586312,12.240824731414644,16.547910249536287,1.0,True,0.9605263157894737,12.240824731414644,16.547910249536287,2.2588463734835846,3.0127303323250354,1.3102982495058357,1.4972908116785173,1.11172802499572,1.1175509620086328,0.9362638435009254,0.7301630581214473,2.1488347505445904,3.2297437336677604,1.7713726247114188,Spiral,2,evaluation,0.03,fixed_stride_5,saturation_only_correction,0.42258582613541135,3.285332475718917,0.0,0.0,False,unbiased_M_times_M_minus_1,89,0.03558576569372251,2.154459598727737,2.011625074624826,0.5168539325842697
SpiralScanPath_2,full-posterior propagation,3.6109129986233175e-06,12.422901570529978,3.4305133895116966,0.17022272061337845,2,117,4,294.77953556616137,0.43341823474749697,0.3892036918274001,329.2630123504799,326.0455251729153,3.217487177564635,3.374624657913949,True,0.998000799680128,0.9342105263157895,0.7272045223061436,1.3182511242499892,11.472893320357572,12.257384710379657,16.664944520930213,1.0,True,0.9342105263157895,12.257384710379657,16.664944520930213,2.2448409051180587,3.0698556507658714,1.3182511242499892,1.513831916094491,1.1126196498845544,1.129220882800514,0.9337998459961305,0.7368926923874961,2.0922795417833955,3.217487177564635,1.709011245070416,Spiral,2,evaluation,0.03,fixed_stride_5,saturation_only_correction,0.42258582613541135,3.285332475718917,0.32959143292908594,0.25686087388833256,True,unbiased_M_times_M_minus_1,89,0.03558576569372251,2.154459598727737,2.011625074624826,0.5168539325842697
SpiralScanPath_3,clipped propagation,3.6109129986233175e-06,12.422901570529978,3.4305133895116966,0.17022272061337845,2,117,3,295.09034972544174,0.40741448960237847,0.3770196435534388,333.2341053416775,339.77961272928434,6.545507387606847,3.292627719934295,True,0.998000799680128,0.9473684210526315,0.7295032407483162,1.3663833274246693,11.462290909923222,11.847413625271026,18.134601580844556,1.0,True,0.9473684210526315,11.847413625271026,18.134601580844556,2.5350355584418973,3.377399431730155,1.3663833274246693,1.508358284602208,1.1324285939363996,1.077029271531162,0.9417482280078914,0.6966611962305874,4.912664627552292,6.545507387606847,4.912664627552266,Spiral,3,evaluation,0.03,fixed_stride_5,saturation_only_correction,0.41991213903922586,6.554110697664498,0.0,0.0,False,unbiased_M_times_M_minus_1,81,0.032387045181927226,2.3269279645816527,2.17910508580971,0.37037037037037035
SpiralScanPath_3,posterior-mean propagation,3.6109129986233175e-06,12.422901570529978,3.4305133895116966,0.17022272061337845,2,117,3,295.09034972544174,0.39610279221216255,0.35986542812592165,333.2341053416775,339.98437130043027,6.750265958752777,3.292627719934295,False,0.9976009596161536,0.9342105263157895,0.7271835456845241,1.307518015847865,11.463383452435828,12.003538964049655,18.27394843483744,1.0,False,0.9342105263157895,12.003538964049655,18.27394843483744,2.2674258411446204,2.9919917898172366,1.307518015847865,1.4728588233062336,1.1071449604506751,1.1006208127494015,0.9299872574932715,0.7124642904165105,5.226058131830875,6.750265958752777,5.226058131830872,Spiral,3,evaluation,0.03,fixed_stride_5,saturation_only_correction,0.39680640455685257,6.758869170176297,0.0,0.0,False,unbiased_M_times_M_minus_1,81,0.032387045181927226,2.3269279645816527,2.17910508580971,0.37037037037037035
SpiralScanPath_3,full-posterior propagation,3.6109129986233175e-06,12.422901570529978,3.4305133895116966,0.17022272061337845,2,117,3,295.09034972544174,0.39608736729822536,0.35982310127848843,333.2341053416775,339.98437744987405,6.750272108196555,3.3025479474659307,False,0.9976009596161536,0.9342105263157895,0.7272424568477613,1.3087574982354266,11.465004148348688,12.045472224351913,18.255084338933486,1.0,False,0.9342105263157895,12.045472224351913,18.255084338933486,2.2665132860711448,2.9908582123255596,1.3087574982354266,1.4727638957846598,1.1082691327323,1.1009112521812965,0.930574194230497,0.712590055072683,5.221762738049205,6.750272108196555,5.221762738049323,Spiral,3,evaluation,0.03,fixed_stride_5,saturation_only_correction,0.39680640455685257,6.758869170176297,0.2558177109989234,0.2496992183781103,True,unbiased_M_times_M_minus_1,81,0.032387045181927226,2.3269279645816527,2.17910508580971,0.37037037037037035
SpiralScanPath_4,clipped propagation,3.6109129986233175e-06,12.422901570529978,3.4305133895116966,0.17022272061337845,2,117,2,295.3171456785458,0.39017143916654584,0.3818611719388778,330.1270426836271,325.7284697946559,4.398572888971216,3.358508432326943,True,0.998000799680128,0.9342105263157895,0.7243101391590161,1.3593950655173705,11.452163458849746,11.986856950342984,16.326663079885385,1.0,True,0.9342105263157895,11.986856950342984,16.326663079885385,2.441303362201062,3.472119346641123,1.3593950655173705,1.5953514414620564,1.095191988083343,1.075756753699227,0.9133599134703212,0.651855137749313,2.586631636081463,4.398572888971216,2.0206752642205617,Spiral,4,evaluation,0.03,fixed_stride_5,saturation_only_correction,0.4130560477138557,4.378710020806295,0.0,0.0,False,unbiased_M_times_M_minus_1,80,0.03198720511795282,2.421583203054216,2.3340915269788938,0.5375
SpiralScanPath_4,posterior-mean propagation,3.6109129986233175e-06,12.422901570529978,3.4305133895116966,0.17022272061337845,2,117,2,295.3171456785458,0.3712337243524809,0.3523596618671246,330.1270426836271,326.84070909815443,3.2863335854726756,3.358508451016694,True,0.9984006397441023,0.9473684210526315,0.72445186505249,1.3131547445958596,11.463431429347978,12.227603844864882,14.4413300457338,1.0,True,0.9473684210526315,12.227603844864882,14.4413300457338,2.0807684571232157,2.603323434340233,1.3131547445958596,1.5607883681652333,1.076996749222169,1.1349408423232237,0.9082020153112251,0.6880389143565349,2.23209499502679,3.2863335854726756,1.672954148877973,Spiral,4,evaluation,0.03,fixed_stride_5,saturation_only_correction,0.3720903229547737,3.2662052393498584,0.0,0.0,False,unbiased_M_times_M_minus_1,80,0.03198720511795282,2.421583203054216,2.3340915269788938,0.5375
SpiralScanPath_4,full-posterior propagation,3.6109129986233175e-06,12.422901570529978,3.4305133895116966,0.17022272061337845,2,117,2,295.3171456785458,0.3732400319743869,0.35450286981722856,330.1270426836271,326.8477810618542,3.279261621772889,3.384370217743431,True,0.9992003198720512,0.9736842105263158,0.7238639350432907,1.3227139246631126,11.469068945145082,12.465965007538458,14.388154449629056,1.0,True,0.9736842105263158,12.465965007538458,14.388154449629056,2.0529129737334455,2.61608138389385,1.3227139246631126,1.5897924251367612,1.084682599546015,1.153293594988458,0.9118802221672985,0.6973911750266231,1.718540746858757,3.279261621772889,1.2026528697899952,Spiral,4,evaluation,0.03,fixed_stride_5,saturation_only_correction,0.3720903229547737,3.2662052393498584,0.4179220152587776,0.5498250448697259,True,unbiased_M_times_M_minus_1,80,0.03198720511795282,2.421583203054216,2.3340915269788938,0.5375
SpiralScanPath_5,clipped propagation,3.6109129986233175e-06,12.422901570529978,3.4305133895116966,0.17022272061337845,2,117,4,295.5160834229293,0.4065762557734679,0.38530705027645007,326.14461910118706,333.55303732574436,7.408418224557295,3.292627719934295,False,0.9968012794882047,0.9210526315789473,0.733026809835002,1.4313035788095552,11.488144085406937,12.251427777097678,18.039618442298046,1.0,False,0.9210526315789473,12.251427777097678,18.039618442298046,2.5443973641046966,3.616959630805164,1.4313035788095552,1.7138359098157872,1.1913394696763142,1.300329102974908,0.9734623221325601,0.8088950470997835,5.401118570122614,7.408418224557295,5.4011185701226365,Spiral,5,evaluation,0.03,fixed_stride_5,saturation_only_correction,0.40426159734833267,7.408128829735119,0.0,0.0,False,unbiased_M_times_M_minus_1,84,0.03358656537385046,2.3160661582293405,1.9500492688862512,0.7023809523809523
SpiralScanPath_5,posterior-mean propagation,3.6109129986233175e-06,12.422901570529978,3.4305133895116966,0.17022272061337845,2,117,4,295.5160834229293,0.3810285079247314,0.33802870042542615,326.14461910118706,334.2403547993712,8.095735698184114,3.292627719934295,False,0.998000799680128,0.9473684210526315,0.7311428915280772,1.3220145620775974,11.49482932135384,12.319851105507688,15.670235249924112,1.0,False,0.9473684210526315,12.319851105507688,15.670235249924112,1.96287911302152,2.3714509147129728,1.3220145620775974,1.5666641023354366,1.1622907889237128,1.2890271487251341,0.962887512627768,0.8076067039100261,6.3211810171650376,8.095735698184114,6.3211810171650775,Spiral,5,evaluation,0.03,fixed_stride_5,saturation_only_correction,0.3332222436582341,8.095454730847678,0.0,0.0,False,unbiased_M_times_M_minus_1,84,0.03358656537385046,2.3160661582293405,1.9500492688862512,0.7023809523809523
SpiralScanPath_5,full-posterior propagation,3.6109129986233175e-06,12.422901570529978,3.4305133895116966,0.17022272061337845,2,117,4,295.5160834229293,0.3769844342035182,0.33033551852848947,326.14461910118706,334.2708109224441,8.126191821257066,3.3474098045294096,False,0.998000799680128,0.9473684210526315,0.7317138318574193,1.3065495230661361,11.506504646342131,12.736291889084033,15.470583087073393,1.0,False,0.9473684210526315,12.736291889084033,15.470583087073393,1.8841195490282212,2.1998223579580793,1.3065495230661361,1.5239689069958084,1.1619294446710648,1.2710535578018787,0.9645887294848954,0.7972538439674476,6.385380075095403,8.126191821257066,6.385380075095332,Spiral,5,evaluation,0.03,fixed_stride_5,saturation_only_correction,0.3332222436582341,8.095454730847678,0.6036928525642465,0.7630598064454273,True,unbiased_M_times_M_minus_1,84,0.03358656537385046,2.3160661582293405,1.9500492688862512,0.7023809523809523
SpiralScanPath_6,clipped propagation,3.6109129986233175e-06,12.422901570529978,3.4305133895116966,0.17022272061337845,2,117,2,295.69040467376334,0.3711944368003978,0.37093180489804134,332.8537813167321,339.56482483203735,6.711043515305221,3.292627719934295,False,0.9976009596161536,0.9210526315789473,0.728533822219162,1.4227057568916446,11.4588744873156,12.101025249673953,18.273107883166865,1.0,False,0.9210526315789473,12.101025249673953,18.273107883166865,2.6463396614572523,3.6496234342107394,1.4227057568916446,1.6672867366598654,1.1359539840915607,1.1030946132385033,0.9314601489344282,0.6613984191733803,5.089970010664261,6.711043515305221,5.089970010664313,Spiral,6,evaluation,0.03,fixed_stride_5,saturation_only_correction,0.3861189540562025,6.641168489068718,0.0,0.0,False,unbiased_M_times_M_minus_1,81,0.032387045181927226,2.401808793946929,2.0355564117669664,0.654320987654321
SpiralScanPath_6,posterior-mean propagation,3.6109129986233175e-06,12.422901570529978,3.4305133895116966,0.17022272061337845,2,117,2,295.69040467376334,0.3390457040335928,0.32922650070179044,332.8537813167321,340.8819466097917,8.028165293059601,3.292627719934295,False,0.9984006397441023,0.9473684210526315,0.7265183741717196,1.3464287145984002,11.462025834392072,12.300336572478114,16.43458149994048,1.0,False,0.9473684210526315,12.300336572478114,16.43458149994048,2.265192529005626,2.9159421136087142,1.3464287145984002,1.4927681058260918,1.0967837451504618,1.0401951353361605,0.9174485347778205,0.6346944390550037,6.304797810920919,8.028165293059601,6.304797810920877,Spiral,6,evaluation,0.03,fixed_stride_5,saturation_only_correction,0.33782947649033696,7.9582904640151355,0.0,0.0,False,unbiased_M_times_M_minus_1,81,0.032387045181927226,2.401808793946929,2.0355564117669664,0.654320987654321
SpiralScanPath_6,full-posterior propagation,3.6109129986233175e-06,12.422901570529978,3.4305133895116966,0.17022272061337845,2,117,2,295.69040467376334,0.33874468933922486,0.32873854939046193,332.8537813167321,340.9316378821474,8.077856565415289,3.3478593056927717,False,0.9984006397441023,0.9473684210526315,0.7260494031359277,1.3229318607829383,11.471838035414555,12.421544142256923,16.806923750680173,1.0,False,0.9473684210526315,12.421544142256923,16.806923750680173,2.175498417768973,2.8908582953329014,1.3229318607829383,1.4963359032194445,1.0767791996793623,1.0435493553050972,0.9098634864049541,0.6365988794480989,6.269597509310668,8.077856565415289,6.269597509310709,Spiral,6,evaluation,0.03,fixed_stride_5,saturation_only_correction,0.33782947649033696,7.9582904640151355,0.6086702209740402,0.5131486828845898,True,unbiased_M_times_M_minus_1,81,0.032387045181927226,2.401808793946929,2.0355564117669664,0.654320987654321
SpiralScanPath_7,clipped propagation,3.6109129986233175e-06,12.422901570529978,3.4305133895116966,0.17022272061337845,2,117,3,295.8140795498944,0.37009156939501736,0.36442002006602414,334.45555342383483,332.9212473799098,1.534306043925028,3.3585083959829922,True,0.998000799680128,0.9473684210526315,0.7318566812537538,1.4159878632045042,11.449875140082645,12.124027528848288,17.423132488374055,1.0,True,0.9473684210526315,12.124027528848288,17.423132488374055,2.557241370720026,3.553515708369413,1.4159878632045042,1.6674346888096636,1.158083162147665,1.1865473292399722,0.9546834440837214,0.7426912824869734,1.0022296062201868,1.534306043925028,1.002229606220256,Spiral,7,evaluation,0.03,fixed_stride_5,saturation_only_correction,0.37509314623409695,1.5336500172374485,0.0,0.0,False,unbiased_M_times_M_minus_1,79,0.03158736505397841,2.4968012424373893,2.1202911782120935,0.6075949367088608
SpiralScanPath_7,posterior-mean propagation,3.6109129986233175e-06,12.422901570529978,3.4305133895116966,0.17022272061337845,2,117,3,295.8140795498944,0.3305497930495546,0.31833718443465714,334.45555342383483,333.8039550966782,0.6515983271566483,3.358508427192515,True,0.998000799680128,0.9342105263157895,0.7260674199371163,1.2545312857430966,11.444168597716319,12.17193212667452,16.238101340729152,1.0,True,0.9342105263157895,12.17193212667452,16.238101340729152,2.1298710589346346,2.81481973710032,1.2545312857430966,1.3698723403611486,1.0474934500550857,1.0030008146136713,0.8923994184195971,0.6374115258871711,0.7936252303005646,0.6515983271566483,0.7936252303005702,Spiral,7,evaluation,0.03,fixed_stride_5,saturation_only_correction,0.3260086890246305,0.6507808071899035,0.0,0.0,False,unbiased_M_times_M_minus_1,79,0.03158736505397841,2.4968012424373893,2.1202911782120935,0.6075949367088608
SpiralScanPath_7,full-posterior propagation,3.6109129986233175e-06,12.422901570529978,3.4305133895116966,0.17022272061337845,2,117,3,295.8140795498944,0.3320856488369904,0.3189539724751009,334.45555342383483,333.83012474726485,0.6254286765699817,3.397441095372339,True,0.9988004798080767,0.9605263157894737,0.7269511737366763,1.2667079645792219,11.44701927904503,12.44742208398522,14.567397425283952,1.0,True,0.9605263157894737,12.44742208398522,14.567397425283952,2.0938007974701205,2.813799907144355,1.2667079645792219,1.3818720972919016,1.0689848015326358,1.01711595130463,0.9105831567652282,0.6462404337162441,0.8447592861187385,0.6254286765699817,0.8447592861187045,Spiral,7,evaluation,0.03,fixed_stride_5,saturation_only_correction,0.3260086890246305,0.6507808071899035,0.5136140585793357,0.3717230169305948,True,unbiased_M_times_M_minus_1,79,0.03158736505397841,2.4968012424373893,2.1202911782120935,0.6075949367088608
SpiralScanPath_8,clipped propagation,3.6109129986233175e-06,12.422901570529978,3.4305133895116966,0.17022272061337845,2,117,3,295.9806504909343,0.37010277724589147,0.36511907022201184,332.0671634791022,328.10722043425073,3.9599430448514568,3.3585084128659446,True,0.9976009596161536,0.9342105263157895,0.7318664465444714,1.430905822590497,11.45484178484038,12.277279724106721,16.58129958028659,1.0,True,0.9342105263157895,12.277279724106721,16.58129958028659,2.540935794705866,3.5780187436214113,1.430905822590497,1.7213252387277354,1.1751722378078864,1.236652384489893,0.9606371420185509,0.7466548356183149,2.3209717693128464,3.9599430448514568,2.2330430611110748,Spiral,8,evaluation,0.03,fixed_stride_5,saturation_only_correction,0.3713440832491345,3.9541718807912503,0.0,0.0,False,unbiased_M_times_M_minus_1,83,0.03318672530987605,2.37643008716828,2.098610895750184,0.4939759036144578
SpiralScanPath_8,posterior-mean propagation,3.6109129986233175e-06,12.422901570529978,3.4305133895116966,0.17022272061337845,2,117,3,295.9806504909343,0.34333107797780765,0.3293499816068097,332.0671634791022,328.32593510207613,3.7412283770260615,3.358508446644848,True,0.9984006397441023,0.9605263157894737,0.7278682142564593,1.3059467526224706,11.460352209630988,12.410611455328604,16.599833043440235,1.0,True,0.9605263157894737,12.410611455328604,16.599833043440235,2.102309771313137,2.822736035473431,1.3059467526224706,1.507853255264054,1.1011599445772762,1.144006066277222,0.9168818165391696,0.6956708984097028,2.206026741974897,3.7412283770260615,2.052900053898828,Spiral,8,evaluation,0.03,fixed_stride_5,saturation_only_correction,0.3344971757404367,3.73551660281845,0.0,0.0,False,unbiased_M_times_M_minus_1,83,0.03318672530987605,2.37643008716828,2.098610895750184,0.4939759036144578
SpiralScanPath_8,full-posterior propagation,3.6109129986233175e-06,12.422901570529978,3.4305133895116966,0.17022272061337845,2,117,3,295.9806504909343,0.3434259676834058,0.3295290109795711,332.0671634791022,328.3244258855962,3.7427375935059786,3.3702601422382106,True,0.9988004798080767,0.9605263157894737,0.7279686275113271,1.3089456911855164,11.463299193738015,12.489628376222633,16.625556429914383,1.0,True,0.9605263157894737,12.489628376222633,16.625556429914383,2.1048706216983883,2.825003067173751,1.3089456911855164,1.5081224629129792,1.103212366586995,1.1437747808411673,0.9178861174650871,0.6954001599709466,2.204453334607038,3.7427375935059786,2.0498881307545838,Spiral,8,evaluation,0.03,fixed_stride_5,saturation_only_correction,0.3344971757404367,3.73551660281845,0.28121240840309203,0.3297109313426008,True,unbiased_M_times_M_minus_1,83,0.03318672530987605,2.37643008716828,2.098610895750184,0.4939759036144578
SpiralScanPath_9,clipped propagation,3.6109129986233175e-06,12.422901570529978,3.4305133895116966,0.17022272061337845,2,117,2,296.12811830237854,0.35386970494664305,0.36345011716418785,329.66153916113313,328.31383733959234,1.3477018215407952,3.3585084147030733,True,0.9976009596161536,0.9210526315789473,0.7272227083467369,1.4155735106411285,11.435328728298222,12.106011238248199,17.837598977978665,1.0,True,0.9210526315789473,12.106011238248199,17.837598977978665,2.5911399612089405,3.704205491974969,1.4155735106411285,1.6508942063207204,1.13265456648104,1.0878742710983702,0.9277261326894515,0.6500631621141729,4.514946796015231,6.174855143550076,0.7954669042123308,Spiral,9,evaluation,0.03,fixed_stride_5,saturation_only_correction,0.3660877262722353,1.225789251384242,0.0,0.0,False,unbiased_M_times_M_minus_1,79,0.03158736505397841,2.4829704941696766,2.326264298063792,0.5063291139240507
SpiralScanPath_9,posterior-mean propagation,3.6109129986233175e-06,12.422901570529978,3.4305133895116966,0.17022272061337845,2,117,2,296.12811830237854,0.33736371420251393,0.3365749138911676,329.66153916113313,328.887076709291,0.7744624518421119,3.3585084055607584,True,0.9984006397441023,0.9473684210526315,0.7263301455654584,1.3693468562823254,11.438083939578775,12.270553717272474,16.397935836755657,1.0,True,0.9473684210526315,12.270553717272474,16.397935836755657,2.219936898864697,2.8586956318340615,1.3693468562823254,1.589194180151597,1.1130567217695804,1.1326048558640494,0.9187674883092863,0.6789009548845296,3.4760432759995874,5.283724019258159,0.6875064746491433,Spiral,9,evaluation,0.03,fixed_stride_5,saturation_only_correction,0.3322150105020741,0.6525497282641481,0.0,0.0,False,unbiased_M_times_M_minus_1,79,0.03158736505397841,2.4829704941696766,2.326264298063792,0.5063291139240507
SpiralScanPath_9,full-posterior propagation,3.6109129986233175e-06,12.422901570529978,3.4305133895116966,0.17022272061337845,2,117,2,296.12811830237854,0.33757674352102585,0.33695593038211435,329.66153916113313,328.897901367714,0.7636377934191501,3.400566514716272,True,0.9984006397441023,0.9473684210526315,0.727639851026695,1.3734161790231754,11.449799590651644,12.35084823102089,16.063263812642298,1.0,True,0.9473684210526315,12.35084823102089,16.063263812642298,2.24084933122222,2.8698714463704107,1.3734161790231754,1.5916596819168736,1.1200824825052877,1.133074527899283,0.9282434301294494,0.6788290523320721,3.422287692427822,5.272018614104127,0.7089180253992089,Spiral,9,evaluation,0.03,fixed_stride_5,saturation_only_correction,0.3322150105020741,0.6525497282641481,0.5353163248148685,0.6108144511403016,True,unbiased_M_times_M_minus_1,79,0.03158736505397841,2.4829704941696766,2.326264298063792,0.5063291139240507
SpiralScanPath_10,clipped propagation,3.6109129986233175e-06,12.422901570529978,3.4305133895116966,0.17022272061337845,2,117,3,296.24464913741537,0.3553095761510536,0.36163903321548635,327.4312034644041,333.65711712658094,6.225913662176822,3.358508414471266,False,0.9976009596161536,0.9210526315789473,0.7315256642360823,1.4390601186336398,11.462631240555332,12.229407886606557,17.648983086236274,1.0,False,0.9210526315789473,12.229407886606557,17.648983086236274,2.594790134657326,3.626545316512656,1.4390601186336398,1.700298837648896,1.1776975868363113,1.2308986689230332,0.9593699445431122,0.7602605614526233,5.859425875348575,7.928461707271936,4.576987321680163,Spiral,10,evaluation,0.03,fixed_stride_5,saturation_only_correction,0.36201389852131743,6.252419947142357,0.0,0.0,False,unbiased_M_times_M_minus_1,78,0.031187524990004,2.4942509915903295,2.2925440864066675,0.5897435897435898
SpiralScanPath_10,posterior-mean propagation,3.6109129986233175e-06,12.422901570529978,3.4305133895116966,0.17022272061337845,2,117,3,296.24464913741537,0.33025210897130497,0.32005341524291286,327.4312034644041,334.6384299371156,7.207226472711454,3.3585084222119033,True,0.9992003198720512,0.9736842105263158,0.7300842705201941,1.3344673965814724,11.471174470654672,12.198094017239354,14.604926885383751,1.0,True,0.9736842105263158,12.198094017239354,14.604926885383751,2.054086006677465,2.7636960945530493,1.3344673965814724,1.6746265190601235,1.1377180766384245,1.2991373628706748,0.9391293763700889,0.7935348910689972,3.946768250590965,6.249358473710572,5.839133067295274,Spiral,10,evaluation,0.03,fixed_stride_5,saturation_only_correction,0.3114198141841447,7.233733243355061,0.0,0.0,False,unbiased_M_times_M_minus_1,78,0.031187524990004,2.4942509915903295,2.2925440864066675,0.5897435897435898
SpiralScanPath_10,full-posterior propagation,3.6109129986233175e-06,12.422901570529978,3.4305133895116966,0.17022272061337845,2,117,3,296.24464913741537,0.3309519025350631,0.32194754102345036,327.4312034644041,334.6779071636736,7.24670369926946,3.4253748567169593,True,0.9988004798080767,0.9736842105263158,0.7309093381224978,1.3891225239434832,11.477066570292283,12.551968916152722,14.793926988635326,1.0,True,0.9736842105263158,12.551968916152722,14.793926988635326,2.171842613085843,2.7992429512730372,1.3891225239434832,1.699963579955526,1.1714455524107787,1.308244829180427,0.9503585934954853,0.7965834230915386,4.3964289857703855,6.216786928829606,5.756410458386789,Spiral,10,evaluation,0.03,fixed_stride_5,saturation_only_correction,0.3114198141841447,7.233733243355061,0.6785185784155097,0.6952684505054959,True,unbiased_M_times_M_minus_1,78,0.031187524990004,2.4942509915903295,2.2925440864066675,0.5897435897435898
SpiralScanPath_11,clipped propagation,3.6109129986233175e-06,12.422901570529978,3.4305133895116966,0.17022272061337845,2,117,2,296.3525026623504,0.3417090110160634,0.3565369339196838,330.9114233717931,337.71809923523864,6.806675863445548,3.292627719934295,False,0.9976009596161536,0.9210526315789473,0.7291801634029846,1.4642734019508699,11.483643179915568,12.165679550311134,18.391112584218682,1.0,False,0.9210526315789473,12.165679550311134,18.391112584218682,2.658623890120709,3.6366838046516885,1.4642734019508699,1.6952004863892938,1.1714242476200412,1.1416174625255953,0.9502774916322189,0.6811132586644835,4.906506923861271,6.806675863445548,4.906506923861199,Spiral,11,evaluation,0.03,fixed_stride_5,saturation_only_correction,0.3542447477942765,6.983316169222007,0.0,0.0,False,unbiased_M_times_M_minus_1,77,0.03078768492602959,2.510525167157445,2.1382740331159407,0.6493506493506493
SpiralScanPath_11,posterior-mean propagation,3.6109129986233175e-06,12.422901570529978,3.4305133895116966,0.17022272061337845,2,117,2,296.3525026623504,0.3183178740646247,0.32750193275730916,330.9114233717931,338.27784866345394,7.366425291660846,3.292627719934295,False,0.9984006397441023,0.9473684210526315,0.7253225971996811,1.356933266150698,11.462539370586974,12.324728341870804,17.305205103879217,1.0,False,0.9473684210526315,12.324728341870804,17.305205103879217,2.372984190927399,3.1279812182759748,1.356933266150698,1.517729209306091,1.098767274844998,1.0463671102380847,0.9140556428176311,0.6289032839253154,5.759450937985971,7.366425291660846,5.759450937986031,Spiral,11,evaluation,0.03,fixed_stride_5,saturation_only_correction,0.3169333238137085,7.543066109479184,0.0,0.0,False,unbiased_M_times_M_minus_1,77,0.03078768492602959,2.510525167157445,2.1382740331159407,0.6493506493506493
SpiralScanPath_11,full-posterior propagation,3.6109129986233175e-06,12.422901570529978,3.4305133895116966,0.17022272061337845,2,117,2,296.3525026623504,0.31933121333936326,0.32863875924790015,330.9114233717931,338.307747002787,7.396323630993891,3.3177067631287054,False,0.998000799680128,0.9342105263157895,0.7260880395653414,1.3689199944033081,11.473791860573261,12.370577233892973,16.49649036268659,1.0,False,0.9342105263157895,12.370577233892973,16.49649036268659,2.353489089449001,3.1208498947314616,1.3689199944033081,1.5450407857548647,1.114871844984186,1.0645292358055014,0.9202264304539719,0.6381279446627178,5.6062850528806605,7.396323630993891,5.606285052880641,Spiral,11,evaluation,0.03,fixed_stride_5,saturation_only_correction,0.3169333238137085,7.543066109479184,0.40863343774446426,0.451361815717784,True,unbiased_M_times_M_minus_1,77,0.03078768492602959,2.510525167157445,2.1382740331159407,0.6493506493506493
SpiralScanPath_12,clipped propagation,3.6109129986233175e-06,12.422901570529978,3.4305133895116966,0.17022272061337845,2,117,3,296.4285472031083,0.3412636667160737,0.35089287261297303,334.51052576547374,340.96231865227884,6.451792886805094,3.292627719934295,False,0.9972011195521792,0.9210526315789473,0.7301170989516345,1.4687956328672593,11.466578749854193,12.282663450896445,18.22401068856559,1.0,False,0.9210526315789473,12.282663450896445,18.22401068856559,2.6804553346532907,3.7034940647628307,1.4687956328672593,1.7237856028969434,1.203461166398311,1.259875107523514,0.9694743123037807,0.7657930348580062,4.713894265596668,6.451792886805094,4.713894265596705,Spiral,12,evaluation,0.03,fixed_stride_5,saturation_only_correction,0.345168503164132,6.3481238329868575,0.0,0.0,False,unbiased_M_times_M_minus_1,79,0.03158736505397841,2.4554211855889654,2.092668154393517,0.6075949367088608
SpiralScanPath_12,posterior-mean propagation,3.6109129986233175e-06,12.422901570529978,3.4305133895116966,0.17022272061337845,2,117,3,296.4285472031083,0.3157372899612355,0.3145509992413724,334.51052576547374,342.13649628685477,7.625970521381021,3.292627719934295,False,0.998000799680128,0.9473684210526315,0.726983954065998,1.3442035827693997,11.469489736951214,12.372509990928773,16.73316713790655,1.0,False,0.9473684210526315,12.372509990928773,16.73316713790655,2.2310874278377466,2.963021634371754,1.3442035827693997,1.5543762442225215,1.1474219218211577,1.190108669733424,0.9450984436497413,0.7294351677887846,5.461391516095778,7.625970521381021,5.461391516095828,Spiral,12,evaluation,0.03,fixed_stride_5,saturation_only_correction,0.30008531319814197,7.522301860277935,0.0,0.0,False,unbiased_M_times_M_minus_1,79,0.03158736505397841,2.4554211855889654,2.092668154393517,0.6075949367088608
SpiralScanPath_12,full-posterior propagation,3.6109129986233175e-06,12.422901570529978,3.4305133895116966,0.17022272061337845,2,117,3,296.4285472031083,0.31468216537979726,0.3147362916452817,334.51052576547374,342.29112433083924,7.780598565365494,3.350172221527959,False,0.9976009596161536,0.9342105263157895,0.7270772003195648,1.359883934939327,11.478040878827873,12.486766980093917,17.05624362197978,1.0,False,0.9342105263157895,12.486766980093917,17.05624362197978,2.2262804126922164,2.9070928246299843,1.359883934939327,1.582517848162543,1.145765957681353,1.19569737291426,0.9366537350888484,0.7311457365714413,5.71993346848063,7.780598565365494,5.719933468480589,Spiral,12,evaluation,0.03,fixed_stride_5,saturation_only_correction,0.30008531319814197,7.522301860277935,0.6296205210629308,0.47503056722125825,True,unbiased_M_times_M_minus_1,79,0.03158736505397841,2.4554211855889654,2.092668154393517,0.6075949367088608
SpiralScanPath_13,clipped propagation,3.6109129986233175e-06,12.422901570529978,3.4305133895116966,0.17022272061337845,2,117,2,296.4901280292387,0.33107962253231515,0.34559194044012675,335.7083806056465,334.43719163249074,1.2711889731557449,3.358508407575534,True,0.9976009596161536,0.9210526315789473,0.7283761511245348,1.4095010310891924,11.43892966643519,11.955993164859434,16.988960564653866,1.0,True,0.9210526315789473,11.955993164859434,16.988960564653866,2.5204424592351033,3.5460876718295733,1.4095010310891924,1.693509239049506,1.1353708307609898,1.1509198870305501,0.9335935126397339,0.7101565326414863,0.9616175964464613,1.2711889731557449,0.9616175964465066,Spiral,13,calibration,0.03,fixed_stride_5,saturation_only_correction,0.3387248758149263,1.2851290271030962,0.0,0.0,False,unbiased_M_times_M_minus_1,76,0.030387844862055178,2.575770072454711,2.309910217491491,0.5789473684210527
SpiralScanPath_13,posterior-mean propagation,3.6109129986233175e-06,12.422901570529978,3.4305133895116966,0.17022272061337845,2,117,2,296.4901280292387,0.31624284159626104,0.3191849141245063,335.7083806056465,336.3731840851186,0.6648034794721411,3.358508441670735,True,0.998000799680128,0.9342105263157895,0.7273115200738994,1.3379076815539974,11.446724991996737,12.324726227044602,15.646842858187043,1.0,True,0.9342105263157895,12.324726227044602,15.646842858187043,1.9688261829550489,2.391067467533352,1.3379076815539974,1.6145517287031645,1.125096252489054,1.1923194818574732,0.9336814254463723,0.7349210143810226,0.803605722099451,0.6648034794721411,0.8036057220994697,Spiral,13,calibration,0.03,fixed_stride_5,saturation_only_correction,0.29655645880100656,0.6512891479645759,0.0,0.0,False,unbiased_M_times_M_minus_1,76,0.030387844862055178,2.575770072454711,2.309910217491491,0.5789473684210527
SpiralScanPath_13,full-posterior propagation,3.6109129986233175e-06,12.422901570529978,3.4305133895116966,0.17022272061337845,2,117,2,296.4901280292387,0.31291484694290594,0.3156608928986152,335.7083806056465,336.3349323787424,0.6265517730959118,3.461167831947735,True,0.9984006397441023,0.9473684210526315,0.7273587841018556,1.3237059299097182,11.453777115315127,12.777136992483774,15.92787912307216,1.0,True,0.9473684210526315,12.777136992483774,15.92787912307216,1.9318413429303558,2.367422284878,1.3237059299097182,1.5762330008235719,1.114310887005337,1.1622613623444382,0.9258803266729171,0.7184813535994536,0.8631979018765286,0.6265517730959118,0.8631979018764571,Spiral,13,calibration,0.03,fixed_stride_5,saturation_only_correction,0.29655645880100656,0.6512891479645759,0.899729054434025,0.7984938750568891,True,unbiased_M_times_M_minus_1,76,0.030387844862055178,2.575770072454711,2.309910217491491,0.5789473684210527
