method,field_rel_l2,hot_region_rel_l2,peak_true,peak_pred,peak_abs_error,true_peak_x,true_peak_y,posterior_mean_at_true_peak,posterior_sd_at_true_peak,peak_ci_lower,peak_ci_upper,true_peak_in_95,shape,shape_label,obs_n,n_observations,n_saturated,actual_frac_saturated,selected_lengthscale,lengthscale,threshold
exact clipped,0.09439927743196509,0.23207283853592814,1302.3172913701162,894.9900906914357,407.32720067868047,0.36206896551724155,-0.1206896551724137,894.9900906914357,9.81835094833489,875.7461228326994,914.2340585501721,False,axis_gaussian,axis Gaussian,13,169,5,0.029585798816568046,1.5378623274296317,1.5378623274296317,840.9776073547857
discard saturated,0.09522471859169694,0.23379565414618902,1302.3172913701162,897.9646109272675,404.35268044284874,0.36206896551724155,-0.1206896551724137,897.9646109272675,17.08485030391895,864.4783043315863,931.4509175229487,False,axis_gaussian,axis Gaussian,13,169,5,0.029585798816568046,1.5378623274296317,1.5378623274296317,840.9776073547857
censored Laplace,0.08660664856717312,0.21008512493989412,1302.3172913701162,927.1466289440217,375.1706624260945,0.36206896551724155,-0.1206896551724137,927.1466289440217,14.292467008262006,899.1333936078281,955.1598642802153,False,axis_gaussian,axis Gaussian,13,169,5,0.029585798816568046,1.5378623274296317,1.5378623274296317,840.9776073547857
censored sampled,0.08594639138665162,0.2069921885659005,1302.3172913701162,932.1771596287659,370.1401317413503,0.36206896551724155,-0.1206896551724137,932.1771596287659,12.765761102668277,911.0410704241318,961.0067600967692,False,axis_gaussian,axis Gaussian,13,169,5,0.029585798816568046,1.5378623274296317,1.5378623274296317,840.9776073547857
oracle true,0.05317456287970435,0.08925932508691535,1302.3172913701162,1114.1027756052522,188.21451576486402,0.36206896551724155,-0.1206896551724137,1114.1027756052522,9.81835094833489,1094.8588077465158,1133.3467434639886,False,axis_gaussian,axis Gaussian,13,169,5,0.029585798816568046,1.5378623274296317,1.5378623274296317,840.9776073547857
exact clipped,0.09611209139188538,0.2344800196015848,1302.3172913701162,887.6555599655024,414.66173140461376,0.36206896551724155,-0.1206896551724137,887.6555599655024,8.692930397743627,870.6174163859249,904.69370354508,False,axis_gaussian,axis Gaussian,17,289,9,0.031141868512110725,1.3112578781297075,1.3112578781297075,808.9584790988589
discard saturated,0.07358502470431576,0.1766826775194812,1302.3172913701162,980.8119155506414,321.5053758194748,0.36206896551724155,-0.1206896551724137,980.8119155506414,17.305627495243037,946.892885659965,1014.7309454413178,False,axis_gaussian,axis Gaussian,17,289,9,0.031141868512110725,1.3112578781297075,1.3112578781297075,808.9584790988589
censored Laplace,0.06913711560301651,0.16472295895759617,1302.3172913701162,998.9649259196492,303.352365450467,0.36206896551724155,-0.1206896551724137,998.9649259196492,15.850305730077075,967.8983266886981,1030.0315251506004,False,axis_gaussian,axis Gaussian,17,289,9,0.031141868512110725,1.3112578781297075,1.3112578781297075,808.9584790988589
censored sampled,0.06881870173284793,0.16351258665457938,1302.3172913701162,1000.4635643374525,301.85372703266376,0.36206896551724155,-0.1206896551724137,1000.4635643374525,14.157529632777267,970.8432232565763,1026.8485011937953,False,axis_gaussian,axis Gaussian,17,289,9,0.031141868512110725,1.3112578781297075,1.3112578781297075,808.9584790988589
oracle true,0.032598846963591936,0.05246767781332599,1302.3172913701162,1190.1864336609528,112.13085770916337,0.36206896551724155,-0.1206896551724137,1190.1864336609528,8.692930397743627,1173.1482900813753,1207.2245772405304,False,axis_gaussian,axis Gaussian,17,289,9,0.031141868512110725,1.3112578781297075,1.3112578781297075,808.9584790988589
exact clipped,0.07405448445713124,0.1882907935247012,1302.3172913701162,972.1113491776072,330.20594219250904,0.36206896551724155,-0.1206896551724137,971.4262130305273,7.261438719582811,957.193793140145,985.6586329209096,False,axis_gaussian,axis Gaussian,21,441,14,0.031746031746031744,1.2789376597291802,1.2789376597291802,889.3309623529275
discard saturated,0.06981184154678537,0.17653777684413874,1302.3172913701162,998.024425573209,304.2928657969072,0.36206896551724155,-0.1206896551724137,991.1397074734108,15.942252967117302,959.8928916578609,1022.3865232889607,False,axis_gaussian,axis Gaussian,21,441,14,0.031746031746031744,1.2789376597291802,1.2789376597291802,889.3309623529275
censored Laplace,0.0549461363770048,0.13522713274179451,1302.3172913701162,1057.631745023279,244.6855463468371,0.36206896551724155,-0.1206896551724137,1057.431482571743,11.825157698007583,1034.254173483648,1080.6087916598378,False,axis_gaussian,axis Gaussian,21,441,14,0.031746031746031744,1.2789376597291802,1.2789376597291802,889.3309623529275
censored sampled,0.05519204501021879,0.1337208036970091,1302.3172913701162,1062.2781123515185,240.03917901859768,0.36206896551724155,-0.1206896551724137,1062.2781123515185,10.005817089604834,1043.406997886429,1082.1858964573546,False,axis_gaussian,axis Gaussian,21,441,14,0.031746031746031744,1.2789376597291802,1.2789376597291802,889.3309623529275
oracle true,0.027994825146636978,0.04383153114420425,1302.3172913701162,1207.1936988265911,95.12359254352509,0.36206896551724155,-0.1206896551724137,1207.1936988265911,7.261438719582811,1192.9612789362088,1221.4261187169734,False,axis_gaussian,axis Gaussian,21,441,14,0.031746031746031744,1.2789376597291802,1.2789376597291802,889.3309623529275
exact clipped,0.14987068903872827,0.33354280749552057,1561.3444342951848,808.7085936221469,752.6358406730379,0.12068965517241415,-0.1206896551724137,808.7085936221469,11.581324685248692,786.0091972390594,831.4079900052343,False,rotated_wake,rotated wake,13,169,6,0.03550295857988166,1.2680205263916642,1.2680205263916642,787.7703955326535
discard saturated,0.16328025855707873,0.36766113836901754,1561.3444342951848,751.9479028058798,809.396531489305,0.12068965517241415,-0.1206896551724137,751.9479028058798,21.04062709765739,710.7082736944714,793.1875319172883,False,rotated_wake,rotated wake,13,169,6,0.03550295857988166,1.2680205263916642,1.2680205263916642,787.7703955326535
censored Laplace,0.1462883400450255,0.3243531415708939,1561.3444342951848,826.2263370135082,735.1180972816766,0.12068965517241415,-0.1206896551724137,826.2263370135082,14.117458196171086,798.5561189490129,853.8965550780035,False,rotated_wake,rotated wake,13,169,6,0.03550295857988166,1.2680205263916642,1.2680205263916642,787.7703955326535
censored sampled,0.1449825879450406,0.3208997715917909,1561.3444342951848,832.4262977892874,728.9181365058973,0.12068965517241415,-0.1206896551724137,832.4262977892874,17.362110009423283,802.7350691854432,857.2492300369545,False,rotated_wake,rotated wake,13,169,6,0.03550295857988166,1.2680205263916642,1.2680205263916642,787.7703955326535
oracle true,0.09304409187021309,0.14192805737083916,1561.3444342951848,1205.6563530205008,355.688081274684,0.12068965517241415,-0.1206896551724137,1205.6563530205008,11.581324685248692,1182.9569566374134,1228.355749403588,False,rotated_wake,rotated wake,13,169,6,0.03550295857988166,1.2680205263916642,1.2680205263916642,787.7703955326535
exact clipped,0.11522375756595214,0.28263545941802,1561.3444342951848,934.2864552494851,627.0579790456997,0.12068965517241415,-0.1206896551724137,934.2864552494851,11.412229352820704,911.9184857179565,956.6544247810137,False,rotated_wake,rotated wake,17,289,10,0.03460207612456748,0.9619624626627753,0.9619624626627753,870.688775816073
discard saturated,0.121771620838831,0.29681515162902483,1561.3444342951848,955.824676752802,605.5197575423828,0.12068965517241415,-0.1206896551724137,944.7252152963541,28.277197173941996,889.3019088354279,1000.1485217572804,False,rotated_wake,rotated wake,17,289,10,0.03460207612456748,0.9619624626627753,0.9619624626627753,870.688775816073
censored Laplace,0.09851000073414422,0.2355595051432756,1561.3444342951848,1032.3105302073877,529.033904087797,0.12068965517241415,-0.1206896551724137,1032.3105302073877,20.63212660486643,991.8715620618495,1072.749498352926,False,rotated_wake,rotated wake,17,289,10,0.03460207612456748,0.9619624626627753,0.9619624626627753,870.688775816073
censored sampled,0.10423128081366353,0.25006390998856964,1561.3444342951848,1012.123132332718,549.2213019624668,0.12068965517241415,-0.1206896551724137,1012.123132332718,14.613599165540162,986.5440102375093,1037.965025584945,False,rotated_wake,rotated wake,17,289,10,0.03460207612456748,0.9619624626627753,0.9619624626627753,870.688775816073
oracle true,0.05549562943300384,0.08288349095606624,1561.3444342951848,1367.3514862906654,193.99294800451935,0.12068965517241415,-0.1206896551724137,1367.3514862906654,11.412229352820704,1344.9835167591368,1389.719455822194,False,rotated_wake,rotated wake,17,289,10,0.03460207612456748,0.9619624626627753,0.9619624626627753,870.688775816073
exact clipped,0.11304347085698413,0.2807427615419692,1561.3444342951848,938.1203290436337,623.2241052515511,0.12068965517241415,-0.1206896551724137,938.1203290436337,9.836144529675545,918.8414857654695,957.3991723217978,False,rotated_wake,rotated wake,21,441,14,0.031746031746031744,0.9074691731117374,0.9074691731117374,874.792886220778
discard saturated,0.10816522188335491,0.2654974403247173,1561.3444342951848,1015.9103520142002,545.4340822809846,0.12068965517241415,-0.1206896551724137,1009.5052850919641,22.916589949553703,964.5887687908388,1054.4218013930893,False,rotated_wake,rotated wake,21,441,14,0.031746031746031744,0.9074691731117374,0.9074691731117374,874.792886220778
censored Laplace,0.09317278838425132,0.22652612696686972,1561.3444342951848,1054.2718063089644,507.07262798622037,0.12068965517241415,-0.1206896551724137,1054.2718063089644,20.156196319646458,1014.7656615224573,1093.7779510954715,False,rotated_wake,rotated wake,21,441,14,0.031746031746031744,0.9074691731117374,0.9074691731117374,874.792886220778
censored sampled,0.09544847301886747,0.230001409566055,1561.3444342951848,1050.7410958896828,510.603338405502,0.12068965517241415,-0.1206896551724137,1050.7410958896828,12.297972154388047,1015.33435904044,1069.9919089763887,False,rotated_wake,rotated wake,21,441,14,0.031746031746031744,0.9074691731117374,0.9074691731117374,874.792886220778
oracle true,0.04643763750582233,0.06849230212073697,1561.3444342951848,1404.795105852993,156.54932844219184,0.12068965517241415,-0.1206896551724137,1404.795105852993,9.836144529675545,1385.516262574829,1424.073949131157,False,rotated_wake,rotated wake,21,441,14,0.031746031746031744,0.9074691731117374,0.9074691731117374,874.792886220778
exact clipped,0.15151293917545078,0.37627100469339175,1520.195695818044,712.6295903281483,807.5661054898957,0.6034482758620694,0.12068965517241415,703.9010944854002,10.506498871514006,683.3083566972327,724.4938322735677,False,laser_path,moving-laser path,13,169,3,0.01775147928994083,1.4218698714442377,1.4218698714442377,754.8036769832042
discard saturated,0.16209487991139399,0.41170225632888946,1520.195695818044,678.3855146764603,841.8101811415837,0.6034482758620694,0.12068965517241415,647.3083672621782,13.446232281938817,620.9537519895781,673.6629825347783,False,laser_path,moving-laser path,13,169,3,0.01775147928994083,1.4218698714442377,1.4218698714442377,754.8036769832042
censored Laplace,0.1511916692173566,0.37507405728550713,1520.195695818044,714.4021469987954,805.7935488192486,0.6034482758620694,0.12068965517241415,706.0152861397604,10.63252163702017,685.1755437312008,726.85502854832,False,laser_path,moving-laser path,13,169,3,0.01775147928994083,1.4218698714442377,1.4218698714442377,754.8036769832042
censored sampled,0.1536950212704435,0.38151234044874244,1520.195695818044,702.6127574265965,817.5829383914474,0.6034482758620694,0.12068965517241415,696.0387480588772,12.444982967859598,674.5749350217441,715.3178635425604,False,laser_path,moving-laser path,13,169,3,0.01775147928994083,1.4218698714442377,1.4218698714442377,754.8036769832042
oracle true,0.13031170085796248,0.2778077471023346,1520.195695818044,903.1839452842017,617.0117505338422,0.6034482758620694,0.12068965517241415,903.1839452842017,10.506498871514006,882.5912074960343,923.7766830723692,False,laser_path,moving-laser path,13,169,3,0.01775147928994083,1.4218698714442377,1.4218698714442377,754.8036769832042
exact clipped,0.13293928171729433,0.34021904092551136,1520.195695818044,775.648822888956,744.546872929088,0.6034482758620694,0.12068965517241415,775.648822888956,9.88468786648378,756.2748346706478,795.0228111072643,False,laser_path,moving-laser path,17,289,9,0.031141868512110725,1.1327948711443758,1.1327948711443758,790.7890913339897
discard saturated,0.15671151491056023,0.41181521793527304,1520.195695818044,685.8718174621521,834.3238783558919,0.6034482758620694,0.12068965517241415,685.8718174621521,15.021951171615948,656.4287931657848,715.3148417585194,False,laser_path,moving-laser path,17,289,9,0.031141868512110725,1.1327948711443758,1.1327948711443758,790.7890913339897
censored Laplace,0.13214015732854442,0.3373699197658323,1520.195695818044,780.9928019780281,739.2028938400159,0.6034482758620694,0.12068965517241415,780.9928019780281,10.236022440966522,760.9301979937337,801.0554059623224,False,laser_path,moving-laser path,17,289,9,0.031141868512110725,1.1327948711443758,1.1327948711443758,790.7890913339897
censored sampled,0.14559354396818328,0.3796427955462546,1520.195695818044,730.5893471946852,789.6063486233588,0.6034482758620694,0.12068965517241415,730.5893471946852,16.928372494749002,699.4818388419781,751.861508341511,False,laser_path,moving-laser path,17,289,9,0.031141868512110725,1.1327948711443758,1.1327948711443758,790.7890913339897
oracle true,0.1072024035755358,0.21464215981050333,1520.195695818044,1033.0154353075545,487.18026051048946,0.6034482758620694,0.12068965517241415,1033.0154353075545,9.88468786648378,1013.6414470892463,1052.3894235258626,False,laser_path,moving-laser path,17,289,9,0.031141868512110725,1.1327948711443758,1.1327948711443758,790.7890913339897
exact clipped,0.13262075227080422,0.3406384616241742,1520.195695818044,755.8837506332405,764.3119451848034,0.6034482758620694,0.12068965517241415,755.8837506332405,9.026304310745559,738.1921941841792,773.5753070823018,False,laser_path,moving-laser path,21,441,14,0.031746031746031744,0.9996685057625828,0.9996685057625828,759.9779434597364
discard saturated,0.1621619596973796,0.42541575056157993,1520.195695818044,669.4808418912202,850.7148539268238,0.6034482758620694,0.12068965517241415,623.8929427929764,17.067289826470287,590.4410547330947,657.3448308528582,False,laser_path,moving-laser path,21,441,14,0.031746031746031744,0.9996685057625828,0.9996685057625828,759.9779434597364
censored Laplace,0.13112421432106539,0.33601022632025823,1520.195695818044,764.8208205182567,755.3748752997873,0.6034482758620694,0.12068965517241415,764.8208205182567,9.685651900925883,745.836942792442,783.8046982440715,False,laser_path,moving-laser path,21,441,14,0.031746031746031744,0.9996685057625828,0.9996685057625828,759.9779434597364
censored sampled,0.15122163066596658,0.39410311855312824,1520.195695818044,690.751680892022,829.444014926022,0.6034482758620694,0.12068965517241415,674.2597399418165,10.244823314381525,654.8722518570409,690.8301661203079,False,laser_path,moving-laser path,21,441,14,0.031746031746031744,0.9996685057625828,0.9996685057625828,759.9779434597364
oracle true,0.0930290786112853,0.17675146975017653,1520.195695818044,1119.0955195548363,401.1001762632077,0.6034482758620694,0.12068965517241415,1119.0955195548363,9.026304310745559,1101.403963105775,1136.7870760038977,False,laser_path,moving-laser path,21,441,14,0.031746031746031744,0.9996685057625828,0.9996685057625828,759.9779434597364
